ISO-10303-21;
HEADER;
/* Generated by software containing ST-Developer
 * from STEP Tools, Inc. (www.steptools.com) 
 */

FILE_DESCRIPTION(
/* description */ (''),
/* implementation_level */ '2;1');

FILE_NAME(
/* name */ 'Rail wRuler_.step',
/* time_stamp */ '2024-07-01T16:06:03-07:00',
/* author */ (''),
/* organization */ (''),
/* preprocessor_version */ 'ST-DEVELOPER v20',
/* originating_system */ 'Autodesk Translation Framework v13.14.0.145',

/* authorisation */ '');

FILE_SCHEMA (('AUTOMOTIVE_DESIGN { 1 0 10303 214 3 1 1 }'));
ENDSEC;

DATA;
#10=MECHANICAL_DESIGN_GEOMETRIC_PRESENTATION_REPRESENTATION('',(#13),#19329);
#11=SHAPE_REPRESENTATION_RELATIONSHIP('SRR','None',#19336,#12);
#12=ADVANCED_BREP_SHAPE_REPRESENTATION('',(#14),#19328);
#13=STYLED_ITEM('',(#19346),#14);
#14=MANIFOLD_SOLID_BREP('Body1',#11945);
#15=TOROIDAL_SURFACE('',#12439,1.15,0.1);
#16=TOROIDAL_SURFACE('',#12692,0.649999999999999,0.1);
#17=TOROIDAL_SURFACE('',#12697,0.650000000000002,0.1);
#18=TOROIDAL_SURFACE('',#12702,0.15,0.1);
#19=TOROIDAL_SURFACE('',#12705,1.15,0.1);
#20=TOROIDAL_SURFACE('',#12717,0.15,0.1);
#21=TOROIDAL_SURFACE('',#12722,0.15,0.1);
#22=TOROIDAL_SURFACE('',#12728,0.15,0.1);
#23=TOROIDAL_SURFACE('',#12734,0.15,0.1);
#24=TOROIDAL_SURFACE('',#12739,0.15,0.1);
#25=TOROIDAL_SURFACE('',#12744,0.15,0.1);
#26=TOROIDAL_SURFACE('',#12756,0.649999999999999,0.1);
#27=TOROIDAL_SURFACE('',#12761,0.650000000000002,0.1);
#28=TOROIDAL_SURFACE('',#12766,0.15,0.1);
#29=B_SPLINE_CURVE_WITH_KNOTS('',3,(#18358,#18359,#18360,#18361,#18362,
#18363),.UNSPECIFIED.,.F.,.F.,(4,2,4),(-0.0495958707036904,-0.0368141916425404,
0.),.UNSPECIFIED.);
#30=B_SPLINE_CURVE_WITH_KNOTS('',3,(#18372,#18373,#18374,#18375,#18376,
#18377,#18378,#18379),.UNSPECIFIED.,.F.,.F.,(4,2,2,4),(0.106434079343657,
0.128491538730261,0.238590736782214,0.314569839308325),.UNSPECIFIED.);
#31=B_SPLINE_CURVE_WITH_KNOTS('',3,(#19105,#19106,#19107,#19108,#19109,
#19110,#19111,#19112),.UNSPECIFIED.,.F.,.F.,(4,2,2,4),(0.0495958707036327,
0.0739477581180037,0.111506742545822,0.149486807560737),.UNSPECIFIED.);
#32=B_SPLINE_CURVE_WITH_KNOTS('',3,(#19190,#19191,#19192,#19193,#19194,
#19195,#19196,#19197),.UNSPECIFIED.,.F.,.F.,(4,2,2,4),(1.10565830301708,
1.12994590817095,1.23285472686203,1.23376133893093),.UNSPECIFIED.);
#33=FACE_BOUND('',#1302,.T.);
#34=CYLINDRICAL_SURFACE('',#12262,0.1);
#35=CYLINDRICAL_SURFACE('',#12268,0.1);
#36=CYLINDRICAL_SURFACE('',#12434,0.375);
#37=CYLINDRICAL_SURFACE('',#12443,1.25);
#38=CYLINDRICAL_SURFACE('',#12687,0.25);
#39=CYLINDRICAL_SURFACE('',#12690,0.1);
#40=CYLINDRICAL_SURFACE('',#12695,0.1);
#41=CYLINDRICAL_SURFACE('',#12700,0.1);
#42=CYLINDRICAL_SURFACE('',#12706,0.25);
#43=CYLINDRICAL_SURFACE('',#12709,0.750000000000002);
#44=CYLINDRICAL_SURFACE('',#12712,0.749999999999999);
#45=CYLINDRICAL_SURFACE('',#12715,0.1);
#46=CYLINDRICAL_SURFACE('',#12720,0.1);
#47=CYLINDRICAL_SURFACE('',#12726,0.1);
#48=CYLINDRICAL_SURFACE('',#12732,0.1);
#49=CYLINDRICAL_SURFACE('',#12737,0.1);
#50=CYLINDRICAL_SURFACE('',#12742,0.1);
#51=CYLINDRICAL_SURFACE('',#12746,0.25);
#52=CYLINDRICAL_SURFACE('',#12749,0.25);
#53=CYLINDRICAL_SURFACE('',#12752,0.25);
#54=CYLINDRICAL_SURFACE('',#12754,0.1);
#55=CYLINDRICAL_SURFACE('',#12759,0.1);
#56=CYLINDRICAL_SURFACE('',#12764,0.1);
#57=CYLINDRICAL_SURFACE('',#12770,0.25);
#58=CYLINDRICAL_SURFACE('',#12772,0.25);
#59=CYLINDRICAL_SURFACE('',#12774,0.25);
#60=CIRCLE('',#12236,0.1);
#61=CIRCLE('',#12237,0.0399999999999985);
#62=CIRCLE('',#12240,0.1);
#63=CIRCLE('',#12241,0.0399999999999985);
#64=CIRCLE('',#12246,0.1);
#65=CIRCLE('',#12247,0.0400000190442);
#66=CIRCLE('',#12250,0.1);
#67=CIRCLE('',#12251,0.0400000190441989);
#68=CIRCLE('',#12254,0.1);
#69=CIRCLE('',#12255,0.04);
#70=CIRCLE('',#12258,0.1);
#71=CIRCLE('',#12259,0.04);
#72=CIRCLE('',#12263,0.0999999999999999);
#73=CIRCLE('',#12265,0.15);
#74=CIRCLE('',#12266,0.15);
#75=CIRCLE('',#12267,0.15);
#76=CIRCLE('',#12269,0.1);
#77=CIRCLE('',#12272,1.23660254037843);
#78=CIRCLE('',#12273,0.25);
#79=CIRCLE('',#12276,1.25);
#80=CIRCLE('',#12282,1.25);
#81=CIRCLE('',#12285,1.25);
#82=CIRCLE('',#12291,1.25);
#83=CIRCLE('',#12294,1.25);
#84=CIRCLE('',#12300,1.25);
#85=CIRCLE('',#12303,1.25);
#86=CIRCLE('',#12309,1.25);
#87=CIRCLE('',#12312,1.25);
#88=CIRCLE('',#12318,1.25);
#89=CIRCLE('',#12321,1.25);
#90=CIRCLE('',#12327,1.25);
#91=CIRCLE('',#12330,1.25);
#92=CIRCLE('',#12336,1.25);
#93=CIRCLE('',#12339,1.25);
#94=CIRCLE('',#12345,1.25);
#95=CIRCLE('',#12348,1.25);
#96=CIRCLE('',#12354,1.25);
#97=CIRCLE('',#12357,1.25);
#98=CIRCLE('',#12363,1.25);
#99=CIRCLE('',#12366,1.25);
#100=CIRCLE('',#12372,1.25);
#101=CIRCLE('',#12375,1.25);
#102=CIRCLE('',#12381,1.25);
#103=CIRCLE('',#12384,1.25);
#104=CIRCLE('',#12390,1.25);
#105=CIRCLE('',#12393,1.25);
#106=CIRCLE('',#12399,1.25);
#107=CIRCLE('',#12402,1.25);
#108=CIRCLE('',#12408,1.25);
#109=CIRCLE('',#12411,1.25);
#110=CIRCLE('',#12417,1.25);
#111=CIRCLE('',#12420,1.25);
#112=CIRCLE('',#12426,1.25);
#113=CIRCLE('',#12429,1.25);
#114=CIRCLE('',#12431,0.434999999999999);
#115=CIRCLE('',#12433,0.375);
#116=CIRCLE('',#12435,0.375);
#117=CIRCLE('',#12440,1.25);
#118=CIRCLE('',#12441,0.1);
#119=CIRCLE('',#12442,1.15);
#120=CIRCLE('',#12444,1.25);
#121=CIRCLE('',#12445,1.25);
#122=CIRCLE('',#12446,1.25);
#123=CIRCLE('',#12447,1.25);
#124=CIRCLE('',#12448,1.25);
#125=CIRCLE('',#12449,1.25);
#126=CIRCLE('',#12450,1.25);
#127=CIRCLE('',#12451,1.25);
#128=CIRCLE('',#12452,1.25);
#129=CIRCLE('',#12453,1.25);
#130=CIRCLE('',#12454,1.25);
#131=CIRCLE('',#12455,1.25);
#132=CIRCLE('',#12456,1.25);
#133=CIRCLE('',#12457,1.25);
#134=CIRCLE('',#12458,1.25);
#135=CIRCLE('',#12459,1.25);
#136=CIRCLE('',#12460,1.25);
#137=CIRCLE('',#12461,1.25);
#138=CIRCLE('',#12462,1.25);
#139=CIRCLE('',#12463,1.25);
#140=CIRCLE('',#12464,1.25);
#141=CIRCLE('',#12465,1.25);
#142=CIRCLE('',#12466,1.25);
#143=CIRCLE('',#12467,1.25);
#144=CIRCLE('',#12468,1.25);
#145=CIRCLE('',#12469,1.25);
#146=CIRCLE('',#12470,1.25);
#147=CIRCLE('',#12471,1.25);
#148=CIRCLE('',#12472,1.25);
#149=CIRCLE('',#12473,1.25);
#150=CIRCLE('',#12474,1.25);
#151=CIRCLE('',#12475,1.25);
#152=CIRCLE('',#12476,1.25);
#153=CIRCLE('',#12477,1.25);
#154=CIRCLE('',#12478,1.25);
#155=CIRCLE('',#12479,1.25);
#156=CIRCLE('',#12480,1.25);
#157=CIRCLE('',#12674,0.25);
#158=CIRCLE('',#12676,1.23660254037846);
#159=CIRCLE('',#12677,0.25);
#160=CIRCLE('',#12680,0.649999999999999);
#161=CIRCLE('',#12681,0.650000000000002);
#162=CIRCLE('',#12682,0.15);
#163=CIRCLE('',#12683,1.15);
#164=CIRCLE('',#12684,0.25);
#165=CIRCLE('',#12685,0.25);
#166=CIRCLE('',#12686,0.25);
#167=CIRCLE('',#12688,0.25);
#168=CIRCLE('',#12691,0.1);
#169=CIRCLE('',#12693,0.1);
#170=CIRCLE('',#12694,0.749999999999999);
#171=CIRCLE('',#12696,0.1);
#172=CIRCLE('',#12698,0.1);
#173=CIRCLE('',#12699,0.750000000000002);
#174=CIRCLE('',#12701,0.1);
#175=CIRCLE('',#12703,0.1);
#176=CIRCLE('',#12704,0.25);
#177=CIRCLE('',#12707,0.25);
#178=CIRCLE('',#12710,0.750000000000002);
#179=CIRCLE('',#12713,0.749999999999999);
#180=CIRCLE('',#12716,0.100000000000001);
#181=CIRCLE('',#12718,0.100000000000001);
#182=CIRCLE('',#12719,0.15);
#183=CIRCLE('',#12721,0.100000000000001);
#184=CIRCLE('',#12723,0.100000000000001);
#185=CIRCLE('',#12724,0.25);
#186=CIRCLE('',#12725,0.15);
#187=CIRCLE('',#12727,0.100000000000001);
#188=CIRCLE('',#12729,0.100000000000001);
#189=CIRCLE('',#12730,0.25);
#190=CIRCLE('',#12731,0.15);
#191=CIRCLE('',#12735,0.1);
#192=CIRCLE('',#12736,0.25);
#193=CIRCLE('',#12738,0.1);
#194=CIRCLE('',#12740,0.0999999999999999);
#195=CIRCLE('',#12741,0.25);
#196=CIRCLE('',#12743,0.0999999999999999);
#197=CIRCLE('',#12745,0.25);
#198=CIRCLE('',#12747,0.25);
#199=CIRCLE('',#12750,0.25);
#200=CIRCLE('',#12753,0.25);
#201=CIRCLE('',#12755,0.1);
#202=CIRCLE('',#12757,0.1);
#203=CIRCLE('',#12758,0.649999999999999);
#204=CIRCLE('',#12760,0.1);
#205=CIRCLE('',#12762,0.1);
#206=CIRCLE('',#12763,0.650000000000002);
#207=CIRCLE('',#12765,0.1);
#208=CIRCLE('',#12767,0.15);
#209=CONICAL_SURFACE('',#12235,0.0699999999999993,0.785398163397461);
#210=CONICAL_SURFACE('',#12239,0.0699999999999993,0.785398163397461);
#211=CONICAL_SURFACE('',#12245,0.0700000095221,0.785398163397457);
#212=CONICAL_SURFACE('',#12249,0.0700000095220995,0.785398163397466);
#213=CONICAL_SURFACE('',#12253,0.07,0.785398163397448);
#214=CONICAL_SURFACE('',#12257,0.07,0.785398163397449);
#215=CONICAL_SURFACE('',#12432,0.404999999999999,0.785398163397438);
#216=FACE_OUTER_BOUND('',#884,.T.);
#217=FACE_OUTER_BOUND('',#885,.T.);
#218=FACE_OUTER_BOUND('',#886,.T.);
#219=FACE_OUTER_BOUND('',#887,.T.);
#220=FACE_OUTER_BOUND('',#888,.T.);
#221=FACE_OUTER_BOUND('',#889,.T.);
#222=FACE_OUTER_BOUND('',#890,.T.);
#223=FACE_OUTER_BOUND('',#891,.T.);
#224=FACE_OUTER_BOUND('',#892,.T.);
#225=FACE_OUTER_BOUND('',#893,.T.);
#226=FACE_OUTER_BOUND('',#894,.T.);
#227=FACE_OUTER_BOUND('',#895,.T.);
#228=FACE_OUTER_BOUND('',#896,.T.);
#229=FACE_OUTER_BOUND('',#897,.T.);
#230=FACE_OUTER_BOUND('',#898,.T.);
#231=FACE_OUTER_BOUND('',#899,.T.);
#232=FACE_OUTER_BOUND('',#900,.T.);
#233=FACE_OUTER_BOUND('',#901,.T.);
#234=FACE_OUTER_BOUND('',#902,.T.);
#235=FACE_OUTER_BOUND('',#903,.T.);
#236=FACE_OUTER_BOUND('',#904,.T.);
#237=FACE_OUTER_BOUND('',#905,.T.);
#238=FACE_OUTER_BOUND('',#906,.T.);
#239=FACE_OUTER_BOUND('',#907,.T.);
#240=FACE_OUTER_BOUND('',#908,.T.);
#241=FACE_OUTER_BOUND('',#909,.T.);
#242=FACE_OUTER_BOUND('',#910,.T.);
#243=FACE_OUTER_BOUND('',#911,.T.);
#244=FACE_OUTER_BOUND('',#912,.T.);
#245=FACE_OUTER_BOUND('',#913,.T.);
#246=FACE_OUTER_BOUND('',#914,.T.);
#247=FACE_OUTER_BOUND('',#915,.T.);
#248=FACE_OUTER_BOUND('',#916,.T.);
#249=FACE_OUTER_BOUND('',#917,.T.);
#250=FACE_OUTER_BOUND('',#918,.T.);
#251=FACE_OUTER_BOUND('',#919,.T.);
#252=FACE_OUTER_BOUND('',#920,.T.);
#253=FACE_OUTER_BOUND('',#921,.T.);
#254=FACE_OUTER_BOUND('',#922,.T.);
#255=FACE_OUTER_BOUND('',#923,.T.);
#256=FACE_OUTER_BOUND('',#924,.T.);
#257=FACE_OUTER_BOUND('',#925,.T.);
#258=FACE_OUTER_BOUND('',#926,.T.);
#259=FACE_OUTER_BOUND('',#927,.T.);
#260=FACE_OUTER_BOUND('',#928,.T.);
#261=FACE_OUTER_BOUND('',#929,.T.);
#262=FACE_OUTER_BOUND('',#930,.T.);
#263=FACE_OUTER_BOUND('',#931,.T.);
#264=FACE_OUTER_BOUND('',#932,.T.);
#265=FACE_OUTER_BOUND('',#933,.T.);
#266=FACE_OUTER_BOUND('',#934,.T.);
#267=FACE_OUTER_BOUND('',#935,.T.);
#268=FACE_OUTER_BOUND('',#936,.T.);
#269=FACE_OUTER_BOUND('',#937,.T.);
#270=FACE_OUTER_BOUND('',#938,.T.);
#271=FACE_OUTER_BOUND('',#939,.T.);
#272=FACE_OUTER_BOUND('',#940,.T.);
#273=FACE_OUTER_BOUND('',#941,.T.);
#274=FACE_OUTER_BOUND('',#942,.T.);
#275=FACE_OUTER_BOUND('',#943,.T.);
#276=FACE_OUTER_BOUND('',#944,.T.);
#277=FACE_OUTER_BOUND('',#945,.T.);
#278=FACE_OUTER_BOUND('',#946,.T.);
#279=FACE_OUTER_BOUND('',#947,.T.);
#280=FACE_OUTER_BOUND('',#948,.T.);
#281=FACE_OUTER_BOUND('',#949,.T.);
#282=FACE_OUTER_BOUND('',#950,.T.);
#283=FACE_OUTER_BOUND('',#951,.T.);
#284=FACE_OUTER_BOUND('',#952,.T.);
#285=FACE_OUTER_BOUND('',#953,.T.);
#286=FACE_OUTER_BOUND('',#954,.T.);
#287=FACE_OUTER_BOUND('',#955,.T.);
#288=FACE_OUTER_BOUND('',#956,.T.);
#289=FACE_OUTER_BOUND('',#957,.T.);
#290=FACE_OUTER_BOUND('',#958,.T.);
#291=FACE_OUTER_BOUND('',#959,.T.);
#292=FACE_OUTER_BOUND('',#960,.T.);
#293=FACE_OUTER_BOUND('',#961,.T.);
#294=FACE_OUTER_BOUND('',#962,.T.);
#295=FACE_OUTER_BOUND('',#963,.T.);
#296=FACE_OUTER_BOUND('',#964,.T.);
#297=FACE_OUTER_BOUND('',#965,.T.);
#298=FACE_OUTER_BOUND('',#966,.T.);
#299=FACE_OUTER_BOUND('',#967,.T.);
#300=FACE_OUTER_BOUND('',#968,.T.);
#301=FACE_OUTER_BOUND('',#969,.T.);
#302=FACE_OUTER_BOUND('',#970,.T.);
#303=FACE_OUTER_BOUND('',#971,.T.);
#304=FACE_OUTER_BOUND('',#972,.T.);
#305=FACE_OUTER_BOUND('',#973,.T.);
#306=FACE_OUTER_BOUND('',#974,.T.);
#307=FACE_OUTER_BOUND('',#975,.T.);
#308=FACE_OUTER_BOUND('',#976,.T.);
#309=FACE_OUTER_BOUND('',#977,.T.);
#310=FACE_OUTER_BOUND('',#978,.T.);
#311=FACE_OUTER_BOUND('',#979,.T.);
#312=FACE_OUTER_BOUND('',#980,.T.);
#313=FACE_OUTER_BOUND('',#981,.T.);
#314=FACE_OUTER_BOUND('',#982,.T.);
#315=FACE_OUTER_BOUND('',#983,.T.);
#316=FACE_OUTER_BOUND('',#984,.T.);
#317=FACE_OUTER_BOUND('',#985,.T.);
#318=FACE_OUTER_BOUND('',#986,.T.);
#319=FACE_OUTER_BOUND('',#987,.T.);
#320=FACE_OUTER_BOUND('',#988,.T.);
#321=FACE_OUTER_BOUND('',#989,.T.);
#322=FACE_OUTER_BOUND('',#990,.T.);
#323=FACE_OUTER_BOUND('',#991,.T.);
#324=FACE_OUTER_BOUND('',#992,.T.);
#325=FACE_OUTER_BOUND('',#993,.T.);
#326=FACE_OUTER_BOUND('',#994,.T.);
#327=FACE_OUTER_BOUND('',#995,.T.);
#328=FACE_OUTER_BOUND('',#996,.T.);
#329=FACE_OUTER_BOUND('',#997,.T.);
#330=FACE_OUTER_BOUND('',#998,.T.);
#331=FACE_OUTER_BOUND('',#999,.T.);
#332=FACE_OUTER_BOUND('',#1000,.T.);
#333=FACE_OUTER_BOUND('',#1001,.T.);
#334=FACE_OUTER_BOUND('',#1002,.T.);
#335=FACE_OUTER_BOUND('',#1003,.T.);
#336=FACE_OUTER_BOUND('',#1004,.T.);
#337=FACE_OUTER_BOUND('',#1005,.T.);
#338=FACE_OUTER_BOUND('',#1006,.T.);
#339=FACE_OUTER_BOUND('',#1007,.T.);
#340=FACE_OUTER_BOUND('',#1008,.T.);
#341=FACE_OUTER_BOUND('',#1009,.T.);
#342=FACE_OUTER_BOUND('',#1010,.T.);
#343=FACE_OUTER_BOUND('',#1011,.T.);
#344=FACE_OUTER_BOUND('',#1012,.T.);
#345=FACE_OUTER_BOUND('',#1013,.T.);
#346=FACE_OUTER_BOUND('',#1014,.T.);
#347=FACE_OUTER_BOUND('',#1015,.T.);
#348=FACE_OUTER_BOUND('',#1016,.T.);
#349=FACE_OUTER_BOUND('',#1017,.T.);
#350=FACE_OUTER_BOUND('',#1018,.T.);
#351=FACE_OUTER_BOUND('',#1019,.T.);
#352=FACE_OUTER_BOUND('',#1020,.T.);
#353=FACE_OUTER_BOUND('',#1021,.T.);
#354=FACE_OUTER_BOUND('',#1022,.T.);
#355=FACE_OUTER_BOUND('',#1023,.T.);
#356=FACE_OUTER_BOUND('',#1024,.T.);
#357=FACE_OUTER_BOUND('',#1025,.T.);
#358=FACE_OUTER_BOUND('',#1026,.T.);
#359=FACE_OUTER_BOUND('',#1027,.T.);
#360=FACE_OUTER_BOUND('',#1028,.T.);
#361=FACE_OUTER_BOUND('',#1029,.T.);
#362=FACE_OUTER_BOUND('',#1030,.T.);
#363=FACE_OUTER_BOUND('',#1031,.T.);
#364=FACE_OUTER_BOUND('',#1032,.T.);
#365=FACE_OUTER_BOUND('',#1033,.T.);
#366=FACE_OUTER_BOUND('',#1034,.T.);
#367=FACE_OUTER_BOUND('',#1035,.T.);
#368=FACE_OUTER_BOUND('',#1036,.T.);
#369=FACE_OUTER_BOUND('',#1037,.T.);
#370=FACE_OUTER_BOUND('',#1038,.T.);
#371=FACE_OUTER_BOUND('',#1039,.T.);
#372=FACE_OUTER_BOUND('',#1040,.T.);
#373=FACE_OUTER_BOUND('',#1041,.T.);
#374=FACE_OUTER_BOUND('',#1042,.T.);
#375=FACE_OUTER_BOUND('',#1043,.T.);
#376=FACE_OUTER_BOUND('',#1044,.T.);
#377=FACE_OUTER_BOUND('',#1045,.T.);
#378=FACE_OUTER_BOUND('',#1046,.T.);
#379=FACE_OUTER_BOUND('',#1047,.T.);
#380=FACE_OUTER_BOUND('',#1048,.T.);
#381=FACE_OUTER_BOUND('',#1049,.T.);
#382=FACE_OUTER_BOUND('',#1050,.T.);
#383=FACE_OUTER_BOUND('',#1051,.T.);
#384=FACE_OUTER_BOUND('',#1052,.T.);
#385=FACE_OUTER_BOUND('',#1053,.T.);
#386=FACE_OUTER_BOUND('',#1054,.T.);
#387=FACE_OUTER_BOUND('',#1055,.T.);
#388=FACE_OUTER_BOUND('',#1056,.T.);
#389=FACE_OUTER_BOUND('',#1057,.T.);
#390=FACE_OUTER_BOUND('',#1058,.T.);
#391=FACE_OUTER_BOUND('',#1059,.T.);
#392=FACE_OUTER_BOUND('',#1060,.T.);
#393=FACE_OUTER_BOUND('',#1061,.T.);
#394=FACE_OUTER_BOUND('',#1062,.T.);
#395=FACE_OUTER_BOUND('',#1063,.T.);
#396=FACE_OUTER_BOUND('',#1064,.T.);
#397=FACE_OUTER_BOUND('',#1065,.T.);
#398=FACE_OUTER_BOUND('',#1066,.T.);
#399=FACE_OUTER_BOUND('',#1067,.T.);
#400=FACE_OUTER_BOUND('',#1068,.T.);
#401=FACE_OUTER_BOUND('',#1069,.T.);
#402=FACE_OUTER_BOUND('',#1070,.T.);
#403=FACE_OUTER_BOUND('',#1071,.T.);
#404=FACE_OUTER_BOUND('',#1072,.T.);
#405=FACE_OUTER_BOUND('',#1073,.T.);
#406=FACE_OUTER_BOUND('',#1074,.T.);
#407=FACE_OUTER_BOUND('',#1075,.T.);
#408=FACE_OUTER_BOUND('',#1076,.T.);
#409=FACE_OUTER_BOUND('',#1077,.T.);
#410=FACE_OUTER_BOUND('',#1078,.T.);
#411=FACE_OUTER_BOUND('',#1079,.T.);
#412=FACE_OUTER_BOUND('',#1080,.T.);
#413=FACE_OUTER_BOUND('',#1081,.T.);
#414=FACE_OUTER_BOUND('',#1082,.T.);
#415=FACE_OUTER_BOUND('',#1083,.T.);
#416=FACE_OUTER_BOUND('',#1084,.T.);
#417=FACE_OUTER_BOUND('',#1085,.T.);
#418=FACE_OUTER_BOUND('',#1086,.T.);
#419=FACE_OUTER_BOUND('',#1087,.T.);
#420=FACE_OUTER_BOUND('',#1088,.T.);
#421=FACE_OUTER_BOUND('',#1089,.T.);
#422=FACE_OUTER_BOUND('',#1090,.T.);
#423=FACE_OUTER_BOUND('',#1091,.T.);
#424=FACE_OUTER_BOUND('',#1092,.T.);
#425=FACE_OUTER_BOUND('',#1093,.T.);
#426=FACE_OUTER_BOUND('',#1094,.T.);
#427=FACE_OUTER_BOUND('',#1095,.T.);
#428=FACE_OUTER_BOUND('',#1096,.T.);
#429=FACE_OUTER_BOUND('',#1097,.T.);
#430=FACE_OUTER_BOUND('',#1098,.T.);
#431=FACE_OUTER_BOUND('',#1099,.T.);
#432=FACE_OUTER_BOUND('',#1100,.T.);
#433=FACE_OUTER_BOUND('',#1101,.T.);
#434=FACE_OUTER_BOUND('',#1102,.T.);
#435=FACE_OUTER_BOUND('',#1103,.T.);
#436=FACE_OUTER_BOUND('',#1104,.T.);
#437=FACE_OUTER_BOUND('',#1105,.T.);
#438=FACE_OUTER_BOUND('',#1106,.T.);
#439=FACE_OUTER_BOUND('',#1107,.T.);
#440=FACE_OUTER_BOUND('',#1108,.T.);
#441=FACE_OUTER_BOUND('',#1109,.T.);
#442=FACE_OUTER_BOUND('',#1110,.T.);
#443=FACE_OUTER_BOUND('',#1111,.T.);
#444=FACE_OUTER_BOUND('',#1112,.T.);
#445=FACE_OUTER_BOUND('',#1113,.T.);
#446=FACE_OUTER_BOUND('',#1114,.T.);
#447=FACE_OUTER_BOUND('',#1115,.T.);
#448=FACE_OUTER_BOUND('',#1116,.T.);
#449=FACE_OUTER_BOUND('',#1117,.T.);
#450=FACE_OUTER_BOUND('',#1118,.T.);
#451=FACE_OUTER_BOUND('',#1119,.T.);
#452=FACE_OUTER_BOUND('',#1120,.T.);
#453=FACE_OUTER_BOUND('',#1121,.T.);
#454=FACE_OUTER_BOUND('',#1122,.T.);
#455=FACE_OUTER_BOUND('',#1123,.T.);
#456=FACE_OUTER_BOUND('',#1124,.T.);
#457=FACE_OUTER_BOUND('',#1125,.T.);
#458=FACE_OUTER_BOUND('',#1126,.T.);
#459=FACE_OUTER_BOUND('',#1127,.T.);
#460=FACE_OUTER_BOUND('',#1128,.T.);
#461=FACE_OUTER_BOUND('',#1129,.T.);
#462=FACE_OUTER_BOUND('',#1130,.T.);
#463=FACE_OUTER_BOUND('',#1131,.T.);
#464=FACE_OUTER_BOUND('',#1132,.T.);
#465=FACE_OUTER_BOUND('',#1133,.T.);
#466=FACE_OUTER_BOUND('',#1134,.T.);
#467=FACE_OUTER_BOUND('',#1135,.T.);
#468=FACE_OUTER_BOUND('',#1136,.T.);
#469=FACE_OUTER_BOUND('',#1137,.T.);
#470=FACE_OUTER_BOUND('',#1138,.T.);
#471=FACE_OUTER_BOUND('',#1139,.T.);
#472=FACE_OUTER_BOUND('',#1140,.T.);
#473=FACE_OUTER_BOUND('',#1141,.T.);
#474=FACE_OUTER_BOUND('',#1142,.T.);
#475=FACE_OUTER_BOUND('',#1143,.T.);
#476=FACE_OUTER_BOUND('',#1144,.T.);
#477=FACE_OUTER_BOUND('',#1145,.T.);
#478=FACE_OUTER_BOUND('',#1146,.T.);
#479=FACE_OUTER_BOUND('',#1147,.T.);
#480=FACE_OUTER_BOUND('',#1148,.T.);
#481=FACE_OUTER_BOUND('',#1149,.T.);
#482=FACE_OUTER_BOUND('',#1150,.T.);
#483=FACE_OUTER_BOUND('',#1151,.T.);
#484=FACE_OUTER_BOUND('',#1152,.T.);
#485=FACE_OUTER_BOUND('',#1153,.T.);
#486=FACE_OUTER_BOUND('',#1154,.T.);
#487=FACE_OUTER_BOUND('',#1155,.T.);
#488=FACE_OUTER_BOUND('',#1156,.T.);
#489=FACE_OUTER_BOUND('',#1157,.T.);
#490=FACE_OUTER_BOUND('',#1158,.T.);
#491=FACE_OUTER_BOUND('',#1159,.T.);
#492=FACE_OUTER_BOUND('',#1160,.T.);
#493=FACE_OUTER_BOUND('',#1161,.T.);
#494=FACE_OUTER_BOUND('',#1162,.T.);
#495=FACE_OUTER_BOUND('',#1163,.T.);
#496=FACE_OUTER_BOUND('',#1164,.T.);
#497=FACE_OUTER_BOUND('',#1165,.T.);
#498=FACE_OUTER_BOUND('',#1166,.T.);
#499=FACE_OUTER_BOUND('',#1167,.T.);
#500=FACE_OUTER_BOUND('',#1168,.T.);
#501=FACE_OUTER_BOUND('',#1169,.T.);
#502=FACE_OUTER_BOUND('',#1170,.T.);
#503=FACE_OUTER_BOUND('',#1171,.T.);
#504=FACE_OUTER_BOUND('',#1172,.T.);
#505=FACE_OUTER_BOUND('',#1173,.T.);
#506=FACE_OUTER_BOUND('',#1174,.T.);
#507=FACE_OUTER_BOUND('',#1175,.T.);
#508=FACE_OUTER_BOUND('',#1176,.T.);
#509=FACE_OUTER_BOUND('',#1177,.T.);
#510=FACE_OUTER_BOUND('',#1178,.T.);
#511=FACE_OUTER_BOUND('',#1179,.T.);
#512=FACE_OUTER_BOUND('',#1180,.T.);
#513=FACE_OUTER_BOUND('',#1181,.T.);
#514=FACE_OUTER_BOUND('',#1182,.T.);
#515=FACE_OUTER_BOUND('',#1183,.T.);
#516=FACE_OUTER_BOUND('',#1184,.T.);
#517=FACE_OUTER_BOUND('',#1185,.T.);
#518=FACE_OUTER_BOUND('',#1186,.T.);
#519=FACE_OUTER_BOUND('',#1187,.T.);
#520=FACE_OUTER_BOUND('',#1188,.T.);
#521=FACE_OUTER_BOUND('',#1189,.T.);
#522=FACE_OUTER_BOUND('',#1190,.T.);
#523=FACE_OUTER_BOUND('',#1191,.T.);
#524=FACE_OUTER_BOUND('',#1192,.T.);
#525=FACE_OUTER_BOUND('',#1193,.T.);
#526=FACE_OUTER_BOUND('',#1194,.T.);
#527=FACE_OUTER_BOUND('',#1195,.T.);
#528=FACE_OUTER_BOUND('',#1196,.T.);
#529=FACE_OUTER_BOUND('',#1197,.T.);
#530=FACE_OUTER_BOUND('',#1198,.T.);
#531=FACE_OUTER_BOUND('',#1199,.T.);
#532=FACE_OUTER_BOUND('',#1200,.T.);
#533=FACE_OUTER_BOUND('',#1201,.T.);
#534=FACE_OUTER_BOUND('',#1202,.T.);
#535=FACE_OUTER_BOUND('',#1203,.T.);
#536=FACE_OUTER_BOUND('',#1204,.T.);
#537=FACE_OUTER_BOUND('',#1205,.T.);
#538=FACE_OUTER_BOUND('',#1206,.T.);
#539=FACE_OUTER_BOUND('',#1207,.T.);
#540=FACE_OUTER_BOUND('',#1208,.T.);
#541=FACE_OUTER_BOUND('',#1209,.T.);
#542=FACE_OUTER_BOUND('',#1210,.T.);
#543=FACE_OUTER_BOUND('',#1211,.T.);
#544=FACE_OUTER_BOUND('',#1212,.T.);
#545=FACE_OUTER_BOUND('',#1213,.T.);
#546=FACE_OUTER_BOUND('',#1214,.T.);
#547=FACE_OUTER_BOUND('',#1215,.T.);
#548=FACE_OUTER_BOUND('',#1216,.T.);
#549=FACE_OUTER_BOUND('',#1217,.T.);
#550=FACE_OUTER_BOUND('',#1218,.T.);
#551=FACE_OUTER_BOUND('',#1219,.T.);
#552=FACE_OUTER_BOUND('',#1220,.T.);
#553=FACE_OUTER_BOUND('',#1221,.T.);
#554=FACE_OUTER_BOUND('',#1222,.T.);
#555=FACE_OUTER_BOUND('',#1223,.T.);
#556=FACE_OUTER_BOUND('',#1224,.T.);
#557=FACE_OUTER_BOUND('',#1225,.T.);
#558=FACE_OUTER_BOUND('',#1226,.T.);
#559=FACE_OUTER_BOUND('',#1227,.T.);
#560=FACE_OUTER_BOUND('',#1228,.T.);
#561=FACE_OUTER_BOUND('',#1229,.T.);
#562=FACE_OUTER_BOUND('',#1230,.T.);
#563=FACE_OUTER_BOUND('',#1231,.T.);
#564=FACE_OUTER_BOUND('',#1232,.T.);
#565=FACE_OUTER_BOUND('',#1233,.T.);
#566=FACE_OUTER_BOUND('',#1234,.T.);
#567=FACE_OUTER_BOUND('',#1235,.T.);
#568=FACE_OUTER_BOUND('',#1236,.T.);
#569=FACE_OUTER_BOUND('',#1237,.T.);
#570=FACE_OUTER_BOUND('',#1238,.T.);
#571=FACE_OUTER_BOUND('',#1239,.T.);
#572=FACE_OUTER_BOUND('',#1240,.T.);
#573=FACE_OUTER_BOUND('',#1241,.T.);
#574=FACE_OUTER_BOUND('',#1242,.T.);
#575=FACE_OUTER_BOUND('',#1243,.T.);
#576=FACE_OUTER_BOUND('',#1244,.T.);
#577=FACE_OUTER_BOUND('',#1245,.T.);
#578=FACE_OUTER_BOUND('',#1246,.T.);
#579=FACE_OUTER_BOUND('',#1247,.T.);
#580=FACE_OUTER_BOUND('',#1248,.T.);
#581=FACE_OUTER_BOUND('',#1249,.T.);
#582=FACE_OUTER_BOUND('',#1250,.T.);
#583=FACE_OUTER_BOUND('',#1251,.T.);
#584=FACE_OUTER_BOUND('',#1252,.T.);
#585=FACE_OUTER_BOUND('',#1253,.T.);
#586=FACE_OUTER_BOUND('',#1254,.T.);
#587=FACE_OUTER_BOUND('',#1255,.T.);
#588=FACE_OUTER_BOUND('',#1256,.T.);
#589=FACE_OUTER_BOUND('',#1257,.T.);
#590=FACE_OUTER_BOUND('',#1258,.T.);
#591=FACE_OUTER_BOUND('',#1259,.T.);
#592=FACE_OUTER_BOUND('',#1260,.T.);
#593=FACE_OUTER_BOUND('',#1261,.T.);
#594=FACE_OUTER_BOUND('',#1262,.T.);
#595=FACE_OUTER_BOUND('',#1263,.T.);
#596=FACE_OUTER_BOUND('',#1264,.T.);
#597=FACE_OUTER_BOUND('',#1265,.T.);
#598=FACE_OUTER_BOUND('',#1266,.T.);
#599=FACE_OUTER_BOUND('',#1267,.T.);
#600=FACE_OUTER_BOUND('',#1268,.T.);
#601=FACE_OUTER_BOUND('',#1269,.T.);
#602=FACE_OUTER_BOUND('',#1270,.T.);
#603=FACE_OUTER_BOUND('',#1271,.T.);
#604=FACE_OUTER_BOUND('',#1272,.T.);
#605=FACE_OUTER_BOUND('',#1273,.T.);
#606=FACE_OUTER_BOUND('',#1274,.T.);
#607=FACE_OUTER_BOUND('',#1275,.T.);
#608=FACE_OUTER_BOUND('',#1276,.T.);
#609=FACE_OUTER_BOUND('',#1277,.T.);
#610=FACE_OUTER_BOUND('',#1278,.T.);
#611=FACE_OUTER_BOUND('',#1279,.T.);
#612=FACE_OUTER_BOUND('',#1280,.T.);
#613=FACE_OUTER_BOUND('',#1281,.T.);
#614=FACE_OUTER_BOUND('',#1282,.T.);
#615=FACE_OUTER_BOUND('',#1283,.T.);
#616=FACE_OUTER_BOUND('',#1284,.T.);
#617=FACE_OUTER_BOUND('',#1285,.T.);
#618=FACE_OUTER_BOUND('',#1286,.T.);
#619=FACE_OUTER_BOUND('',#1287,.T.);
#620=FACE_OUTER_BOUND('',#1288,.T.);
#621=FACE_OUTER_BOUND('',#1289,.T.);
#622=FACE_OUTER_BOUND('',#1290,.T.);
#623=FACE_OUTER_BOUND('',#1291,.T.);
#624=FACE_OUTER_BOUND('',#1292,.T.);
#625=FACE_OUTER_BOUND('',#1293,.T.);
#626=FACE_OUTER_BOUND('',#1294,.T.);
#627=FACE_OUTER_BOUND('',#1295,.T.);
#628=FACE_OUTER_BOUND('',#1296,.T.);
#629=FACE_OUTER_BOUND('',#1297,.T.);
#630=FACE_OUTER_BOUND('',#1298,.T.);
#631=FACE_OUTER_BOUND('',#1299,.T.);
#632=FACE_OUTER_BOUND('',#1300,.T.);
#633=FACE_OUTER_BOUND('',#1301,.T.);
#634=FACE_OUTER_BOUND('',#1303,.T.);
#635=FACE_OUTER_BOUND('',#1304,.T.);
#636=FACE_OUTER_BOUND('',#1305,.T.);
#637=FACE_OUTER_BOUND('',#1306,.T.);
#638=FACE_OUTER_BOUND('',#1307,.T.);
#639=FACE_OUTER_BOUND('',#1308,.T.);
#640=FACE_OUTER_BOUND('',#1309,.T.);
#641=FACE_OUTER_BOUND('',#1310,.T.);
#642=FACE_OUTER_BOUND('',#1311,.T.);
#643=FACE_OUTER_BOUND('',#1312,.T.);
#644=FACE_OUTER_BOUND('',#1313,.T.);
#645=FACE_OUTER_BOUND('',#1314,.T.);
#646=FACE_OUTER_BOUND('',#1315,.T.);
#647=FACE_OUTER_BOUND('',#1316,.T.);
#648=FACE_OUTER_BOUND('',#1317,.T.);
#649=FACE_OUTER_BOUND('',#1318,.T.);
#650=FACE_OUTER_BOUND('',#1319,.T.);
#651=FACE_OUTER_BOUND('',#1320,.T.);
#652=FACE_OUTER_BOUND('',#1321,.T.);
#653=FACE_OUTER_BOUND('',#1322,.T.);
#654=FACE_OUTER_BOUND('',#1323,.T.);
#655=FACE_OUTER_BOUND('',#1324,.T.);
#656=FACE_OUTER_BOUND('',#1325,.T.);
#657=FACE_OUTER_BOUND('',#1326,.T.);
#658=FACE_OUTER_BOUND('',#1327,.T.);
#659=FACE_OUTER_BOUND('',#1328,.T.);
#660=FACE_OUTER_BOUND('',#1329,.T.);
#661=FACE_OUTER_BOUND('',#1330,.T.);
#662=FACE_OUTER_BOUND('',#1331,.T.);
#663=FACE_OUTER_BOUND('',#1332,.T.);
#664=FACE_OUTER_BOUND('',#1333,.T.);
#665=FACE_OUTER_BOUND('',#1334,.T.);
#666=FACE_OUTER_BOUND('',#1335,.T.);
#667=FACE_OUTER_BOUND('',#1336,.T.);
#668=FACE_OUTER_BOUND('',#1337,.T.);
#669=FACE_OUTER_BOUND('',#1338,.T.);
#670=FACE_OUTER_BOUND('',#1339,.T.);
#671=FACE_OUTER_BOUND('',#1340,.T.);
#672=FACE_OUTER_BOUND('',#1341,.T.);
#673=FACE_OUTER_BOUND('',#1342,.T.);
#674=FACE_OUTER_BOUND('',#1343,.T.);
#675=FACE_OUTER_BOUND('',#1344,.T.);
#676=FACE_OUTER_BOUND('',#1345,.T.);
#677=FACE_OUTER_BOUND('',#1346,.T.);
#678=FACE_OUTER_BOUND('',#1347,.T.);
#679=FACE_OUTER_BOUND('',#1348,.T.);
#680=FACE_OUTER_BOUND('',#1349,.T.);
#681=FACE_OUTER_BOUND('',#1350,.T.);
#682=FACE_OUTER_BOUND('',#1351,.T.);
#683=FACE_OUTER_BOUND('',#1352,.T.);
#684=FACE_OUTER_BOUND('',#1353,.T.);
#685=FACE_OUTER_BOUND('',#1354,.T.);
#686=FACE_OUTER_BOUND('',#1355,.T.);
#687=FACE_OUTER_BOUND('',#1356,.T.);
#688=FACE_OUTER_BOUND('',#1357,.T.);
#689=FACE_OUTER_BOUND('',#1358,.T.);
#690=FACE_OUTER_BOUND('',#1359,.T.);
#691=FACE_OUTER_BOUND('',#1360,.T.);
#692=FACE_OUTER_BOUND('',#1361,.T.);
#693=FACE_OUTER_BOUND('',#1362,.T.);
#694=FACE_OUTER_BOUND('',#1363,.T.);
#695=FACE_OUTER_BOUND('',#1364,.T.);
#696=FACE_OUTER_BOUND('',#1365,.T.);
#697=FACE_OUTER_BOUND('',#1366,.T.);
#698=FACE_OUTER_BOUND('',#1367,.T.);
#699=FACE_OUTER_BOUND('',#1368,.T.);
#700=FACE_OUTER_BOUND('',#1369,.T.);
#701=FACE_OUTER_BOUND('',#1370,.T.);
#702=FACE_OUTER_BOUND('',#1371,.T.);
#703=FACE_OUTER_BOUND('',#1372,.T.);
#704=FACE_OUTER_BOUND('',#1373,.T.);
#705=FACE_OUTER_BOUND('',#1374,.T.);
#706=FACE_OUTER_BOUND('',#1375,.T.);
#707=FACE_OUTER_BOUND('',#1376,.T.);
#708=FACE_OUTER_BOUND('',#1377,.T.);
#709=FACE_OUTER_BOUND('',#1378,.T.);
#710=FACE_OUTER_BOUND('',#1379,.T.);
#711=FACE_OUTER_BOUND('',#1380,.T.);
#712=FACE_OUTER_BOUND('',#1381,.T.);
#713=FACE_OUTER_BOUND('',#1382,.T.);
#714=FACE_OUTER_BOUND('',#1383,.T.);
#715=FACE_OUTER_BOUND('',#1384,.T.);
#716=FACE_OUTER_BOUND('',#1385,.T.);
#717=FACE_OUTER_BOUND('',#1386,.T.);
#718=FACE_OUTER_BOUND('',#1387,.T.);
#719=FACE_OUTER_BOUND('',#1388,.T.);
#720=FACE_OUTER_BOUND('',#1389,.T.);
#721=FACE_OUTER_BOUND('',#1390,.T.);
#722=FACE_OUTER_BOUND('',#1391,.T.);
#723=FACE_OUTER_BOUND('',#1392,.T.);
#724=FACE_OUTER_BOUND('',#1393,.T.);
#725=FACE_OUTER_BOUND('',#1394,.T.);
#726=FACE_OUTER_BOUND('',#1395,.T.);
#727=FACE_OUTER_BOUND('',#1396,.T.);
#728=FACE_OUTER_BOUND('',#1397,.T.);
#729=FACE_OUTER_BOUND('',#1398,.T.);
#730=FACE_OUTER_BOUND('',#1399,.T.);
#731=FACE_OUTER_BOUND('',#1400,.T.);
#732=FACE_OUTER_BOUND('',#1401,.T.);
#733=FACE_OUTER_BOUND('',#1402,.T.);
#734=FACE_OUTER_BOUND('',#1403,.T.);
#735=FACE_OUTER_BOUND('',#1404,.T.);
#736=FACE_OUTER_BOUND('',#1405,.T.);
#737=FACE_OUTER_BOUND('',#1406,.T.);
#738=FACE_OUTER_BOUND('',#1407,.T.);
#739=FACE_OUTER_BOUND('',#1408,.T.);
#740=FACE_OUTER_BOUND('',#1409,.T.);
#741=FACE_OUTER_BOUND('',#1410,.T.);
#742=FACE_OUTER_BOUND('',#1411,.T.);
#743=FACE_OUTER_BOUND('',#1412,.T.);
#744=FACE_OUTER_BOUND('',#1413,.T.);
#745=FACE_OUTER_BOUND('',#1414,.T.);
#746=FACE_OUTER_BOUND('',#1415,.T.);
#747=FACE_OUTER_BOUND('',#1416,.T.);
#748=FACE_OUTER_BOUND('',#1417,.T.);
#749=FACE_OUTER_BOUND('',#1418,.T.);
#750=FACE_OUTER_BOUND('',#1419,.T.);
#751=FACE_OUTER_BOUND('',#1420,.T.);
#752=FACE_OUTER_BOUND('',#1421,.T.);
#753=FACE_OUTER_BOUND('',#1422,.T.);
#754=FACE_OUTER_BOUND('',#1423,.T.);
#755=FACE_OUTER_BOUND('',#1424,.T.);
#756=FACE_OUTER_BOUND('',#1425,.T.);
#757=FACE_OUTER_BOUND('',#1426,.T.);
#758=FACE_OUTER_BOUND('',#1427,.T.);
#759=FACE_OUTER_BOUND('',#1428,.T.);
#760=FACE_OUTER_BOUND('',#1429,.T.);
#761=FACE_OUTER_BOUND('',#1430,.T.);
#762=FACE_OUTER_BOUND('',#1431,.T.);
#763=FACE_OUTER_BOUND('',#1432,.T.);
#764=FACE_OUTER_BOUND('',#1433,.T.);
#765=FACE_OUTER_BOUND('',#1434,.T.);
#766=FACE_OUTER_BOUND('',#1435,.T.);
#767=FACE_OUTER_BOUND('',#1436,.T.);
#768=FACE_OUTER_BOUND('',#1437,.T.);
#769=FACE_OUTER_BOUND('',#1438,.T.);
#770=FACE_OUTER_BOUND('',#1439,.T.);
#771=FACE_OUTER_BOUND('',#1440,.T.);
#772=FACE_OUTER_BOUND('',#1441,.T.);
#773=FACE_OUTER_BOUND('',#1442,.T.);
#774=FACE_OUTER_BOUND('',#1443,.T.);
#775=FACE_OUTER_BOUND('',#1444,.T.);
#776=FACE_OUTER_BOUND('',#1445,.T.);
#777=FACE_OUTER_BOUND('',#1446,.T.);
#778=FACE_OUTER_BOUND('',#1447,.T.);
#779=FACE_OUTER_BOUND('',#1448,.T.);
#780=FACE_OUTER_BOUND('',#1449,.T.);
#781=FACE_OUTER_BOUND('',#1450,.T.);
#782=FACE_OUTER_BOUND('',#1451,.T.);
#783=FACE_OUTER_BOUND('',#1452,.T.);
#784=FACE_OUTER_BOUND('',#1453,.T.);
#785=FACE_OUTER_BOUND('',#1454,.T.);
#786=FACE_OUTER_BOUND('',#1455,.T.);
#787=FACE_OUTER_BOUND('',#1456,.T.);
#788=FACE_OUTER_BOUND('',#1457,.T.);
#789=FACE_OUTER_BOUND('',#1458,.T.);
#790=FACE_OUTER_BOUND('',#1459,.T.);
#791=FACE_OUTER_BOUND('',#1460,.T.);
#792=FACE_OUTER_BOUND('',#1461,.T.);
#793=FACE_OUTER_BOUND('',#1462,.T.);
#794=FACE_OUTER_BOUND('',#1463,.T.);
#795=FACE_OUTER_BOUND('',#1464,.T.);
#796=FACE_OUTER_BOUND('',#1465,.T.);
#797=FACE_OUTER_BOUND('',#1466,.T.);
#798=FACE_OUTER_BOUND('',#1467,.T.);
#799=FACE_OUTER_BOUND('',#1468,.T.);
#800=FACE_OUTER_BOUND('',#1469,.T.);
#801=FACE_OUTER_BOUND('',#1470,.T.);
#802=FACE_OUTER_BOUND('',#1471,.T.);
#803=FACE_OUTER_BOUND('',#1472,.T.);
#804=FACE_OUTER_BOUND('',#1473,.T.);
#805=FACE_OUTER_BOUND('',#1474,.T.);
#806=FACE_OUTER_BOUND('',#1475,.T.);
#807=FACE_OUTER_BOUND('',#1476,.T.);
#808=FACE_OUTER_BOUND('',#1477,.T.);
#809=FACE_OUTER_BOUND('',#1478,.T.);
#810=FACE_OUTER_BOUND('',#1479,.T.);
#811=FACE_OUTER_BOUND('',#1480,.T.);
#812=FACE_OUTER_BOUND('',#1481,.T.);
#813=FACE_OUTER_BOUND('',#1482,.T.);
#814=FACE_OUTER_BOUND('',#1483,.T.);
#815=FACE_OUTER_BOUND('',#1484,.T.);
#816=FACE_OUTER_BOUND('',#1485,.T.);
#817=FACE_OUTER_BOUND('',#1486,.T.);
#818=FACE_OUTER_BOUND('',#1487,.T.);
#819=FACE_OUTER_BOUND('',#1488,.T.);
#820=FACE_OUTER_BOUND('',#1489,.T.);
#821=FACE_OUTER_BOUND('',#1490,.T.);
#822=FACE_OUTER_BOUND('',#1491,.T.);
#823=FACE_OUTER_BOUND('',#1492,.T.);
#824=FACE_OUTER_BOUND('',#1493,.T.);
#825=FACE_OUTER_BOUND('',#1494,.T.);
#826=FACE_OUTER_BOUND('',#1495,.T.);
#827=FACE_OUTER_BOUND('',#1496,.T.);
#828=FACE_OUTER_BOUND('',#1497,.T.);
#829=FACE_OUTER_BOUND('',#1498,.T.);
#830=FACE_OUTER_BOUND('',#1499,.T.);
#831=FACE_OUTER_BOUND('',#1500,.T.);
#832=FACE_OUTER_BOUND('',#1501,.T.);
#833=FACE_OUTER_BOUND('',#1502,.T.);
#834=FACE_OUTER_BOUND('',#1503,.T.);
#835=FACE_OUTER_BOUND('',#1504,.T.);
#836=FACE_OUTER_BOUND('',#1505,.T.);
#837=FACE_OUTER_BOUND('',#1506,.T.);
#838=FACE_OUTER_BOUND('',#1507,.T.);
#839=FACE_OUTER_BOUND('',#1508,.T.);
#840=FACE_OUTER_BOUND('',#1509,.T.);
#841=FACE_OUTER_BOUND('',#1510,.T.);
#842=FACE_OUTER_BOUND('',#1511,.T.);
#843=FACE_OUTER_BOUND('',#1512,.T.);
#844=FACE_OUTER_BOUND('',#1513,.T.);
#845=FACE_OUTER_BOUND('',#1514,.T.);
#846=FACE_OUTER_BOUND('',#1515,.T.);
#847=FACE_OUTER_BOUND('',#1516,.T.);
#848=FACE_OUTER_BOUND('',#1517,.T.);
#849=FACE_OUTER_BOUND('',#1518,.T.);
#850=FACE_OUTER_BOUND('',#1519,.T.);
#851=FACE_OUTER_BOUND('',#1520,.T.);
#852=FACE_OUTER_BOUND('',#1521,.T.);
#853=FACE_OUTER_BOUND('',#1522,.T.);
#854=FACE_OUTER_BOUND('',#1523,.T.);
#855=FACE_OUTER_BOUND('',#1524,.T.);
#856=FACE_OUTER_BOUND('',#1525,.T.);
#857=FACE_OUTER_BOUND('',#1526,.T.);
#858=FACE_OUTER_BOUND('',#1527,.T.);
#859=FACE_OUTER_BOUND('',#1528,.T.);
#860=FACE_OUTER_BOUND('',#1529,.T.);
#861=FACE_OUTER_BOUND('',#1530,.T.);
#862=FACE_OUTER_BOUND('',#1531,.T.);
#863=FACE_OUTER_BOUND('',#1532,.T.);
#864=FACE_OUTER_BOUND('',#1533,.T.);
#865=FACE_OUTER_BOUND('',#1534,.T.);
#866=FACE_OUTER_BOUND('',#1535,.T.);
#867=FACE_OUTER_BOUND('',#1536,.T.);
#868=FACE_OUTER_BOUND('',#1537,.T.);
#869=FACE_OUTER_BOUND('',#1538,.T.);
#870=FACE_OUTER_BOUND('',#1539,.T.);
#871=FACE_OUTER_BOUND('',#1540,.T.);
#872=FACE_OUTER_BOUND('',#1541,.T.);
#873=FACE_OUTER_BOUND('',#1542,.T.);
#874=FACE_OUTER_BOUND('',#1543,.T.);
#875=FACE_OUTER_BOUND('',#1544,.T.);
#876=FACE_OUTER_BOUND('',#1545,.T.);
#877=FACE_OUTER_BOUND('',#1546,.T.);
#878=FACE_OUTER_BOUND('',#1547,.T.);
#879=FACE_OUTER_BOUND('',#1548,.T.);
#880=FACE_OUTER_BOUND('',#1549,.T.);
#881=FACE_OUTER_BOUND('',#1550,.T.);
#882=FACE_OUTER_BOUND('',#1551,.T.);
#883=FACE_OUTER_BOUND('',#1552,.T.);
#884=EDGE_LOOP('',(#7298,#7299,#7300,#7301));
#885=EDGE_LOOP('',(#7302,#7303,#7304,#7305));
#886=EDGE_LOOP('',(#7306,#7307,#7308,#7309));
#887=EDGE_LOOP('',(#7310,#7311,#7312,#7313));
#888=EDGE_LOOP('',(#7314,#7315,#7316,#7317));
#889=EDGE_LOOP('',(#7318,#7319,#7320,#7321));
#890=EDGE_LOOP('',(#7322,#7323,#7324,#7325));
#891=EDGE_LOOP('',(#7326,#7327,#7328,#7329));
#892=EDGE_LOOP('',(#7330,#7331,#7332,#7333));
#893=EDGE_LOOP('',(#7334,#7335,#7336,#7337));
#894=EDGE_LOOP('',(#7338,#7339,#7340,#7341));
#895=EDGE_LOOP('',(#7342,#7343,#7344,#7345));
#896=EDGE_LOOP('',(#7346,#7347,#7348,#7349));
#897=EDGE_LOOP('',(#7350,#7351,#7352,#7353));
#898=EDGE_LOOP('',(#7354,#7355,#7356,#7357));
#899=EDGE_LOOP('',(#7358,#7359,#7360,#7361));
#900=EDGE_LOOP('',(#7362,#7363,#7364,#7365));
#901=EDGE_LOOP('',(#7366,#7367,#7368,#7369));
#902=EDGE_LOOP('',(#7370,#7371,#7372,#7373));
#903=EDGE_LOOP('',(#7374,#7375,#7376,#7377));
#904=EDGE_LOOP('',(#7378,#7379,#7380,#7381));
#905=EDGE_LOOP('',(#7382,#7383,#7384,#7385));
#906=EDGE_LOOP('',(#7386,#7387,#7388,#7389));
#907=EDGE_LOOP('',(#7390,#7391,#7392,#7393));
#908=EDGE_LOOP('',(#7394,#7395,#7396,#7397));
#909=EDGE_LOOP('',(#7398,#7399,#7400,#7401));
#910=EDGE_LOOP('',(#7402,#7403,#7404,#7405));
#911=EDGE_LOOP('',(#7406,#7407,#7408,#7409));
#912=EDGE_LOOP('',(#7410,#7411,#7412,#7413));
#913=EDGE_LOOP('',(#7414,#7415,#7416,#7417));
#914=EDGE_LOOP('',(#7418,#7419,#7420,#7421));
#915=EDGE_LOOP('',(#7422,#7423,#7424,#7425));
#916=EDGE_LOOP('',(#7426,#7427,#7428,#7429));
#917=EDGE_LOOP('',(#7430,#7431,#7432,#7433));
#918=EDGE_LOOP('',(#7434,#7435,#7436,#7437));
#919=EDGE_LOOP('',(#7438,#7439,#7440,#7441));
#920=EDGE_LOOP('',(#7442,#7443,#7444,#7445));
#921=EDGE_LOOP('',(#7446,#7447,#7448,#7449));
#922=EDGE_LOOP('',(#7450,#7451,#7452,#7453));
#923=EDGE_LOOP('',(#7454,#7455,#7456,#7457));
#924=EDGE_LOOP('',(#7458,#7459,#7460,#7461));
#925=EDGE_LOOP('',(#7462,#7463,#7464,#7465));
#926=EDGE_LOOP('',(#7466,#7467,#7468,#7469));
#927=EDGE_LOOP('',(#7470,#7471,#7472,#7473));
#928=EDGE_LOOP('',(#7474,#7475,#7476,#7477));
#929=EDGE_LOOP('',(#7478,#7479,#7480,#7481));
#930=EDGE_LOOP('',(#7482,#7483,#7484,#7485));
#931=EDGE_LOOP('',(#7486,#7487,#7488,#7489));
#932=EDGE_LOOP('',(#7490,#7491,#7492,#7493));
#933=EDGE_LOOP('',(#7494,#7495,#7496,#7497));
#934=EDGE_LOOP('',(#7498,#7499,#7500,#7501));
#935=EDGE_LOOP('',(#7502,#7503,#7504,#7505));
#936=EDGE_LOOP('',(#7506,#7507,#7508,#7509));
#937=EDGE_LOOP('',(#7510,#7511,#7512,#7513));
#938=EDGE_LOOP('',(#7514,#7515,#7516,#7517));
#939=EDGE_LOOP('',(#7518,#7519,#7520,#7521));
#940=EDGE_LOOP('',(#7522,#7523,#7524,#7525));
#941=EDGE_LOOP('',(#7526,#7527,#7528,#7529));
#942=EDGE_LOOP('',(#7530,#7531,#7532,#7533));
#943=EDGE_LOOP('',(#7534,#7535,#7536,#7537));
#944=EDGE_LOOP('',(#7538,#7539,#7540,#7541));
#945=EDGE_LOOP('',(#7542,#7543,#7544,#7545));
#946=EDGE_LOOP('',(#7546,#7547,#7548,#7549));
#947=EDGE_LOOP('',(#7550,#7551,#7552,#7553));
#948=EDGE_LOOP('',(#7554,#7555,#7556,#7557));
#949=EDGE_LOOP('',(#7558,#7559,#7560,#7561));
#950=EDGE_LOOP('',(#7562,#7563,#7564,#7565));
#951=EDGE_LOOP('',(#7566,#7567,#7568,#7569));
#952=EDGE_LOOP('',(#7570,#7571,#7572,#7573));
#953=EDGE_LOOP('',(#7574,#7575,#7576,#7577));
#954=EDGE_LOOP('',(#7578,#7579,#7580,#7581));
#955=EDGE_LOOP('',(#7582,#7583,#7584,#7585));
#956=EDGE_LOOP('',(#7586,#7587,#7588,#7589));
#957=EDGE_LOOP('',(#7590,#7591,#7592,#7593));
#958=EDGE_LOOP('',(#7594,#7595,#7596,#7597));
#959=EDGE_LOOP('',(#7598,#7599,#7600,#7601));
#960=EDGE_LOOP('',(#7602,#7603,#7604,#7605));
#961=EDGE_LOOP('',(#7606,#7607,#7608,#7609));
#962=EDGE_LOOP('',(#7610,#7611,#7612,#7613));
#963=EDGE_LOOP('',(#7614,#7615,#7616,#7617));
#964=EDGE_LOOP('',(#7618,#7619,#7620,#7621));
#965=EDGE_LOOP('',(#7622,#7623,#7624,#7625));
#966=EDGE_LOOP('',(#7626,#7627,#7628,#7629));
#967=EDGE_LOOP('',(#7630,#7631,#7632,#7633));
#968=EDGE_LOOP('',(#7634,#7635,#7636,#7637));
#969=EDGE_LOOP('',(#7638,#7639,#7640,#7641));
#970=EDGE_LOOP('',(#7642,#7643,#7644,#7645));
#971=EDGE_LOOP('',(#7646,#7647,#7648,#7649));
#972=EDGE_LOOP('',(#7650,#7651,#7652,#7653));
#973=EDGE_LOOP('',(#7654,#7655,#7656,#7657));
#974=EDGE_LOOP('',(#7658,#7659,#7660,#7661));
#975=EDGE_LOOP('',(#7662,#7663,#7664,#7665));
#976=EDGE_LOOP('',(#7666,#7667,#7668,#7669));
#977=EDGE_LOOP('',(#7670,#7671,#7672,#7673));
#978=EDGE_LOOP('',(#7674,#7675,#7676,#7677));
#979=EDGE_LOOP('',(#7678,#7679,#7680,#7681));
#980=EDGE_LOOP('',(#7682,#7683,#7684,#7685));
#981=EDGE_LOOP('',(#7686,#7687,#7688,#7689));
#982=EDGE_LOOP('',(#7690,#7691,#7692,#7693));
#983=EDGE_LOOP('',(#7694,#7695,#7696,#7697));
#984=EDGE_LOOP('',(#7698,#7699,#7700,#7701));
#985=EDGE_LOOP('',(#7702,#7703,#7704,#7705));
#986=EDGE_LOOP('',(#7706,#7707,#7708,#7709));
#987=EDGE_LOOP('',(#7710,#7711,#7712,#7713));
#988=EDGE_LOOP('',(#7714,#7715,#7716,#7717));
#989=EDGE_LOOP('',(#7718,#7719,#7720,#7721));
#990=EDGE_LOOP('',(#7722,#7723,#7724,#7725));
#991=EDGE_LOOP('',(#7726,#7727,#7728,#7729));
#992=EDGE_LOOP('',(#7730,#7731,#7732,#7733));
#993=EDGE_LOOP('',(#7734,#7735,#7736,#7737));
#994=EDGE_LOOP('',(#7738,#7739,#7740,#7741));
#995=EDGE_LOOP('',(#7742,#7743,#7744,#7745));
#996=EDGE_LOOP('',(#7746,#7747,#7748,#7749));
#997=EDGE_LOOP('',(#7750,#7751,#7752,#7753));
#998=EDGE_LOOP('',(#7754,#7755,#7756,#7757));
#999=EDGE_LOOP('',(#7758,#7759,#7760,#7761));
#1000=EDGE_LOOP('',(#7762,#7763,#7764,#7765));
#1001=EDGE_LOOP('',(#7766,#7767,#7768,#7769));
#1002=EDGE_LOOP('',(#7770,#7771,#7772,#7773));
#1003=EDGE_LOOP('',(#7774,#7775,#7776,#7777));
#1004=EDGE_LOOP('',(#7778,#7779,#7780,#7781));
#1005=EDGE_LOOP('',(#7782,#7783,#7784,#7785));
#1006=EDGE_LOOP('',(#7786,#7787,#7788,#7789));
#1007=EDGE_LOOP('',(#7790,#7791,#7792,#7793));
#1008=EDGE_LOOP('',(#7794,#7795,#7796,#7797));
#1009=EDGE_LOOP('',(#7798,#7799,#7800,#7801));
#1010=EDGE_LOOP('',(#7802,#7803,#7804,#7805));
#1011=EDGE_LOOP('',(#7806,#7807,#7808,#7809));
#1012=EDGE_LOOP('',(#7810,#7811,#7812,#7813));
#1013=EDGE_LOOP('',(#7814,#7815,#7816,#7817));
#1014=EDGE_LOOP('',(#7818,#7819,#7820,#7821));
#1015=EDGE_LOOP('',(#7822,#7823,#7824,#7825));
#1016=EDGE_LOOP('',(#7826,#7827,#7828,#7829));
#1017=EDGE_LOOP('',(#7830,#7831,#7832,#7833));
#1018=EDGE_LOOP('',(#7834,#7835,#7836,#7837));
#1019=EDGE_LOOP('',(#7838,#7839,#7840,#7841));
#1020=EDGE_LOOP('',(#7842,#7843,#7844,#7845));
#1021=EDGE_LOOP('',(#7846,#7847,#7848,#7849));
#1022=EDGE_LOOP('',(#7850,#7851,#7852,#7853));
#1023=EDGE_LOOP('',(#7854,#7855,#7856,#7857));
#1024=EDGE_LOOP('',(#7858,#7859,#7860,#7861));
#1025=EDGE_LOOP('',(#7862,#7863,#7864,#7865));
#1026=EDGE_LOOP('',(#7866,#7867,#7868,#7869));
#1027=EDGE_LOOP('',(#7870,#7871,#7872,#7873));
#1028=EDGE_LOOP('',(#7874,#7875,#7876,#7877));
#1029=EDGE_LOOP('',(#7878,#7879,#7880,#7881));
#1030=EDGE_LOOP('',(#7882,#7883,#7884,#7885));
#1031=EDGE_LOOP('',(#7886,#7887,#7888,#7889));
#1032=EDGE_LOOP('',(#7890,#7891,#7892,#7893));
#1033=EDGE_LOOP('',(#7894,#7895,#7896,#7897));
#1034=EDGE_LOOP('',(#7898,#7899,#7900,#7901));
#1035=EDGE_LOOP('',(#7902,#7903,#7904,#7905));
#1036=EDGE_LOOP('',(#7906,#7907,#7908,#7909));
#1037=EDGE_LOOP('',(#7910,#7911,#7912,#7913));
#1038=EDGE_LOOP('',(#7914,#7915,#7916,#7917));
#1039=EDGE_LOOP('',(#7918,#7919,#7920,#7921));
#1040=EDGE_LOOP('',(#7922,#7923,#7924,#7925));
#1041=EDGE_LOOP('',(#7926,#7927,#7928,#7929));
#1042=EDGE_LOOP('',(#7930,#7931,#7932,#7933));
#1043=EDGE_LOOP('',(#7934,#7935,#7936,#7937));
#1044=EDGE_LOOP('',(#7938,#7939,#7940,#7941));
#1045=EDGE_LOOP('',(#7942,#7943,#7944,#7945));
#1046=EDGE_LOOP('',(#7946,#7947,#7948,#7949));
#1047=EDGE_LOOP('',(#7950,#7951,#7952,#7953));
#1048=EDGE_LOOP('',(#7954,#7955,#7956,#7957));
#1049=EDGE_LOOP('',(#7958,#7959,#7960,#7961));
#1050=EDGE_LOOP('',(#7962,#7963,#7964,#7965));
#1051=EDGE_LOOP('',(#7966,#7967,#7968,#7969));
#1052=EDGE_LOOP('',(#7970,#7971,#7972,#7973));
#1053=EDGE_LOOP('',(#7974,#7975,#7976,#7977));
#1054=EDGE_LOOP('',(#7978,#7979,#7980,#7981));
#1055=EDGE_LOOP('',(#7982,#7983,#7984,#7985));
#1056=EDGE_LOOP('',(#7986,#7987,#7988,#7989));
#1057=EDGE_LOOP('',(#7990,#7991,#7992,#7993));
#1058=EDGE_LOOP('',(#7994,#7995,#7996,#7997));
#1059=EDGE_LOOP('',(#7998,#7999,#8000,#8001));
#1060=EDGE_LOOP('',(#8002,#8003,#8004,#8005));
#1061=EDGE_LOOP('',(#8006,#8007,#8008,#8009));
#1062=EDGE_LOOP('',(#8010,#8011,#8012,#8013));
#1063=EDGE_LOOP('',(#8014,#8015,#8016,#8017));
#1064=EDGE_LOOP('',(#8018,#8019,#8020,#8021));
#1065=EDGE_LOOP('',(#8022,#8023,#8024,#8025));
#1066=EDGE_LOOP('',(#8026,#8027,#8028,#8029));
#1067=EDGE_LOOP('',(#8030,#8031,#8032,#8033));
#1068=EDGE_LOOP('',(#8034,#8035,#8036,#8037));
#1069=EDGE_LOOP('',(#8038,#8039,#8040,#8041));
#1070=EDGE_LOOP('',(#8042,#8043,#8044,#8045));
#1071=EDGE_LOOP('',(#8046,#8047,#8048,#8049));
#1072=EDGE_LOOP('',(#8050,#8051,#8052,#8053));
#1073=EDGE_LOOP('',(#8054,#8055,#8056,#8057));
#1074=EDGE_LOOP('',(#8058,#8059,#8060,#8061));
#1075=EDGE_LOOP('',(#8062,#8063,#8064,#8065));
#1076=EDGE_LOOP('',(#8066,#8067,#8068,#8069));
#1077=EDGE_LOOP('',(#8070,#8071,#8072,#8073));
#1078=EDGE_LOOP('',(#8074,#8075,#8076,#8077));
#1079=EDGE_LOOP('',(#8078,#8079,#8080,#8081));
#1080=EDGE_LOOP('',(#8082,#8083,#8084,#8085));
#1081=EDGE_LOOP('',(#8086,#8087,#8088,#8089));
#1082=EDGE_LOOP('',(#8090,#8091,#8092,#8093));
#1083=EDGE_LOOP('',(#8094,#8095,#8096,#8097));
#1084=EDGE_LOOP('',(#8098,#8099,#8100,#8101));
#1085=EDGE_LOOP('',(#8102,#8103,#8104,#8105));
#1086=EDGE_LOOP('',(#8106,#8107,#8108,#8109));
#1087=EDGE_LOOP('',(#8110,#8111,#8112,#8113));
#1088=EDGE_LOOP('',(#8114,#8115,#8116,#8117));
#1089=EDGE_LOOP('',(#8118,#8119,#8120,#8121));
#1090=EDGE_LOOP('',(#8122,#8123,#8124,#8125));
#1091=EDGE_LOOP('',(#8126,#8127,#8128,#8129));
#1092=EDGE_LOOP('',(#8130,#8131,#8132,#8133));
#1093=EDGE_LOOP('',(#8134,#8135,#8136,#8137));
#1094=EDGE_LOOP('',(#8138,#8139,#8140,#8141));
#1095=EDGE_LOOP('',(#8142,#8143,#8144,#8145));
#1096=EDGE_LOOP('',(#8146,#8147,#8148,#8149));
#1097=EDGE_LOOP('',(#8150,#8151,#8152,#8153));
#1098=EDGE_LOOP('',(#8154,#8155,#8156,#8157));
#1099=EDGE_LOOP('',(#8158,#8159,#8160,#8161));
#1100=EDGE_LOOP('',(#8162,#8163,#8164,#8165));
#1101=EDGE_LOOP('',(#8166,#8167,#8168,#8169));
#1102=EDGE_LOOP('',(#8170,#8171,#8172,#8173));
#1103=EDGE_LOOP('',(#8174,#8175,#8176,#8177));
#1104=EDGE_LOOP('',(#8178,#8179,#8180,#8181));
#1105=EDGE_LOOP('',(#8182,#8183,#8184,#8185));
#1106=EDGE_LOOP('',(#8186,#8187,#8188,#8189));
#1107=EDGE_LOOP('',(#8190,#8191,#8192,#8193));
#1108=EDGE_LOOP('',(#8194,#8195,#8196,#8197));
#1109=EDGE_LOOP('',(#8198,#8199,#8200,#8201));
#1110=EDGE_LOOP('',(#8202,#8203,#8204,#8205));
#1111=EDGE_LOOP('',(#8206,#8207,#8208,#8209));
#1112=EDGE_LOOP('',(#8210,#8211,#8212,#8213));
#1113=EDGE_LOOP('',(#8214,#8215,#8216,#8217));
#1114=EDGE_LOOP('',(#8218,#8219,#8220,#8221));
#1115=EDGE_LOOP('',(#8222,#8223,#8224,#8225));
#1116=EDGE_LOOP('',(#8226,#8227,#8228,#8229));
#1117=EDGE_LOOP('',(#8230,#8231,#8232,#8233));
#1118=EDGE_LOOP('',(#8234,#8235,#8236,#8237));
#1119=EDGE_LOOP('',(#8238,#8239,#8240,#8241));
#1120=EDGE_LOOP('',(#8242,#8243,#8244,#8245));
#1121=EDGE_LOOP('',(#8246,#8247,#8248,#8249));
#1122=EDGE_LOOP('',(#8250,#8251,#8252,#8253));
#1123=EDGE_LOOP('',(#8254,#8255,#8256,#8257));
#1124=EDGE_LOOP('',(#8258,#8259,#8260,#8261));
#1125=EDGE_LOOP('',(#8262,#8263,#8264,#8265));
#1126=EDGE_LOOP('',(#8266,#8267,#8268,#8269));
#1127=EDGE_LOOP('',(#8270,#8271,#8272,#8273));
#1128=EDGE_LOOP('',(#8274,#8275,#8276,#8277));
#1129=EDGE_LOOP('',(#8278,#8279,#8280,#8281));
#1130=EDGE_LOOP('',(#8282,#8283,#8284,#8285));
#1131=EDGE_LOOP('',(#8286,#8287,#8288,#8289));
#1132=EDGE_LOOP('',(#8290,#8291,#8292,#8293));
#1133=EDGE_LOOP('',(#8294,#8295,#8296,#8297));
#1134=EDGE_LOOP('',(#8298,#8299,#8300,#8301));
#1135=EDGE_LOOP('',(#8302,#8303,#8304,#8305));
#1136=EDGE_LOOP('',(#8306,#8307,#8308,#8309));
#1137=EDGE_LOOP('',(#8310,#8311,#8312,#8313));
#1138=EDGE_LOOP('',(#8314,#8315,#8316,#8317));
#1139=EDGE_LOOP('',(#8318,#8319,#8320,#8321));
#1140=EDGE_LOOP('',(#8322,#8323,#8324,#8325));
#1141=EDGE_LOOP('',(#8326,#8327,#8328,#8329));
#1142=EDGE_LOOP('',(#8330,#8331,#8332,#8333));
#1143=EDGE_LOOP('',(#8334,#8335,#8336,#8337));
#1144=EDGE_LOOP('',(#8338,#8339,#8340,#8341));
#1145=EDGE_LOOP('',(#8342,#8343,#8344,#8345));
#1146=EDGE_LOOP('',(#8346,#8347,#8348,#8349));
#1147=EDGE_LOOP('',(#8350,#8351,#8352,#8353));
#1148=EDGE_LOOP('',(#8354,#8355,#8356,#8357));
#1149=EDGE_LOOP('',(#8358,#8359,#8360,#8361));
#1150=EDGE_LOOP('',(#8362,#8363,#8364,#8365));
#1151=EDGE_LOOP('',(#8366,#8367,#8368,#8369));
#1152=EDGE_LOOP('',(#8370,#8371,#8372,#8373));
#1153=EDGE_LOOP('',(#8374,#8375,#8376,#8377));
#1154=EDGE_LOOP('',(#8378,#8379,#8380,#8381));
#1155=EDGE_LOOP('',(#8382,#8383,#8384,#8385));
#1156=EDGE_LOOP('',(#8386,#8387,#8388,#8389));
#1157=EDGE_LOOP('',(#8390,#8391,#8392,#8393));
#1158=EDGE_LOOP('',(#8394,#8395,#8396,#8397));
#1159=EDGE_LOOP('',(#8398,#8399,#8400,#8401));
#1160=EDGE_LOOP('',(#8402,#8403,#8404,#8405));
#1161=EDGE_LOOP('',(#8406,#8407,#8408,#8409));
#1162=EDGE_LOOP('',(#8410,#8411,#8412,#8413));
#1163=EDGE_LOOP('',(#8414,#8415,#8416,#8417));
#1164=EDGE_LOOP('',(#8418,#8419,#8420,#8421));
#1165=EDGE_LOOP('',(#8422,#8423,#8424,#8425));
#1166=EDGE_LOOP('',(#8426,#8427,#8428,#8429));
#1167=EDGE_LOOP('',(#8430,#8431,#8432,#8433));
#1168=EDGE_LOOP('',(#8434,#8435,#8436,#8437));
#1169=EDGE_LOOP('',(#8438,#8439,#8440,#8441));
#1170=EDGE_LOOP('',(#8442,#8443,#8444,#8445));
#1171=EDGE_LOOP('',(#8446,#8447,#8448,#8449));
#1172=EDGE_LOOP('',(#8450,#8451,#8452,#8453));
#1173=EDGE_LOOP('',(#8454,#8455,#8456,#8457));
#1174=EDGE_LOOP('',(#8458,#8459,#8460,#8461));
#1175=EDGE_LOOP('',(#8462,#8463,#8464,#8465));
#1176=EDGE_LOOP('',(#8466,#8467,#8468,#8469,#8470,#8471,#8472,#8473));
#1177=EDGE_LOOP('',(#8474,#8475,#8476,#8477));
#1178=EDGE_LOOP('',(#8478,#8479,#8480,#8481));
#1179=EDGE_LOOP('',(#8482,#8483,#8484,#8485,#8486,#8487));
#1180=EDGE_LOOP('',(#8488,#8489,#8490,#8491));
#1181=EDGE_LOOP('',(#8492,#8493,#8494,#8495,#8496));
#1182=EDGE_LOOP('',(#8497,#8498,#8499,#8500));
#1183=EDGE_LOOP('',(#8501,#8502,#8503,#8504));
#1184=EDGE_LOOP('',(#8505,#8506,#8507,#8508));
#1185=EDGE_LOOP('',(#8509,#8510,#8511,#8512,#8513,#8514,#8515,#8516));
#1186=EDGE_LOOP('',(#8517,#8518,#8519,#8520,#8521));
#1187=EDGE_LOOP('',(#8522,#8523,#8524,#8525));
#1188=EDGE_LOOP('',(#8526,#8527,#8528,#8529,#8530));
#1189=EDGE_LOOP('',(#8531,#8532,#8533,#8534));
#1190=EDGE_LOOP('',(#8535,#8536,#8537,#8538));
#1191=EDGE_LOOP('',(#8539,#8540,#8541,#8542));
#1192=EDGE_LOOP('',(#8543,#8544,#8545,#8546,#8547,#8548,#8549,#8550));
#1193=EDGE_LOOP('',(#8551,#8552,#8553,#8554,#8555));
#1194=EDGE_LOOP('',(#8556,#8557,#8558,#8559));
#1195=EDGE_LOOP('',(#8560,#8561,#8562,#8563,#8564));
#1196=EDGE_LOOP('',(#8565,#8566,#8567,#8568));
#1197=EDGE_LOOP('',(#8569,#8570,#8571,#8572));
#1198=EDGE_LOOP('',(#8573,#8574,#8575,#8576));
#1199=EDGE_LOOP('',(#8577,#8578,#8579,#8580,#8581,#8582,#8583,#8584));
#1200=EDGE_LOOP('',(#8585,#8586,#8587,#8588,#8589));
#1201=EDGE_LOOP('',(#8590,#8591,#8592,#8593));
#1202=EDGE_LOOP('',(#8594,#8595,#8596,#8597,#8598));
#1203=EDGE_LOOP('',(#8599,#8600,#8601,#8602));
#1204=EDGE_LOOP('',(#8603,#8604,#8605,#8606));
#1205=EDGE_LOOP('',(#8607,#8608,#8609,#8610));
#1206=EDGE_LOOP('',(#8611,#8612,#8613,#8614,#8615,#8616,#8617,#8618));
#1207=EDGE_LOOP('',(#8619,#8620,#8621,#8622,#8623));
#1208=EDGE_LOOP('',(#8624,#8625,#8626,#8627));
#1209=EDGE_LOOP('',(#8628,#8629,#8630,#8631,#8632));
#1210=EDGE_LOOP('',(#8633,#8634,#8635,#8636));
#1211=EDGE_LOOP('',(#8637,#8638,#8639,#8640));
#1212=EDGE_LOOP('',(#8641,#8642,#8643,#8644));
#1213=EDGE_LOOP('',(#8645,#8646,#8647,#8648,#8649,#8650,#8651,#8652));
#1214=EDGE_LOOP('',(#8653,#8654,#8655,#8656,#8657));
#1215=EDGE_LOOP('',(#8658,#8659,#8660,#8661));
#1216=EDGE_LOOP('',(#8662,#8663,#8664,#8665,#8666));
#1217=EDGE_LOOP('',(#8667,#8668,#8669,#8670));
#1218=EDGE_LOOP('',(#8671,#8672,#8673,#8674));
#1219=EDGE_LOOP('',(#8675,#8676,#8677,#8678));
#1220=EDGE_LOOP('',(#8679,#8680,#8681,#8682,#8683,#8684,#8685,#8686));
#1221=EDGE_LOOP('',(#8687,#8688,#8689,#8690,#8691));
#1222=EDGE_LOOP('',(#8692,#8693,#8694,#8695));
#1223=EDGE_LOOP('',(#8696,#8697,#8698,#8699,#8700));
#1224=EDGE_LOOP('',(#8701,#8702,#8703,#8704));
#1225=EDGE_LOOP('',(#8705,#8706,#8707,#8708));
#1226=EDGE_LOOP('',(#8709,#8710,#8711,#8712));
#1227=EDGE_LOOP('',(#8713,#8714,#8715,#8716,#8717,#8718,#8719,#8720));
#1228=EDGE_LOOP('',(#8721,#8722,#8723,#8724,#8725));
#1229=EDGE_LOOP('',(#8726,#8727,#8728,#8729));
#1230=EDGE_LOOP('',(#8730,#8731,#8732,#8733,#8734));
#1231=EDGE_LOOP('',(#8735,#8736,#8737,#8738));
#1232=EDGE_LOOP('',(#8739,#8740,#8741,#8742));
#1233=EDGE_LOOP('',(#8743,#8744,#8745,#8746));
#1234=EDGE_LOOP('',(#8747,#8748,#8749,#8750,#8751,#8752,#8753,#8754));
#1235=EDGE_LOOP('',(#8755,#8756,#8757,#8758,#8759));
#1236=EDGE_LOOP('',(#8760,#8761,#8762,#8763));
#1237=EDGE_LOOP('',(#8764,#8765,#8766,#8767,#8768));
#1238=EDGE_LOOP('',(#8769,#8770,#8771,#8772));
#1239=EDGE_LOOP('',(#8773,#8774,#8775,#8776));
#1240=EDGE_LOOP('',(#8777,#8778,#8779,#8780));
#1241=EDGE_LOOP('',(#8781,#8782,#8783,#8784,#8785,#8786,#8787,#8788));
#1242=EDGE_LOOP('',(#8789,#8790,#8791,#8792,#8793));
#1243=EDGE_LOOP('',(#8794,#8795,#8796,#8797));
#1244=EDGE_LOOP('',(#8798,#8799,#8800,#8801,#8802));
#1245=EDGE_LOOP('',(#8803,#8804,#8805,#8806));
#1246=EDGE_LOOP('',(#8807,#8808,#8809,#8810));
#1247=EDGE_LOOP('',(#8811,#8812,#8813,#8814));
#1248=EDGE_LOOP('',(#8815,#8816,#8817,#8818,#8819,#8820,#8821,#8822));
#1249=EDGE_LOOP('',(#8823,#8824,#8825,#8826,#8827));
#1250=EDGE_LOOP('',(#8828,#8829,#8830,#8831));
#1251=EDGE_LOOP('',(#8832,#8833,#8834,#8835,#8836));
#1252=EDGE_LOOP('',(#8837,#8838,#8839,#8840));
#1253=EDGE_LOOP('',(#8841,#8842,#8843,#8844));
#1254=EDGE_LOOP('',(#8845,#8846,#8847,#8848));
#1255=EDGE_LOOP('',(#8849,#8850,#8851,#8852,#8853,#8854,#8855,#8856));
#1256=EDGE_LOOP('',(#8857,#8858,#8859,#8860,#8861));
#1257=EDGE_LOOP('',(#8862,#8863,#8864,#8865));
#1258=EDGE_LOOP('',(#8866,#8867,#8868,#8869,#8870));
#1259=EDGE_LOOP('',(#8871,#8872,#8873,#8874));
#1260=EDGE_LOOP('',(#8875,#8876,#8877,#8878));
#1261=EDGE_LOOP('',(#8879,#8880,#8881,#8882));
#1262=EDGE_LOOP('',(#8883,#8884,#8885,#8886,#8887,#8888,#8889,#8890));
#1263=EDGE_LOOP('',(#8891,#8892,#8893,#8894,#8895));
#1264=EDGE_LOOP('',(#8896,#8897,#8898,#8899));
#1265=EDGE_LOOP('',(#8900,#8901,#8902,#8903,#8904));
#1266=EDGE_LOOP('',(#8905,#8906,#8907,#8908));
#1267=EDGE_LOOP('',(#8909,#8910,#8911,#8912));
#1268=EDGE_LOOP('',(#8913,#8914,#8915,#8916));
#1269=EDGE_LOOP('',(#8917,#8918,#8919,#8920,#8921,#8922,#8923,#8924));
#1270=EDGE_LOOP('',(#8925,#8926,#8927,#8928,#8929));
#1271=EDGE_LOOP('',(#8930,#8931,#8932,#8933));
#1272=EDGE_LOOP('',(#8934,#8935,#8936,#8937,#8938));
#1273=EDGE_LOOP('',(#8939,#8940,#8941,#8942));
#1274=EDGE_LOOP('',(#8943,#8944,#8945,#8946));
#1275=EDGE_LOOP('',(#8947,#8948,#8949,#8950));
#1276=EDGE_LOOP('',(#8951,#8952,#8953,#8954,#8955,#8956,#8957,#8958));
#1277=EDGE_LOOP('',(#8959,#8960,#8961,#8962,#8963));
#1278=EDGE_LOOP('',(#8964,#8965,#8966,#8967));
#1279=EDGE_LOOP('',(#8968,#8969,#8970,#8971,#8972));
#1280=EDGE_LOOP('',(#8973,#8974,#8975,#8976));
#1281=EDGE_LOOP('',(#8977,#8978,#8979,#8980));
#1282=EDGE_LOOP('',(#8981,#8982,#8983,#8984));
#1283=EDGE_LOOP('',(#8985,#8986,#8987,#8988,#8989,#8990,#8991,#8992));
#1284=EDGE_LOOP('',(#8993,#8994,#8995,#8996,#8997));
#1285=EDGE_LOOP('',(#8998,#8999,#9000,#9001));
#1286=EDGE_LOOP('',(#9002,#9003,#9004,#9005,#9006));
#1287=EDGE_LOOP('',(#9007,#9008,#9009,#9010));
#1288=EDGE_LOOP('',(#9011,#9012,#9013,#9014));
#1289=EDGE_LOOP('',(#9015,#9016,#9017,#9018));
#1290=EDGE_LOOP('',(#9019,#9020,#9021,#9022,#9023,#9024,#9025,#9026));
#1291=EDGE_LOOP('',(#9027,#9028,#9029,#9030,#9031));
#1292=EDGE_LOOP('',(#9032,#9033,#9034,#9035));
#1293=EDGE_LOOP('',(#9036,#9037,#9038,#9039,#9040));
#1294=EDGE_LOOP('',(#9041,#9042,#9043,#9044));
#1295=EDGE_LOOP('',(#9045,#9046,#9047,#9048));
#1296=EDGE_LOOP('',(#9049,#9050,#9051,#9052));
#1297=EDGE_LOOP('',(#9053,#9054,#9055,#9056,#9057,#9058,#9059,#9060));
#1298=EDGE_LOOP('',(#9061,#9062,#9063,#9064,#9065));
#1299=EDGE_LOOP('',(#9066,#9067,#9068,#9069,#9070,#9071,#9072,#9073,#9074,
#9075,#9076,#9077));
#1300=EDGE_LOOP('',(#9078,#9079,#9080,#9081,#9082));
#1301=EDGE_LOOP('',(#9083,#9084,#9085,#9086,#9087,#9088,#9089,#9090,#9091,
#9092,#9093,#9094,#9095,#9096,#9097,#9098,#9099,#9100,#9101,#9102,#9103,
#9104,#9105,#9106,#9107,#9108,#9109,#9110,#9111,#9112,#9113,#9114,#9115,
#9116,#9117,#9118,#9119,#9120,#9121,#9122,#9123,#9124,#9125,#9126,#9127,
#9128,#9129,#9130,#9131,#9132,#9133,#9134,#9135,#9136,#9137,#9138,#9139,
#9140,#9141,#9142,#9143,#9144,#9145,#9146,#9147,#9148,#9149,#9150,#9151,
#9152,#9153,#9154,#9155,#9156,#9157,#9158,#9159,#9160,#9161,#9162,#9163,
#9164,#9165,#9166,#9167,#9168,#9169,#9170,#9171,#9172,#9173,#9174,#9175,
#9176,#9177,#9178,#9179,#9180,#9181,#9182,#9183,#9184,#9185,#9186,#9187,
#9188,#9189,#9190,#9191,#9192,#9193,#9194,#9195,#9196,#9197,#9198,#9199,
#9200,#9201,#9202,#9203,#9204,#9205,#9206,#9207,#9208,#9209,#9210,#9211,
#9212,#9213,#9214,#9215,#9216,#9217,#9218,#9219,#9220,#9221,#9222,#9223,
#9224,#9225,#9226,#9227,#9228,#9229,#9230,#9231,#9232,#9233,#9234,#9235,
#9236,#9237,#9238,#9239,#9240,#9241,#9242,#9243,#9244,#9245,#9246,#9247,
#9248,#9249,#9250,#9251,#9252,#9253,#9254,#9255,#9256,#9257,#9258,#9259,
#9260,#9261,#9262,#9263,#9264,#9265,#9266,#9267,#9268,#9269,#9270,#9271,
#9272,#9273,#9274,#9275,#9276,#9277,#9278,#9279,#9280,#9281,#9282,#9283,
#9284,#9285,#9286,#9287,#9288,#9289,#9290,#9291,#9292,#9293,#9294,#9295,
#9296,#9297,#9298,#9299,#9300,#9301,#9302,#9303,#9304,#9305,#9306,#9307,
#9308,#9309,#9310,#9311,#9312,#9313,#9314,#9315,#9316,#9317,#9318,#9319,
#9320,#9321,#9322,#9323,#9324,#9325,#9326,#9327,#9328,#9329,#9330,#9331,
#9332,#9333,#9334,#9335,#9336,#9337,#9338,#9339,#9340,#9341,#9342,#9343,
#9344,#9345,#9346,#9347,#9348,#9349,#9350,#9351,#9352,#9353,#9354,#9355,
#9356,#9357,#9358,#9359,#9360,#9361,#9362,#9363,#9364,#9365,#9366,#9367,
#9368,#9369,#9370,#9371,#9372));
#1302=EDGE_LOOP('',(#9373));
#1303=EDGE_LOOP('',(#9374,#9375,#9376,#9377));
#1304=EDGE_LOOP('',(#9378,#9379,#9380,#9381));
#1305=EDGE_LOOP('',(#9382,#9383,#9384,#9385));
#1306=EDGE_LOOP('',(#9386));
#1307=EDGE_LOOP('',(#9387,#9388,#9389,#9390,#9391));
#1308=EDGE_LOOP('',(#9392,#9393,#9394,#9395,#9396,#9397));
#1309=EDGE_LOOP('',(#9398,#9399,#9400,#9401,#9402,#9403,#9404,#9405,#9406,
#9407,#9408,#9409,#9410,#9411,#9412,#9413,#9414,#9415,#9416,#9417,#9418,
#9419,#9420,#9421,#9422,#9423,#9424,#9425,#9426,#9427,#9428,#9429,#9430,
#9431,#9432,#9433,#9434,#9435,#9436,#9437,#9438,#9439,#9440,#9441,#9442,
#9443,#9444,#9445,#9446,#9447,#9448,#9449,#9450,#9451,#9452,#9453,#9454,
#9455,#9456,#9457,#9458,#9459,#9460,#9461,#9462,#9463,#9464,#9465,#9466,
#9467,#9468,#9469,#9470,#9471,#9472,#9473,#9474,#9475,#9476,#9477,#9478,
#9479,#9480,#9481,#9482,#9483,#9484,#9485,#9486,#9487,#9488,#9489,#9490,
#9491,#9492,#9493,#9494,#9495,#9496,#9497,#9498,#9499,#9500,#9501,#9502,
#9503,#9504,#9505,#9506,#9507,#9508,#9509,#9510,#9511,#9512,#9513,#9514,
#9515,#9516,#9517,#9518,#9519,#9520,#9521,#9522,#9523,#9524,#9525,#9526,
#9527,#9528,#9529,#9530,#9531,#9532,#9533,#9534,#9535,#9536,#9537,#9538,
#9539,#9540,#9541,#9542,#9543));
#1310=EDGE_LOOP('',(#9544,#9545,#9546,#9547));
#1311=EDGE_LOOP('',(#9548,#9549,#9550,#9551));
#1312=EDGE_LOOP('',(#9552,#9553,#9554,#9555));
#1313=EDGE_LOOP('',(#9556,#9557,#9558,#9559));
#1314=EDGE_LOOP('',(#9560,#9561,#9562,#9563));
#1315=EDGE_LOOP('',(#9564,#9565,#9566,#9567));
#1316=EDGE_LOOP('',(#9568,#9569,#9570,#9571));
#1317=EDGE_LOOP('',(#9572,#9573,#9574,#9575));
#1318=EDGE_LOOP('',(#9576,#9577,#9578,#9579));
#1319=EDGE_LOOP('',(#9580,#9581,#9582,#9583));
#1320=EDGE_LOOP('',(#9584,#9585,#9586,#9587));
#1321=EDGE_LOOP('',(#9588,#9589,#9590,#9591));
#1322=EDGE_LOOP('',(#9592,#9593,#9594,#9595));
#1323=EDGE_LOOP('',(#9596,#9597,#9598,#9599));
#1324=EDGE_LOOP('',(#9600,#9601,#9602,#9603));
#1325=EDGE_LOOP('',(#9604,#9605,#9606,#9607));
#1326=EDGE_LOOP('',(#9608,#9609,#9610,#9611));
#1327=EDGE_LOOP('',(#9612,#9613,#9614,#9615));
#1328=EDGE_LOOP('',(#9616,#9617,#9618,#9619));
#1329=EDGE_LOOP('',(#9620,#9621,#9622,#9623));
#1330=EDGE_LOOP('',(#9624,#9625,#9626,#9627));
#1331=EDGE_LOOP('',(#9628,#9629,#9630,#9631));
#1332=EDGE_LOOP('',(#9632,#9633,#9634,#9635));
#1333=EDGE_LOOP('',(#9636,#9637,#9638,#9639));
#1334=EDGE_LOOP('',(#9640,#9641,#9642,#9643));
#1335=EDGE_LOOP('',(#9644,#9645,#9646,#9647));
#1336=EDGE_LOOP('',(#9648,#9649,#9650,#9651));
#1337=EDGE_LOOP('',(#9652,#9653,#9654,#9655));
#1338=EDGE_LOOP('',(#9656,#9657,#9658,#9659));
#1339=EDGE_LOOP('',(#9660,#9661,#9662,#9663));
#1340=EDGE_LOOP('',(#9664,#9665,#9666,#9667));
#1341=EDGE_LOOP('',(#9668,#9669,#9670,#9671));
#1342=EDGE_LOOP('',(#9672,#9673,#9674,#9675));
#1343=EDGE_LOOP('',(#9676,#9677,#9678,#9679));
#1344=EDGE_LOOP('',(#9680,#9681,#9682,#9683,#9684));
#1345=EDGE_LOOP('',(#9685,#9686,#9687,#9688));
#1346=EDGE_LOOP('',(#9689,#9690,#9691,#9692,#9693));
#1347=EDGE_LOOP('',(#9694,#9695,#9696,#9697));
#1348=EDGE_LOOP('',(#9698,#9699,#9700,#9701,#9702));
#1349=EDGE_LOOP('',(#9703,#9704,#9705,#9706));
#1350=EDGE_LOOP('',(#9707,#9708,#9709,#9710,#9711));
#1351=EDGE_LOOP('',(#9712,#9713,#9714,#9715));
#1352=EDGE_LOOP('',(#9716,#9717,#9718,#9719,#9720,#9721,#9722,#9723));
#1353=EDGE_LOOP('',(#9724,#9725,#9726,#9727));
#1354=EDGE_LOOP('',(#9728,#9729,#9730,#9731));
#1355=EDGE_LOOP('',(#9732,#9733,#9734,#9735));
#1356=EDGE_LOOP('',(#9736,#9737,#9738,#9739));
#1357=EDGE_LOOP('',(#9740,#9741,#9742,#9743,#9744));
#1358=EDGE_LOOP('',(#9745,#9746,#9747,#9748));
#1359=EDGE_LOOP('',(#9749,#9750,#9751,#9752,#9753));
#1360=EDGE_LOOP('',(#9754,#9755,#9756,#9757));
#1361=EDGE_LOOP('',(#9758,#9759,#9760,#9761,#9762,#9763,#9764,#9765));
#1362=EDGE_LOOP('',(#9766,#9767,#9768,#9769));
#1363=EDGE_LOOP('',(#9770,#9771,#9772,#9773));
#1364=EDGE_LOOP('',(#9774,#9775,#9776,#9777));
#1365=EDGE_LOOP('',(#9778,#9779,#9780,#9781));
#1366=EDGE_LOOP('',(#9782,#9783,#9784,#9785));
#1367=EDGE_LOOP('',(#9786,#9787,#9788,#9789,#9790));
#1368=EDGE_LOOP('',(#9791,#9792,#9793,#9794,#9795));
#1369=EDGE_LOOP('',(#9796,#9797,#9798,#9799));
#1370=EDGE_LOOP('',(#9800,#9801,#9802,#9803,#9804,#9805,#9806,#9807));
#1371=EDGE_LOOP('',(#9808,#9809,#9810,#9811));
#1372=EDGE_LOOP('',(#9812,#9813,#9814,#9815));
#1373=EDGE_LOOP('',(#9816,#9817,#9818,#9819));
#1374=EDGE_LOOP('',(#9820,#9821,#9822,#9823));
#1375=EDGE_LOOP('',(#9824,#9825,#9826,#9827,#9828));
#1376=EDGE_LOOP('',(#9829,#9830,#9831,#9832));
#1377=EDGE_LOOP('',(#9833,#9834,#9835,#9836,#9837));
#1378=EDGE_LOOP('',(#9838,#9839,#9840,#9841));
#1379=EDGE_LOOP('',(#9842,#9843,#9844,#9845,#9846,#9847,#9848,#9849));
#1380=EDGE_LOOP('',(#9850,#9851,#9852,#9853));
#1381=EDGE_LOOP('',(#9854,#9855,#9856,#9857));
#1382=EDGE_LOOP('',(#9858,#9859,#9860,#9861));
#1383=EDGE_LOOP('',(#9862,#9863,#9864,#9865));
#1384=EDGE_LOOP('',(#9866,#9867,#9868,#9869,#9870));
#1385=EDGE_LOOP('',(#9871,#9872,#9873,#9874));
#1386=EDGE_LOOP('',(#9875,#9876,#9877,#9878,#9879));
#1387=EDGE_LOOP('',(#9880,#9881,#9882,#9883));
#1388=EDGE_LOOP('',(#9884,#9885,#9886,#9887,#9888,#9889,#9890,#9891));
#1389=EDGE_LOOP('',(#9892,#9893,#9894,#9895));
#1390=EDGE_LOOP('',(#9896,#9897,#9898,#9899));
#1391=EDGE_LOOP('',(#9900,#9901,#9902,#9903));
#1392=EDGE_LOOP('',(#9904,#9905,#9906,#9907));
#1393=EDGE_LOOP('',(#9908,#9909,#9910,#9911));
#1394=EDGE_LOOP('',(#9912,#9913,#9914,#9915,#9916));
#1395=EDGE_LOOP('',(#9917,#9918,#9919,#9920,#9921));
#1396=EDGE_LOOP('',(#9922,#9923,#9924,#9925));
#1397=EDGE_LOOP('',(#9926,#9927,#9928,#9929,#9930,#9931,#9932,#9933));
#1398=EDGE_LOOP('',(#9934,#9935,#9936,#9937));
#1399=EDGE_LOOP('',(#9938,#9939,#9940,#9941));
#1400=EDGE_LOOP('',(#9942,#9943,#9944,#9945));
#1401=EDGE_LOOP('',(#9946,#9947,#9948,#9949));
#1402=EDGE_LOOP('',(#9950,#9951,#9952,#9953,#9954));
#1403=EDGE_LOOP('',(#9955,#9956,#9957,#9958));
#1404=EDGE_LOOP('',(#9959,#9960,#9961,#9962,#9963));
#1405=EDGE_LOOP('',(#9964,#9965,#9966,#9967));
#1406=EDGE_LOOP('',(#9968,#9969,#9970,#9971,#9972,#9973,#9974,#9975));
#1407=EDGE_LOOP('',(#9976,#9977,#9978,#9979));
#1408=EDGE_LOOP('',(#9980,#9981,#9982,#9983));
#1409=EDGE_LOOP('',(#9984,#9985,#9986,#9987));
#1410=EDGE_LOOP('',(#9988,#9989,#9990,#9991));
#1411=EDGE_LOOP('',(#9992,#9993,#9994,#9995,#9996));
#1412=EDGE_LOOP('',(#9997,#9998,#9999,#10000));
#1413=EDGE_LOOP('',(#10001,#10002,#10003,#10004,#10005));
#1414=EDGE_LOOP('',(#10006,#10007,#10008,#10009));
#1415=EDGE_LOOP('',(#10010,#10011,#10012,#10013,#10014,#10015,#10016,#10017));
#1416=EDGE_LOOP('',(#10018,#10019,#10020,#10021));
#1417=EDGE_LOOP('',(#10022,#10023,#10024,#10025));
#1418=EDGE_LOOP('',(#10026,#10027,#10028,#10029));
#1419=EDGE_LOOP('',(#10030,#10031,#10032,#10033));
#1420=EDGE_LOOP('',(#10034,#10035,#10036,#10037));
#1421=EDGE_LOOP('',(#10038,#10039,#10040,#10041,#10042));
#1422=EDGE_LOOP('',(#10043,#10044,#10045,#10046,#10047));
#1423=EDGE_LOOP('',(#10048,#10049,#10050,#10051));
#1424=EDGE_LOOP('',(#10052,#10053,#10054,#10055,#10056,#10057,#10058,#10059));
#1425=EDGE_LOOP('',(#10060,#10061,#10062,#10063));
#1426=EDGE_LOOP('',(#10064,#10065,#10066,#10067));
#1427=EDGE_LOOP('',(#10068,#10069,#10070,#10071));
#1428=EDGE_LOOP('',(#10072,#10073,#10074,#10075));
#1429=EDGE_LOOP('',(#10076,#10077,#10078,#10079,#10080));
#1430=EDGE_LOOP('',(#10081,#10082,#10083,#10084));
#1431=EDGE_LOOP('',(#10085,#10086,#10087,#10088,#10089));
#1432=EDGE_LOOP('',(#10090,#10091,#10092,#10093));
#1433=EDGE_LOOP('',(#10094,#10095,#10096,#10097,#10098,#10099,#10100,#10101));
#1434=EDGE_LOOP('',(#10102,#10103,#10104,#10105));
#1435=EDGE_LOOP('',(#10106,#10107,#10108,#10109));
#1436=EDGE_LOOP('',(#10110,#10111,#10112,#10113));
#1437=EDGE_LOOP('',(#10114,#10115,#10116,#10117));
#1438=EDGE_LOOP('',(#10118,#10119,#10120,#10121,#10122));
#1439=EDGE_LOOP('',(#10123,#10124,#10125,#10126));
#1440=EDGE_LOOP('',(#10127,#10128,#10129,#10130,#10131));
#1441=EDGE_LOOP('',(#10132,#10133,#10134,#10135));
#1442=EDGE_LOOP('',(#10136,#10137,#10138,#10139,#10140,#10141,#10142,#10143));
#1443=EDGE_LOOP('',(#10144,#10145,#10146,#10147));
#1444=EDGE_LOOP('',(#10148,#10149,#10150,#10151));
#1445=EDGE_LOOP('',(#10152,#10153,#10154,#10155));
#1446=EDGE_LOOP('',(#10156,#10157,#10158,#10159));
#1447=EDGE_LOOP('',(#10160,#10161,#10162,#10163));
#1448=EDGE_LOOP('',(#10164,#10165,#10166,#10167,#10168));
#1449=EDGE_LOOP('',(#10169,#10170,#10171,#10172,#10173));
#1450=EDGE_LOOP('',(#10174,#10175,#10176,#10177));
#1451=EDGE_LOOP('',(#10178,#10179,#10180,#10181,#10182,#10183,#10184,#10185));
#1452=EDGE_LOOP('',(#10186,#10187,#10188,#10189));
#1453=EDGE_LOOP('',(#10190,#10191,#10192,#10193));
#1454=EDGE_LOOP('',(#10194,#10195,#10196,#10197));
#1455=EDGE_LOOP('',(#10198,#10199,#10200,#10201));
#1456=EDGE_LOOP('',(#10202,#10203,#10204,#10205,#10206));
#1457=EDGE_LOOP('',(#10207,#10208,#10209,#10210));
#1458=EDGE_LOOP('',(#10211,#10212,#10213,#10214,#10215));
#1459=EDGE_LOOP('',(#10216,#10217,#10218,#10219));
#1460=EDGE_LOOP('',(#10220,#10221,#10222,#10223,#10224,#10225,#10226,#10227));
#1461=EDGE_LOOP('',(#10228,#10229,#10230,#10231));
#1462=EDGE_LOOP('',(#10232,#10233,#10234,#10235));
#1463=EDGE_LOOP('',(#10236,#10237,#10238,#10239));
#1464=EDGE_LOOP('',(#10240,#10241,#10242,#10243));
#1465=EDGE_LOOP('',(#10244,#10245,#10246,#10247,#10248));
#1466=EDGE_LOOP('',(#10249,#10250,#10251,#10252));
#1467=EDGE_LOOP('',(#10253,#10254,#10255,#10256,#10257));
#1468=EDGE_LOOP('',(#10258,#10259,#10260,#10261));
#1469=EDGE_LOOP('',(#10262,#10263,#10264,#10265,#10266,#10267,#10268,#10269));
#1470=EDGE_LOOP('',(#10270,#10271,#10272,#10273));
#1471=EDGE_LOOP('',(#10274,#10275,#10276,#10277));
#1472=EDGE_LOOP('',(#10278,#10279,#10280,#10281));
#1473=EDGE_LOOP('',(#10282,#10283,#10284,#10285));
#1474=EDGE_LOOP('',(#10286,#10287,#10288,#10289));
#1475=EDGE_LOOP('',(#10290,#10291,#10292,#10293,#10294));
#1476=EDGE_LOOP('',(#10295,#10296,#10297,#10298,#10299));
#1477=EDGE_LOOP('',(#10300,#10301,#10302,#10303));
#1478=EDGE_LOOP('',(#10304,#10305,#10306,#10307,#10308,#10309,#10310,#10311));
#1479=EDGE_LOOP('',(#10312,#10313,#10314,#10315));
#1480=EDGE_LOOP('',(#10316,#10317,#10318,#10319));
#1481=EDGE_LOOP('',(#10320,#10321,#10322,#10323));
#1482=EDGE_LOOP('',(#10324,#10325,#10326,#10327));
#1483=EDGE_LOOP('',(#10328,#10329,#10330,#10331,#10332));
#1484=EDGE_LOOP('',(#10333,#10334,#10335,#10336));
#1485=EDGE_LOOP('',(#10337,#10338,#10339,#10340,#10341));
#1486=EDGE_LOOP('',(#10342,#10343,#10344,#10345));
#1487=EDGE_LOOP('',(#10346,#10347,#10348,#10349,#10350,#10351,#10352,#10353));
#1488=EDGE_LOOP('',(#10354,#10355,#10356,#10357));
#1489=EDGE_LOOP('',(#10358,#10359,#10360,#10361));
#1490=EDGE_LOOP('',(#10362,#10363,#10364,#10365));
#1491=EDGE_LOOP('',(#10366,#10367,#10368,#10369));
#1492=EDGE_LOOP('',(#10370,#10371,#10372,#10373,#10374));
#1493=EDGE_LOOP('',(#10375,#10376,#10377,#10378));
#1494=EDGE_LOOP('',(#10379,#10380,#10381,#10382,#10383));
#1495=EDGE_LOOP('',(#10384,#10385,#10386,#10387));
#1496=EDGE_LOOP('',(#10388,#10389,#10390,#10391,#10392,#10393,#10394,#10395,
#10396));
#1497=EDGE_LOOP('',(#10397,#10398,#10399,#10400));
#1498=EDGE_LOOP('',(#10401,#10402,#10403,#10404));
#1499=EDGE_LOOP('',(#10405,#10406,#10407,#10408));
#1500=EDGE_LOOP('',(#10409,#10410,#10411,#10412));
#1501=EDGE_LOOP('',(#10413,#10414,#10415,#10416,#10417,#10418));
#1502=EDGE_LOOP('',(#10419,#10420,#10421,#10422,#10423));
#1503=EDGE_LOOP('',(#10424,#10425,#10426,#10427,#10428,#10429));
#1504=EDGE_LOOP('',(#10430,#10431,#10432,#10433));
#1505=EDGE_LOOP('',(#10434,#10435,#10436,#10437,#10438,#10439,#10440,#10441,
#10442,#10443,#10444,#10445,#10446,#10447,#10448));
#1506=EDGE_LOOP('',(#10449,#10450,#10451,#10452,#10453,#10454));
#1507=EDGE_LOOP('',(#10455,#10456,#10457,#10458));
#1508=EDGE_LOOP('',(#10459,#10460,#10461,#10462));
#1509=EDGE_LOOP('',(#10463,#10464,#10465,#10466));
#1510=EDGE_LOOP('',(#10467,#10468,#10469,#10470));
#1511=EDGE_LOOP('',(#10471,#10472,#10473,#10474));
#1512=EDGE_LOOP('',(#10475,#10476,#10477,#10478));
#1513=EDGE_LOOP('',(#10479,#10480,#10481,#10482));
#1514=EDGE_LOOP('',(#10483,#10484,#10485,#10486,#10487,#10488));
#1515=EDGE_LOOP('',(#10489,#10490,#10491,#10492));
#1516=EDGE_LOOP('',(#10493,#10494,#10495,#10496));
#1517=EDGE_LOOP('',(#10497,#10498,#10499,#10500));
#1518=EDGE_LOOP('',(#10501,#10502,#10503,#10504));
#1519=EDGE_LOOP('',(#10505,#10506,#10507,#10508));
#1520=EDGE_LOOP('',(#10509,#10510,#10511,#10512));
#1521=EDGE_LOOP('',(#10513,#10514,#10515,#10516));
#1522=EDGE_LOOP('',(#10517,#10518,#10519,#10520));
#1523=EDGE_LOOP('',(#10521,#10522,#10523,#10524));
#1524=EDGE_LOOP('',(#10525,#10526,#10527,#10528));
#1525=EDGE_LOOP('',(#10529,#10530,#10531,#10532));
#1526=EDGE_LOOP('',(#10533,#10534,#10535,#10536));
#1527=EDGE_LOOP('',(#10537,#10538,#10539,#10540));
#1528=EDGE_LOOP('',(#10541,#10542,#10543,#10544,#10545,#10546,#10547,#10548));
#1529=EDGE_LOOP('',(#10549,#10550,#10551,#10552));
#1530=EDGE_LOOP('',(#10553,#10554,#10555,#10556));
#1531=EDGE_LOOP('',(#10557,#10558,#10559,#10560));
#1532=EDGE_LOOP('',(#10561,#10562,#10563,#10564));
#1533=EDGE_LOOP('',(#10565,#10566,#10567,#10568));
#1534=EDGE_LOOP('',(#10569,#10570,#10571,#10572));
#1535=EDGE_LOOP('',(#10573,#10574,#10575,#10576));
#1536=EDGE_LOOP('',(#10577,#10578,#10579,#10580));
#1537=EDGE_LOOP('',(#10581,#10582,#10583,#10584));
#1538=EDGE_LOOP('',(#10585,#10586,#10587,#10588,#10589,#10590));
#1539=EDGE_LOOP('',(#10591,#10592,#10593,#10594));
#1540=EDGE_LOOP('',(#10595,#10596,#10597,#10598));
#1541=EDGE_LOOP('',(#10599,#10600,#10601,#10602));
#1542=EDGE_LOOP('',(#10603,#10604,#10605,#10606));
#1543=EDGE_LOOP('',(#10607,#10608,#10609,#10610));
#1544=EDGE_LOOP('',(#10611,#10612,#10613,#10614));
#1545=EDGE_LOOP('',(#10615,#10616,#10617,#10618,#10619,#10620,#10621,#10622,
#10623,#10624,#10625,#10626,#10627,#10628));
#1546=EDGE_LOOP('',(#10629,#10630,#10631,#10632));
#1547=EDGE_LOOP('',(#10633,#10634,#10635,#10636));
#1548=EDGE_LOOP('',(#10637,#10638,#10639,#10640));
#1549=EDGE_LOOP('',(#10641,#10642,#10643,#10644));
#1550=EDGE_LOOP('',(#10645,#10646,#10647,#10648));
#1551=EDGE_LOOP('',(#10649,#10650,#10651));
#1552=EDGE_LOOP('',(#10652,#10653,#10654,#10655));
#1553=LINE('',#15942,#3079);
#1554=LINE('',#15944,#3080);
#1555=LINE('',#15946,#3081);
#1556=LINE('',#15947,#3082);
#1557=LINE('',#15951,#3083);
#1558=LINE('',#15953,#3084);
#1559=LINE('',#15955,#3085);
#1560=LINE('',#15956,#3086);
#1561=LINE('',#15960,#3087);
#1562=LINE('',#15962,#3088);
#1563=LINE('',#15964,#3089);
#1564=LINE('',#15965,#3090);
#1565=LINE('',#15968,#3091);
#1566=LINE('',#15970,#3092);
#1567=LINE('',#15971,#3093);
#1568=LINE('',#15975,#3094);
#1569=LINE('',#15977,#3095);
#1570=LINE('',#15979,#3096);
#1571=LINE('',#15980,#3097);
#1572=LINE('',#15984,#3098);
#1573=LINE('',#15986,#3099);
#1574=LINE('',#15988,#3100);
#1575=LINE('',#15989,#3101);
#1576=LINE('',#15992,#3102);
#1577=LINE('',#15994,#3103);
#1578=LINE('',#15995,#3104);
#1579=LINE('',#15998,#3105);
#1580=LINE('',#16000,#3106);
#1581=LINE('',#16001,#3107);
#1582=LINE('',#16005,#3108);
#1583=LINE('',#16007,#3109);
#1584=LINE('',#16009,#3110);
#1585=LINE('',#16010,#3111);
#1586=LINE('',#16014,#3112);
#1587=LINE('',#16016,#3113);
#1588=LINE('',#16018,#3114);
#1589=LINE('',#16019,#3115);
#1590=LINE('',#16022,#3116);
#1591=LINE('',#16024,#3117);
#1592=LINE('',#16025,#3118);
#1593=LINE('',#16028,#3119);
#1594=LINE('',#16030,#3120);
#1595=LINE('',#16031,#3121);
#1596=LINE('',#16035,#3122);
#1597=LINE('',#16037,#3123);
#1598=LINE('',#16039,#3124);
#1599=LINE('',#16040,#3125);
#1600=LINE('',#16043,#3126);
#1601=LINE('',#16045,#3127);
#1602=LINE('',#16046,#3128);
#1603=LINE('',#16050,#3129);
#1604=LINE('',#16052,#3130);
#1605=LINE('',#16054,#3131);
#1606=LINE('',#16055,#3132);
#1607=LINE('',#16058,#3133);
#1608=LINE('',#16060,#3134);
#1609=LINE('',#16061,#3135);
#1610=LINE('',#16065,#3136);
#1611=LINE('',#16067,#3137);
#1612=LINE('',#16069,#3138);
#1613=LINE('',#16070,#3139);
#1614=LINE('',#16073,#3140);
#1615=LINE('',#16075,#3141);
#1616=LINE('',#16076,#3142);
#1617=LINE('',#16080,#3143);
#1618=LINE('',#16082,#3144);
#1619=LINE('',#16084,#3145);
#1620=LINE('',#16085,#3146);
#1621=LINE('',#16088,#3147);
#1622=LINE('',#16090,#3148);
#1623=LINE('',#16091,#3149);
#1624=LINE('',#16095,#3150);
#1625=LINE('',#16097,#3151);
#1626=LINE('',#16099,#3152);
#1627=LINE('',#16100,#3153);
#1628=LINE('',#16103,#3154);
#1629=LINE('',#16105,#3155);
#1630=LINE('',#16106,#3156);
#1631=LINE('',#16110,#3157);
#1632=LINE('',#16112,#3158);
#1633=LINE('',#16114,#3159);
#1634=LINE('',#16115,#3160);
#1635=LINE('',#16118,#3161);
#1636=LINE('',#16120,#3162);
#1637=LINE('',#16121,#3163);
#1638=LINE('',#16125,#3164);
#1639=LINE('',#16127,#3165);
#1640=LINE('',#16129,#3166);
#1641=LINE('',#16130,#3167);
#1642=LINE('',#16133,#3168);
#1643=LINE('',#16135,#3169);
#1644=LINE('',#16136,#3170);
#1645=LINE('',#16140,#3171);
#1646=LINE('',#16142,#3172);
#1647=LINE('',#16144,#3173);
#1648=LINE('',#16145,#3174);
#1649=LINE('',#16148,#3175);
#1650=LINE('',#16150,#3176);
#1651=LINE('',#16151,#3177);
#1652=LINE('',#16155,#3178);
#1653=LINE('',#16157,#3179);
#1654=LINE('',#16159,#3180);
#1655=LINE('',#16160,#3181);
#1656=LINE('',#16164,#3182);
#1657=LINE('',#16166,#3183);
#1658=LINE('',#16168,#3184);
#1659=LINE('',#16169,#3185);
#1660=LINE('',#16172,#3186);
#1661=LINE('',#16174,#3187);
#1662=LINE('',#16175,#3188);
#1663=LINE('',#16178,#3189);
#1664=LINE('',#16180,#3190);
#1665=LINE('',#16181,#3191);
#1666=LINE('',#16185,#3192);
#1667=LINE('',#16187,#3193);
#1668=LINE('',#16189,#3194);
#1669=LINE('',#16190,#3195);
#1670=LINE('',#16194,#3196);
#1671=LINE('',#16196,#3197);
#1672=LINE('',#16198,#3198);
#1673=LINE('',#16199,#3199);
#1674=LINE('',#16202,#3200);
#1675=LINE('',#16204,#3201);
#1676=LINE('',#16205,#3202);
#1677=LINE('',#16208,#3203);
#1678=LINE('',#16210,#3204);
#1679=LINE('',#16211,#3205);
#1680=LINE('',#16215,#3206);
#1681=LINE('',#16217,#3207);
#1682=LINE('',#16219,#3208);
#1683=LINE('',#16220,#3209);
#1684=LINE('',#16223,#3210);
#1685=LINE('',#16225,#3211);
#1686=LINE('',#16226,#3212);
#1687=LINE('',#16230,#3213);
#1688=LINE('',#16232,#3214);
#1689=LINE('',#16234,#3215);
#1690=LINE('',#16235,#3216);
#1691=LINE('',#16238,#3217);
#1692=LINE('',#16240,#3218);
#1693=LINE('',#16241,#3219);
#1694=LINE('',#16245,#3220);
#1695=LINE('',#16247,#3221);
#1696=LINE('',#16249,#3222);
#1697=LINE('',#16250,#3223);
#1698=LINE('',#16253,#3224);
#1699=LINE('',#16255,#3225);
#1700=LINE('',#16256,#3226);
#1701=LINE('',#16260,#3227);
#1702=LINE('',#16262,#3228);
#1703=LINE('',#16264,#3229);
#1704=LINE('',#16265,#3230);
#1705=LINE('',#16268,#3231);
#1706=LINE('',#16270,#3232);
#1707=LINE('',#16271,#3233);
#1708=LINE('',#16275,#3234);
#1709=LINE('',#16277,#3235);
#1710=LINE('',#16279,#3236);
#1711=LINE('',#16280,#3237);
#1712=LINE('',#16283,#3238);
#1713=LINE('',#16285,#3239);
#1714=LINE('',#16286,#3240);
#1715=LINE('',#16290,#3241);
#1716=LINE('',#16292,#3242);
#1717=LINE('',#16294,#3243);
#1718=LINE('',#16295,#3244);
#1719=LINE('',#16298,#3245);
#1720=LINE('',#16300,#3246);
#1721=LINE('',#16301,#3247);
#1722=LINE('',#16305,#3248);
#1723=LINE('',#16307,#3249);
#1724=LINE('',#16309,#3250);
#1725=LINE('',#16310,#3251);
#1726=LINE('',#16313,#3252);
#1727=LINE('',#16315,#3253);
#1728=LINE('',#16316,#3254);
#1729=LINE('',#16320,#3255);
#1730=LINE('',#16322,#3256);
#1731=LINE('',#16324,#3257);
#1732=LINE('',#16325,#3258);
#1733=LINE('',#16328,#3259);
#1734=LINE('',#16330,#3260);
#1735=LINE('',#16331,#3261);
#1736=LINE('',#16335,#3262);
#1737=LINE('',#16337,#3263);
#1738=LINE('',#16339,#3264);
#1739=LINE('',#16340,#3265);
#1740=LINE('',#16344,#3266);
#1741=LINE('',#16346,#3267);
#1742=LINE('',#16348,#3268);
#1743=LINE('',#16349,#3269);
#1744=LINE('',#16352,#3270);
#1745=LINE('',#16354,#3271);
#1746=LINE('',#16355,#3272);
#1747=LINE('',#16358,#3273);
#1748=LINE('',#16360,#3274);
#1749=LINE('',#16361,#3275);
#1750=LINE('',#16365,#3276);
#1751=LINE('',#16367,#3277);
#1752=LINE('',#16369,#3278);
#1753=LINE('',#16370,#3279);
#1754=LINE('',#16374,#3280);
#1755=LINE('',#16376,#3281);
#1756=LINE('',#16378,#3282);
#1757=LINE('',#16379,#3283);
#1758=LINE('',#16382,#3284);
#1759=LINE('',#16384,#3285);
#1760=LINE('',#16385,#3286);
#1761=LINE('',#16388,#3287);
#1762=LINE('',#16390,#3288);
#1763=LINE('',#16391,#3289);
#1764=LINE('',#16395,#3290);
#1765=LINE('',#16397,#3291);
#1766=LINE('',#16399,#3292);
#1767=LINE('',#16400,#3293);
#1768=LINE('',#16403,#3294);
#1769=LINE('',#16405,#3295);
#1770=LINE('',#16406,#3296);
#1771=LINE('',#16410,#3297);
#1772=LINE('',#16412,#3298);
#1773=LINE('',#16414,#3299);
#1774=LINE('',#16415,#3300);
#1775=LINE('',#16418,#3301);
#1776=LINE('',#16420,#3302);
#1777=LINE('',#16421,#3303);
#1778=LINE('',#16425,#3304);
#1779=LINE('',#16427,#3305);
#1780=LINE('',#16429,#3306);
#1781=LINE('',#16430,#3307);
#1782=LINE('',#16433,#3308);
#1783=LINE('',#16435,#3309);
#1784=LINE('',#16436,#3310);
#1785=LINE('',#16440,#3311);
#1786=LINE('',#16442,#3312);
#1787=LINE('',#16444,#3313);
#1788=LINE('',#16445,#3314);
#1789=LINE('',#16448,#3315);
#1790=LINE('',#16450,#3316);
#1791=LINE('',#16451,#3317);
#1792=LINE('',#16455,#3318);
#1793=LINE('',#16457,#3319);
#1794=LINE('',#16459,#3320);
#1795=LINE('',#16460,#3321);
#1796=LINE('',#16463,#3322);
#1797=LINE('',#16465,#3323);
#1798=LINE('',#16466,#3324);
#1799=LINE('',#16470,#3325);
#1800=LINE('',#16472,#3326);
#1801=LINE('',#16474,#3327);
#1802=LINE('',#16475,#3328);
#1803=LINE('',#16478,#3329);
#1804=LINE('',#16480,#3330);
#1805=LINE('',#16481,#3331);
#1806=LINE('',#16485,#3332);
#1807=LINE('',#16487,#3333);
#1808=LINE('',#16489,#3334);
#1809=LINE('',#16490,#3335);
#1810=LINE('',#16493,#3336);
#1811=LINE('',#16495,#3337);
#1812=LINE('',#16496,#3338);
#1813=LINE('',#16500,#3339);
#1814=LINE('',#16502,#3340);
#1815=LINE('',#16504,#3341);
#1816=LINE('',#16505,#3342);
#1817=LINE('',#16508,#3343);
#1818=LINE('',#16510,#3344);
#1819=LINE('',#16511,#3345);
#1820=LINE('',#16515,#3346);
#1821=LINE('',#16517,#3347);
#1822=LINE('',#16519,#3348);
#1823=LINE('',#16520,#3349);
#1824=LINE('',#16524,#3350);
#1825=LINE('',#16526,#3351);
#1826=LINE('',#16528,#3352);
#1827=LINE('',#16529,#3353);
#1828=LINE('',#16532,#3354);
#1829=LINE('',#16534,#3355);
#1830=LINE('',#16535,#3356);
#1831=LINE('',#16538,#3357);
#1832=LINE('',#16540,#3358);
#1833=LINE('',#16541,#3359);
#1834=LINE('',#16545,#3360);
#1835=LINE('',#16547,#3361);
#1836=LINE('',#16549,#3362);
#1837=LINE('',#16550,#3363);
#1838=LINE('',#16554,#3364);
#1839=LINE('',#16556,#3365);
#1840=LINE('',#16558,#3366);
#1841=LINE('',#16559,#3367);
#1842=LINE('',#16562,#3368);
#1843=LINE('',#16564,#3369);
#1844=LINE('',#16565,#3370);
#1845=LINE('',#16568,#3371);
#1846=LINE('',#16570,#3372);
#1847=LINE('',#16571,#3373);
#1848=LINE('',#16575,#3374);
#1849=LINE('',#16577,#3375);
#1850=LINE('',#16579,#3376);
#1851=LINE('',#16580,#3377);
#1852=LINE('',#16583,#3378);
#1853=LINE('',#16585,#3379);
#1854=LINE('',#16586,#3380);
#1855=LINE('',#16590,#3381);
#1856=LINE('',#16592,#3382);
#1857=LINE('',#16594,#3383);
#1858=LINE('',#16595,#3384);
#1859=LINE('',#16598,#3385);
#1860=LINE('',#16600,#3386);
#1861=LINE('',#16601,#3387);
#1862=LINE('',#16605,#3388);
#1863=LINE('',#16607,#3389);
#1864=LINE('',#16609,#3390);
#1865=LINE('',#16610,#3391);
#1866=LINE('',#16613,#3392);
#1867=LINE('',#16615,#3393);
#1868=LINE('',#16616,#3394);
#1869=LINE('',#16620,#3395);
#1870=LINE('',#16622,#3396);
#1871=LINE('',#16624,#3397);
#1872=LINE('',#16625,#3398);
#1873=LINE('',#16628,#3399);
#1874=LINE('',#16630,#3400);
#1875=LINE('',#16631,#3401);
#1876=LINE('',#16635,#3402);
#1877=LINE('',#16637,#3403);
#1878=LINE('',#16639,#3404);
#1879=LINE('',#16640,#3405);
#1880=LINE('',#16643,#3406);
#1881=LINE('',#16645,#3407);
#1882=LINE('',#16646,#3408);
#1883=LINE('',#16650,#3409);
#1884=LINE('',#16652,#3410);
#1885=LINE('',#16654,#3411);
#1886=LINE('',#16655,#3412);
#1887=LINE('',#16658,#3413);
#1888=LINE('',#16660,#3414);
#1889=LINE('',#16661,#3415);
#1890=LINE('',#16665,#3416);
#1891=LINE('',#16667,#3417);
#1892=LINE('',#16669,#3418);
#1893=LINE('',#16670,#3419);
#1894=LINE('',#16673,#3420);
#1895=LINE('',#16675,#3421);
#1896=LINE('',#16676,#3422);
#1897=LINE('',#16680,#3423);
#1898=LINE('',#16682,#3424);
#1899=LINE('',#16684,#3425);
#1900=LINE('',#16685,#3426);
#1901=LINE('',#16688,#3427);
#1902=LINE('',#16690,#3428);
#1903=LINE('',#16691,#3429);
#1904=LINE('',#16695,#3430);
#1905=LINE('',#16697,#3431);
#1906=LINE('',#16699,#3432);
#1907=LINE('',#16700,#3433);
#1908=LINE('',#16704,#3434);
#1909=LINE('',#16706,#3435);
#1910=LINE('',#16708,#3436);
#1911=LINE('',#16709,#3437);
#1912=LINE('',#16712,#3438);
#1913=LINE('',#16714,#3439);
#1914=LINE('',#16715,#3440);
#1915=LINE('',#16718,#3441);
#1916=LINE('',#16720,#3442);
#1917=LINE('',#16721,#3443);
#1918=LINE('',#16725,#3444);
#1919=LINE('',#16727,#3445);
#1920=LINE('',#16729,#3446);
#1921=LINE('',#16730,#3447);
#1922=LINE('',#16734,#3448);
#1923=LINE('',#16736,#3449);
#1924=LINE('',#16738,#3450);
#1925=LINE('',#16739,#3451);
#1926=LINE('',#16742,#3452);
#1927=LINE('',#16744,#3453);
#1928=LINE('',#16745,#3454);
#1929=LINE('',#16748,#3455);
#1930=LINE('',#16750,#3456);
#1931=LINE('',#16751,#3457);
#1932=LINE('',#16755,#3458);
#1933=LINE('',#16757,#3459);
#1934=LINE('',#16759,#3460);
#1935=LINE('',#16760,#3461);
#1936=LINE('',#16763,#3462);
#1937=LINE('',#16765,#3463);
#1938=LINE('',#16766,#3464);
#1939=LINE('',#16770,#3465);
#1940=LINE('',#16772,#3466);
#1941=LINE('',#16774,#3467);
#1942=LINE('',#16775,#3468);
#1943=LINE('',#16778,#3469);
#1944=LINE('',#16780,#3470);
#1945=LINE('',#16781,#3471);
#1946=LINE('',#16785,#3472);
#1947=LINE('',#16787,#3473);
#1948=LINE('',#16789,#3474);
#1949=LINE('',#16790,#3475);
#1950=LINE('',#16793,#3476);
#1951=LINE('',#16795,#3477);
#1952=LINE('',#16796,#3478);
#1953=LINE('',#16800,#3479);
#1954=LINE('',#16802,#3480);
#1955=LINE('',#16804,#3481);
#1956=LINE('',#16805,#3482);
#1957=LINE('',#16808,#3483);
#1958=LINE('',#16810,#3484);
#1959=LINE('',#16811,#3485);
#1960=LINE('',#16815,#3486);
#1961=LINE('',#16817,#3487);
#1962=LINE('',#16819,#3488);
#1963=LINE('',#16820,#3489);
#1964=LINE('',#16823,#3490);
#1965=LINE('',#16825,#3491);
#1966=LINE('',#16826,#3492);
#1967=LINE('',#16830,#3493);
#1968=LINE('',#16832,#3494);
#1969=LINE('',#16834,#3495);
#1970=LINE('',#16835,#3496);
#1971=LINE('',#16838,#3497);
#1972=LINE('',#16840,#3498);
#1973=LINE('',#16841,#3499);
#1974=LINE('',#16845,#3500);
#1975=LINE('',#16847,#3501);
#1976=LINE('',#16849,#3502);
#1977=LINE('',#16850,#3503);
#1978=LINE('',#16853,#3504);
#1979=LINE('',#16855,#3505);
#1980=LINE('',#16856,#3506);
#1981=LINE('',#16860,#3507);
#1982=LINE('',#16862,#3508);
#1983=LINE('',#16864,#3509);
#1984=LINE('',#16865,#3510);
#1985=LINE('',#16868,#3511);
#1986=LINE('',#16870,#3512);
#1987=LINE('',#16871,#3513);
#1988=LINE('',#16875,#3514);
#1989=LINE('',#16877,#3515);
#1990=LINE('',#16879,#3516);
#1991=LINE('',#16880,#3517);
#1992=LINE('',#16884,#3518);
#1993=LINE('',#16886,#3519);
#1994=LINE('',#16888,#3520);
#1995=LINE('',#16889,#3521);
#1996=LINE('',#16892,#3522);
#1997=LINE('',#16894,#3523);
#1998=LINE('',#16895,#3524);
#1999=LINE('',#16898,#3525);
#2000=LINE('',#16900,#3526);
#2001=LINE('',#16901,#3527);
#2002=LINE('',#16905,#3528);
#2003=LINE('',#16907,#3529);
#2004=LINE('',#16909,#3530);
#2005=LINE('',#16910,#3531);
#2006=LINE('',#16914,#3532);
#2007=LINE('',#16916,#3533);
#2008=LINE('',#16918,#3534);
#2009=LINE('',#16919,#3535);
#2010=LINE('',#16922,#3536);
#2011=LINE('',#16924,#3537);
#2012=LINE('',#16925,#3538);
#2013=LINE('',#16928,#3539);
#2014=LINE('',#16930,#3540);
#2015=LINE('',#16931,#3541);
#2016=LINE('',#16935,#3542);
#2017=LINE('',#16937,#3543);
#2018=LINE('',#16939,#3544);
#2019=LINE('',#16940,#3545);
#2020=LINE('',#16943,#3546);
#2021=LINE('',#16945,#3547);
#2022=LINE('',#16946,#3548);
#2023=LINE('',#16950,#3549);
#2024=LINE('',#16952,#3550);
#2025=LINE('',#16954,#3551);
#2026=LINE('',#16955,#3552);
#2027=LINE('',#16958,#3553);
#2028=LINE('',#16960,#3554);
#2029=LINE('',#16961,#3555);
#2030=LINE('',#16965,#3556);
#2031=LINE('',#16967,#3557);
#2032=LINE('',#16969,#3558);
#2033=LINE('',#16970,#3559);
#2034=LINE('',#16973,#3560);
#2035=LINE('',#16975,#3561);
#2036=LINE('',#16976,#3562);
#2037=LINE('',#16980,#3563);
#2038=LINE('',#16982,#3564);
#2039=LINE('',#16984,#3565);
#2040=LINE('',#16985,#3566);
#2041=LINE('',#16988,#3567);
#2042=LINE('',#16990,#3568);
#2043=LINE('',#16991,#3569);
#2044=LINE('',#16993,#3570);
#2045=LINE('',#16994,#3571);
#2046=LINE('',#16997,#3572);
#2047=LINE('',#16999,#3573);
#2048=LINE('',#17000,#3574);
#2049=LINE('',#17002,#3575);
#2050=LINE('',#17003,#3576);
#2051=LINE('',#17006,#3577);
#2052=LINE('',#17008,#3578);
#2053=LINE('',#17009,#3579);
#2054=LINE('',#17011,#3580);
#2055=LINE('',#17012,#3581);
#2056=LINE('',#17015,#3582);
#2057=LINE('',#17017,#3583);
#2058=LINE('',#17018,#3584);
#2059=LINE('',#17020,#3585);
#2060=LINE('',#17021,#3586);
#2061=LINE('',#17024,#3587);
#2062=LINE('',#17026,#3588);
#2063=LINE('',#17027,#3589);
#2064=LINE('',#17029,#3590);
#2065=LINE('',#17030,#3591);
#2066=LINE('',#17032,#3592);
#2067=LINE('',#17033,#3593);
#2068=LINE('',#17036,#3594);
#2069=LINE('',#17038,#3595);
#2070=LINE('',#17039,#3596);
#2071=LINE('',#17042,#3597);
#2072=LINE('',#17044,#3598);
#2073=LINE('',#17045,#3599);
#2074=LINE('',#17047,#3600);
#2075=LINE('',#17048,#3601);
#2076=LINE('',#17050,#3602);
#2077=LINE('',#17051,#3603);
#2078=LINE('',#17054,#3604);
#2079=LINE('',#17056,#3605);
#2080=LINE('',#17057,#3606);
#2081=LINE('',#17060,#3607);
#2082=LINE('',#17062,#3608);
#2083=LINE('',#17063,#3609);
#2084=LINE('',#17065,#3610);
#2085=LINE('',#17066,#3611);
#2086=LINE('',#17069,#3612);
#2087=LINE('',#17071,#3613);
#2088=LINE('',#17072,#3614);
#2089=LINE('',#17074,#3615);
#2090=LINE('',#17075,#3616);
#2091=LINE('',#17078,#3617);
#2092=LINE('',#17080,#3618);
#2093=LINE('',#17081,#3619);
#2094=LINE('',#17083,#3620);
#2095=LINE('',#17084,#3621);
#2096=LINE('',#17087,#3622);
#2097=LINE('',#17089,#3623);
#2098=LINE('',#17090,#3624);
#2099=LINE('',#17092,#3625);
#2100=LINE('',#17093,#3626);
#2101=LINE('',#17096,#3627);
#2102=LINE('',#17098,#3628);
#2103=LINE('',#17099,#3629);
#2104=LINE('',#17101,#3630);
#2105=LINE('',#17102,#3631);
#2106=LINE('',#17105,#3632);
#2107=LINE('',#17107,#3633);
#2108=LINE('',#17108,#3634);
#2109=LINE('',#17110,#3635);
#2110=LINE('',#17111,#3636);
#2111=LINE('',#17114,#3637);
#2112=LINE('',#17116,#3638);
#2113=LINE('',#17117,#3639);
#2114=LINE('',#17119,#3640);
#2115=LINE('',#17120,#3641);
#2116=LINE('',#17123,#3642);
#2117=LINE('',#17125,#3643);
#2118=LINE('',#17126,#3644);
#2119=LINE('',#17128,#3645);
#2120=LINE('',#17129,#3646);
#2121=LINE('',#17132,#3647);
#2122=LINE('',#17134,#3648);
#2123=LINE('',#17135,#3649);
#2124=LINE('',#17137,#3650);
#2125=LINE('',#17138,#3651);
#2126=LINE('',#17140,#3652);
#2127=LINE('',#17141,#3653);
#2128=LINE('',#17144,#3654);
#2129=LINE('',#17146,#3655);
#2130=LINE('',#17147,#3656);
#2131=LINE('',#17150,#3657);
#2132=LINE('',#17152,#3658);
#2133=LINE('',#17153,#3659);
#2134=LINE('',#17155,#3660);
#2135=LINE('',#17156,#3661);
#2136=LINE('',#17158,#3662);
#2137=LINE('',#17159,#3663);
#2138=LINE('',#17162,#3664);
#2139=LINE('',#17164,#3665);
#2140=LINE('',#17165,#3666);
#2141=LINE('',#17168,#3667);
#2142=LINE('',#17170,#3668);
#2143=LINE('',#17171,#3669);
#2144=LINE('',#17173,#3670);
#2145=LINE('',#17174,#3671);
#2146=LINE('',#17177,#3672);
#2147=LINE('',#17179,#3673);
#2148=LINE('',#17180,#3674);
#2149=LINE('',#17182,#3675);
#2150=LINE('',#17183,#3676);
#2151=LINE('',#17186,#3677);
#2152=LINE('',#17188,#3678);
#2153=LINE('',#17189,#3679);
#2154=LINE('',#17191,#3680);
#2155=LINE('',#17192,#3681);
#2156=LINE('',#17195,#3682);
#2157=LINE('',#17197,#3683);
#2158=LINE('',#17198,#3684);
#2159=LINE('',#17200,#3685);
#2160=LINE('',#17201,#3686);
#2161=LINE('',#17204,#3687);
#2162=LINE('',#17206,#3688);
#2163=LINE('',#17207,#3689);
#2164=LINE('',#17209,#3690);
#2165=LINE('',#17210,#3691);
#2166=LINE('',#17213,#3692);
#2167=LINE('',#17215,#3693);
#2168=LINE('',#17216,#3694);
#2169=LINE('',#17218,#3695);
#2170=LINE('',#17219,#3696);
#2171=LINE('',#17222,#3697);
#2172=LINE('',#17224,#3698);
#2173=LINE('',#17225,#3699);
#2174=LINE('',#17227,#3700);
#2175=LINE('',#17228,#3701);
#2176=LINE('',#17231,#3702);
#2177=LINE('',#17233,#3703);
#2178=LINE('',#17234,#3704);
#2179=LINE('',#17236,#3705);
#2180=LINE('',#17237,#3706);
#2181=LINE('',#17240,#3707);
#2182=LINE('',#17242,#3708);
#2183=LINE('',#17243,#3709);
#2184=LINE('',#17245,#3710);
#2185=LINE('',#17246,#3711);
#2186=LINE('',#17248,#3712);
#2187=LINE('',#17249,#3713);
#2188=LINE('',#17252,#3714);
#2189=LINE('',#17254,#3715);
#2190=LINE('',#17255,#3716);
#2191=LINE('',#17258,#3717);
#2192=LINE('',#17260,#3718);
#2193=LINE('',#17261,#3719);
#2194=LINE('',#17263,#3720);
#2195=LINE('',#17264,#3721);
#2196=LINE('',#17266,#3722);
#2197=LINE('',#17267,#3723);
#2198=LINE('',#17270,#3724);
#2199=LINE('',#17272,#3725);
#2200=LINE('',#17273,#3726);
#2201=LINE('',#17276,#3727);
#2202=LINE('',#17278,#3728);
#2203=LINE('',#17279,#3729);
#2204=LINE('',#17281,#3730);
#2205=LINE('',#17282,#3731);
#2206=LINE('',#17285,#3732);
#2207=LINE('',#17287,#3733);
#2208=LINE('',#17288,#3734);
#2209=LINE('',#17290,#3735);
#2210=LINE('',#17291,#3736);
#2211=LINE('',#17294,#3737);
#2212=LINE('',#17296,#3738);
#2213=LINE('',#17297,#3739);
#2214=LINE('',#17299,#3740);
#2215=LINE('',#17300,#3741);
#2216=LINE('',#17303,#3742);
#2217=LINE('',#17305,#3743);
#2218=LINE('',#17306,#3744);
#2219=LINE('',#17308,#3745);
#2220=LINE('',#17309,#3746);
#2221=LINE('',#17312,#3747);
#2222=LINE('',#17314,#3748);
#2223=LINE('',#17315,#3749);
#2224=LINE('',#17317,#3750);
#2225=LINE('',#17318,#3751);
#2226=LINE('',#17321,#3752);
#2227=LINE('',#17323,#3753);
#2228=LINE('',#17324,#3754);
#2229=LINE('',#17326,#3755);
#2230=LINE('',#17327,#3756);
#2231=LINE('',#17330,#3757);
#2232=LINE('',#17332,#3758);
#2233=LINE('',#17333,#3759);
#2234=LINE('',#17335,#3760);
#2235=LINE('',#17336,#3761);
#2236=LINE('',#17339,#3762);
#2237=LINE('',#17341,#3763);
#2238=LINE('',#17342,#3764);
#2239=LINE('',#17344,#3765);
#2240=LINE('',#17345,#3766);
#2241=LINE('',#17348,#3767);
#2242=LINE('',#17350,#3768);
#2243=LINE('',#17351,#3769);
#2244=LINE('',#17353,#3770);
#2245=LINE('',#17354,#3771);
#2246=LINE('',#17356,#3772);
#2247=LINE('',#17357,#3773);
#2248=LINE('',#17360,#3774);
#2249=LINE('',#17362,#3775);
#2250=LINE('',#17363,#3776);
#2251=LINE('',#17366,#3777);
#2252=LINE('',#17368,#3778);
#2253=LINE('',#17369,#3779);
#2254=LINE('',#17371,#3780);
#2255=LINE('',#17372,#3781);
#2256=LINE('',#17374,#3782);
#2257=LINE('',#17375,#3783);
#2258=LINE('',#17378,#3784);
#2259=LINE('',#17380,#3785);
#2260=LINE('',#17381,#3786);
#2261=LINE('',#17384,#3787);
#2262=LINE('',#17386,#3788);
#2263=LINE('',#17387,#3789);
#2264=LINE('',#17389,#3790);
#2265=LINE('',#17390,#3791);
#2266=LINE('',#17393,#3792);
#2267=LINE('',#17395,#3793);
#2268=LINE('',#17396,#3794);
#2269=LINE('',#17398,#3795);
#2270=LINE('',#17399,#3796);
#2271=LINE('',#17402,#3797);
#2272=LINE('',#17404,#3798);
#2273=LINE('',#17405,#3799);
#2274=LINE('',#17407,#3800);
#2275=LINE('',#17408,#3801);
#2276=LINE('',#17411,#3802);
#2277=LINE('',#17413,#3803);
#2278=LINE('',#17414,#3804);
#2279=LINE('',#17416,#3805);
#2280=LINE('',#17417,#3806);
#2281=LINE('',#17420,#3807);
#2282=LINE('',#17422,#3808);
#2283=LINE('',#17423,#3809);
#2284=LINE('',#17425,#3810);
#2285=LINE('',#17426,#3811);
#2286=LINE('',#17429,#3812);
#2287=LINE('',#17431,#3813);
#2288=LINE('',#17432,#3814);
#2289=LINE('',#17434,#3815);
#2290=LINE('',#17435,#3816);
#2291=LINE('',#17438,#3817);
#2292=LINE('',#17440,#3818);
#2293=LINE('',#17441,#3819);
#2294=LINE('',#17443,#3820);
#2295=LINE('',#17444,#3821);
#2296=LINE('',#17447,#3822);
#2297=LINE('',#17449,#3823);
#2298=LINE('',#17450,#3824);
#2299=LINE('',#17452,#3825);
#2300=LINE('',#17453,#3826);
#2301=LINE('',#17456,#3827);
#2302=LINE('',#17458,#3828);
#2303=LINE('',#17459,#3829);
#2304=LINE('',#17461,#3830);
#2305=LINE('',#17462,#3831);
#2306=LINE('',#17464,#3832);
#2307=LINE('',#17465,#3833);
#2308=LINE('',#17468,#3834);
#2309=LINE('',#17470,#3835);
#2310=LINE('',#17471,#3836);
#2311=LINE('',#17474,#3837);
#2312=LINE('',#17476,#3838);
#2313=LINE('',#17477,#3839);
#2314=LINE('',#17479,#3840);
#2315=LINE('',#17480,#3841);
#2316=LINE('',#17482,#3842);
#2317=LINE('',#17483,#3843);
#2318=LINE('',#17486,#3844);
#2319=LINE('',#17488,#3845);
#2320=LINE('',#17489,#3846);
#2321=LINE('',#17492,#3847);
#2322=LINE('',#17494,#3848);
#2323=LINE('',#17495,#3849);
#2324=LINE('',#17497,#3850);
#2325=LINE('',#17498,#3851);
#2326=LINE('',#17501,#3852);
#2327=LINE('',#17503,#3853);
#2328=LINE('',#17504,#3854);
#2329=LINE('',#17506,#3855);
#2330=LINE('',#17507,#3856);
#2331=LINE('',#17510,#3857);
#2332=LINE('',#17512,#3858);
#2333=LINE('',#17513,#3859);
#2334=LINE('',#17515,#3860);
#2335=LINE('',#17516,#3861);
#2336=LINE('',#17519,#3862);
#2337=LINE('',#17521,#3863);
#2338=LINE('',#17522,#3864);
#2339=LINE('',#17524,#3865);
#2340=LINE('',#17525,#3866);
#2341=LINE('',#17528,#3867);
#2342=LINE('',#17530,#3868);
#2343=LINE('',#17531,#3869);
#2344=LINE('',#17533,#3870);
#2345=LINE('',#17534,#3871);
#2346=LINE('',#17537,#3872);
#2347=LINE('',#17539,#3873);
#2348=LINE('',#17540,#3874);
#2349=LINE('',#17542,#3875);
#2350=LINE('',#17543,#3876);
#2351=LINE('',#17546,#3877);
#2352=LINE('',#17548,#3878);
#2353=LINE('',#17549,#3879);
#2354=LINE('',#17551,#3880);
#2355=LINE('',#17552,#3881);
#2356=LINE('',#17555,#3882);
#2357=LINE('',#17557,#3883);
#2358=LINE('',#17558,#3884);
#2359=LINE('',#17560,#3885);
#2360=LINE('',#17561,#3886);
#2361=LINE('',#17564,#3887);
#2362=LINE('',#17566,#3888);
#2363=LINE('',#17567,#3889);
#2364=LINE('',#17569,#3890);
#2365=LINE('',#17570,#3891);
#2366=LINE('',#17572,#3892);
#2367=LINE('',#17573,#3893);
#2368=LINE('',#17576,#3894);
#2369=LINE('',#17578,#3895);
#2370=LINE('',#17579,#3896);
#2371=LINE('',#17582,#3897);
#2372=LINE('',#17584,#3898);
#2373=LINE('',#17585,#3899);
#2374=LINE('',#17587,#3900);
#2375=LINE('',#17588,#3901);
#2376=LINE('',#17590,#3902);
#2377=LINE('',#17591,#3903);
#2378=LINE('',#17594,#3904);
#2379=LINE('',#17596,#3905);
#2380=LINE('',#17597,#3906);
#2381=LINE('',#17600,#3907);
#2382=LINE('',#17602,#3908);
#2383=LINE('',#17603,#3909);
#2384=LINE('',#17607,#3910);
#2385=LINE('',#17613,#3911);
#2386=LINE('',#17614,#3912);
#2387=LINE('',#17615,#3913);
#2388=LINE('',#17619,#3914);
#2389=LINE('',#17624,#3915);
#2390=LINE('',#17626,#3916);
#2391=LINE('',#17627,#3917);
#2392=LINE('',#17629,#3918);
#2393=LINE('',#17630,#3919);
#2394=LINE('',#17633,#3920);
#2395=LINE('',#17635,#3921);
#2396=LINE('',#17636,#3922);
#2397=LINE('',#17641,#3923);
#2398=LINE('',#17646,#3924);
#2399=LINE('',#17647,#3925);
#2400=LINE('',#17648,#3926);
#2401=LINE('',#17653,#3927);
#2402=LINE('',#17656,#3928);
#2403=LINE('',#17657,#3929);
#2404=LINE('',#17661,#3930);
#2405=LINE('',#17667,#3931);
#2406=LINE('',#17668,#3932);
#2407=LINE('',#17669,#3933);
#2408=LINE('',#17673,#3934);
#2409=LINE('',#17677,#3935);
#2410=LINE('',#17678,#3936);
#2411=LINE('',#17681,#3937);
#2412=LINE('',#17683,#3938);
#2413=LINE('',#17684,#3939);
#2414=LINE('',#17687,#3940);
#2415=LINE('',#17691,#3941);
#2416=LINE('',#17695,#3942);
#2417=LINE('',#17699,#3943);
#2418=LINE('',#17703,#3944);
#2419=LINE('',#17707,#3945);
#2420=LINE('',#17708,#3946);
#2421=LINE('',#17711,#3947);
#2422=LINE('',#17713,#3948);
#2423=LINE('',#17719,#3949);
#2424=LINE('',#17720,#3950);
#2425=LINE('',#17723,#3951);
#2426=LINE('',#17726,#3952);
#2427=LINE('',#17729,#3953);
#2428=LINE('',#17731,#3954);
#2429=LINE('',#17732,#3955);
#2430=LINE('',#17735,#3956);
#2431=LINE('',#17736,#3957);
#2432=LINE('',#17739,#3958);
#2433=LINE('',#17740,#3959);
#2434=LINE('',#17742,#3960);
#2435=LINE('',#17744,#3961);
#2436=LINE('',#17745,#3962);
#2437=LINE('',#17748,#3963);
#2438=LINE('',#17750,#3964);
#2439=LINE('',#17754,#3965);
#2440=LINE('',#17755,#3966);
#2441=LINE('',#17758,#3967);
#2442=LINE('',#17761,#3968);
#2443=LINE('',#17764,#3969);
#2444=LINE('',#17766,#3970);
#2445=LINE('',#17767,#3971);
#2446=LINE('',#17770,#3972);
#2447=LINE('',#17771,#3973);
#2448=LINE('',#17774,#3974);
#2449=LINE('',#17775,#3975);
#2450=LINE('',#17777,#3976);
#2451=LINE('',#17779,#3977);
#2452=LINE('',#17780,#3978);
#2453=LINE('',#17783,#3979);
#2454=LINE('',#17785,#3980);
#2455=LINE('',#17789,#3981);
#2456=LINE('',#17790,#3982);
#2457=LINE('',#17793,#3983);
#2458=LINE('',#17796,#3984);
#2459=LINE('',#17799,#3985);
#2460=LINE('',#17801,#3986);
#2461=LINE('',#17802,#3987);
#2462=LINE('',#17805,#3988);
#2463=LINE('',#17806,#3989);
#2464=LINE('',#17809,#3990);
#2465=LINE('',#17810,#3991);
#2466=LINE('',#17812,#3992);
#2467=LINE('',#17814,#3993);
#2468=LINE('',#17815,#3994);
#2469=LINE('',#17818,#3995);
#2470=LINE('',#17820,#3996);
#2471=LINE('',#17824,#3997);
#2472=LINE('',#17825,#3998);
#2473=LINE('',#17828,#3999);
#2474=LINE('',#17831,#4000);
#2475=LINE('',#17834,#4001);
#2476=LINE('',#17836,#4002);
#2477=LINE('',#17837,#4003);
#2478=LINE('',#17840,#4004);
#2479=LINE('',#17841,#4005);
#2480=LINE('',#17844,#4006);
#2481=LINE('',#17845,#4007);
#2482=LINE('',#17847,#4008);
#2483=LINE('',#17849,#4009);
#2484=LINE('',#17850,#4010);
#2485=LINE('',#17853,#4011);
#2486=LINE('',#17855,#4012);
#2487=LINE('',#17859,#4013);
#2488=LINE('',#17860,#4014);
#2489=LINE('',#17863,#4015);
#2490=LINE('',#17866,#4016);
#2491=LINE('',#17869,#4017);
#2492=LINE('',#17871,#4018);
#2493=LINE('',#17872,#4019);
#2494=LINE('',#17875,#4020);
#2495=LINE('',#17876,#4021);
#2496=LINE('',#17879,#4022);
#2497=LINE('',#17880,#4023);
#2498=LINE('',#17882,#4024);
#2499=LINE('',#17884,#4025);
#2500=LINE('',#17885,#4026);
#2501=LINE('',#17888,#4027);
#2502=LINE('',#17890,#4028);
#2503=LINE('',#17894,#4029);
#2504=LINE('',#17895,#4030);
#2505=LINE('',#17898,#4031);
#2506=LINE('',#17901,#4032);
#2507=LINE('',#17904,#4033);
#2508=LINE('',#17906,#4034);
#2509=LINE('',#17907,#4035);
#2510=LINE('',#17910,#4036);
#2511=LINE('',#17911,#4037);
#2512=LINE('',#17914,#4038);
#2513=LINE('',#17915,#4039);
#2514=LINE('',#17917,#4040);
#2515=LINE('',#17919,#4041);
#2516=LINE('',#17920,#4042);
#2517=LINE('',#17923,#4043);
#2518=LINE('',#17925,#4044);
#2519=LINE('',#17929,#4045);
#2520=LINE('',#17930,#4046);
#2521=LINE('',#17933,#4047);
#2522=LINE('',#17936,#4048);
#2523=LINE('',#17939,#4049);
#2524=LINE('',#17941,#4050);
#2525=LINE('',#17942,#4051);
#2526=LINE('',#17945,#4052);
#2527=LINE('',#17946,#4053);
#2528=LINE('',#17949,#4054);
#2529=LINE('',#17950,#4055);
#2530=LINE('',#17952,#4056);
#2531=LINE('',#17954,#4057);
#2532=LINE('',#17955,#4058);
#2533=LINE('',#17958,#4059);
#2534=LINE('',#17960,#4060);
#2535=LINE('',#17964,#4061);
#2536=LINE('',#17965,#4062);
#2537=LINE('',#17968,#4063);
#2538=LINE('',#17971,#4064);
#2539=LINE('',#17974,#4065);
#2540=LINE('',#17976,#4066);
#2541=LINE('',#17977,#4067);
#2542=LINE('',#17980,#4068);
#2543=LINE('',#17981,#4069);
#2544=LINE('',#17984,#4070);
#2545=LINE('',#17985,#4071);
#2546=LINE('',#17987,#4072);
#2547=LINE('',#17989,#4073);
#2548=LINE('',#17990,#4074);
#2549=LINE('',#17993,#4075);
#2550=LINE('',#17995,#4076);
#2551=LINE('',#17999,#4077);
#2552=LINE('',#18000,#4078);
#2553=LINE('',#18003,#4079);
#2554=LINE('',#18006,#4080);
#2555=LINE('',#18009,#4081);
#2556=LINE('',#18011,#4082);
#2557=LINE('',#18012,#4083);
#2558=LINE('',#18015,#4084);
#2559=LINE('',#18016,#4085);
#2560=LINE('',#18019,#4086);
#2561=LINE('',#18020,#4087);
#2562=LINE('',#18022,#4088);
#2563=LINE('',#18024,#4089);
#2564=LINE('',#18025,#4090);
#2565=LINE('',#18028,#4091);
#2566=LINE('',#18030,#4092);
#2567=LINE('',#18034,#4093);
#2568=LINE('',#18035,#4094);
#2569=LINE('',#18038,#4095);
#2570=LINE('',#18041,#4096);
#2571=LINE('',#18044,#4097);
#2572=LINE('',#18046,#4098);
#2573=LINE('',#18047,#4099);
#2574=LINE('',#18050,#4100);
#2575=LINE('',#18051,#4101);
#2576=LINE('',#18054,#4102);
#2577=LINE('',#18055,#4103);
#2578=LINE('',#18057,#4104);
#2579=LINE('',#18059,#4105);
#2580=LINE('',#18060,#4106);
#2581=LINE('',#18063,#4107);
#2582=LINE('',#18065,#4108);
#2583=LINE('',#18069,#4109);
#2584=LINE('',#18070,#4110);
#2585=LINE('',#18073,#4111);
#2586=LINE('',#18076,#4112);
#2587=LINE('',#18079,#4113);
#2588=LINE('',#18081,#4114);
#2589=LINE('',#18082,#4115);
#2590=LINE('',#18085,#4116);
#2591=LINE('',#18086,#4117);
#2592=LINE('',#18089,#4118);
#2593=LINE('',#18090,#4119);
#2594=LINE('',#18092,#4120);
#2595=LINE('',#18094,#4121);
#2596=LINE('',#18095,#4122);
#2597=LINE('',#18098,#4123);
#2598=LINE('',#18100,#4124);
#2599=LINE('',#18104,#4125);
#2600=LINE('',#18105,#4126);
#2601=LINE('',#18108,#4127);
#2602=LINE('',#18111,#4128);
#2603=LINE('',#18114,#4129);
#2604=LINE('',#18116,#4130);
#2605=LINE('',#18117,#4131);
#2606=LINE('',#18120,#4132);
#2607=LINE('',#18121,#4133);
#2608=LINE('',#18124,#4134);
#2609=LINE('',#18125,#4135);
#2610=LINE('',#18127,#4136);
#2611=LINE('',#18129,#4137);
#2612=LINE('',#18130,#4138);
#2613=LINE('',#18133,#4139);
#2614=LINE('',#18135,#4140);
#2615=LINE('',#18139,#4141);
#2616=LINE('',#18140,#4142);
#2617=LINE('',#18143,#4143);
#2618=LINE('',#18146,#4144);
#2619=LINE('',#18149,#4145);
#2620=LINE('',#18151,#4146);
#2621=LINE('',#18152,#4147);
#2622=LINE('',#18155,#4148);
#2623=LINE('',#18156,#4149);
#2624=LINE('',#18159,#4150);
#2625=LINE('',#18160,#4151);
#2626=LINE('',#18162,#4152);
#2627=LINE('',#18164,#4153);
#2628=LINE('',#18165,#4154);
#2629=LINE('',#18168,#4155);
#2630=LINE('',#18170,#4156);
#2631=LINE('',#18174,#4157);
#2632=LINE('',#18175,#4158);
#2633=LINE('',#18178,#4159);
#2634=LINE('',#18181,#4160);
#2635=LINE('',#18184,#4161);
#2636=LINE('',#18186,#4162);
#2637=LINE('',#18187,#4163);
#2638=LINE('',#18190,#4164);
#2639=LINE('',#18191,#4165);
#2640=LINE('',#18194,#4166);
#2641=LINE('',#18195,#4167);
#2642=LINE('',#18197,#4168);
#2643=LINE('',#18199,#4169);
#2644=LINE('',#18200,#4170);
#2645=LINE('',#18203,#4171);
#2646=LINE('',#18205,#4172);
#2647=LINE('',#18209,#4173);
#2648=LINE('',#18210,#4174);
#2649=LINE('',#18213,#4175);
#2650=LINE('',#18216,#4176);
#2651=LINE('',#18219,#4177);
#2652=LINE('',#18221,#4178);
#2653=LINE('',#18222,#4179);
#2654=LINE('',#18225,#4180);
#2655=LINE('',#18226,#4181);
#2656=LINE('',#18229,#4182);
#2657=LINE('',#18230,#4183);
#2658=LINE('',#18232,#4184);
#2659=LINE('',#18234,#4185);
#2660=LINE('',#18235,#4186);
#2661=LINE('',#18238,#4187);
#2662=LINE('',#18240,#4188);
#2663=LINE('',#18244,#4189);
#2664=LINE('',#18245,#4190);
#2665=LINE('',#18248,#4191);
#2666=LINE('',#18251,#4192);
#2667=LINE('',#18254,#4193);
#2668=LINE('',#18256,#4194);
#2669=LINE('',#18257,#4195);
#2670=LINE('',#18260,#4196);
#2671=LINE('',#18261,#4197);
#2672=LINE('',#18264,#4198);
#2673=LINE('',#18265,#4199);
#2674=LINE('',#18267,#4200);
#2675=LINE('',#18269,#4201);
#2676=LINE('',#18270,#4202);
#2677=LINE('',#18273,#4203);
#2678=LINE('',#18275,#4204);
#2679=LINE('',#18279,#4205);
#2680=LINE('',#18280,#4206);
#2681=LINE('',#18283,#4207);
#2682=LINE('',#18286,#4208);
#2683=LINE('',#18289,#4209);
#2684=LINE('',#18291,#4210);
#2685=LINE('',#18292,#4211);
#2686=LINE('',#18295,#4212);
#2687=LINE('',#18296,#4213);
#2688=LINE('',#18299,#4214);
#2689=LINE('',#18300,#4215);
#2690=LINE('',#18302,#4216);
#2691=LINE('',#18304,#4217);
#2692=LINE('',#18305,#4218);
#2693=LINE('',#18308,#4219);
#2694=LINE('',#18310,#4220);
#2695=LINE('',#18314,#4221);
#2696=LINE('',#18316,#4222);
#2697=LINE('',#18318,#4223);
#2698=LINE('',#18320,#4224);
#2699=LINE('',#18322,#4225);
#2700=LINE('',#18324,#4226);
#2701=LINE('',#18326,#4227);
#2702=LINE('',#18328,#4228);
#2703=LINE('',#18330,#4229);
#2704=LINE('',#18331,#4230);
#2705=LINE('',#18334,#4231);
#2706=LINE('',#18337,#4232);
#2707=LINE('',#18343,#4233);
#2708=LINE('',#18347,#4234);
#2709=LINE('',#18351,#4235);
#2710=LINE('',#18353,#4236);
#2711=LINE('',#18354,#4237);
#2712=LINE('',#18364,#4238);
#2713=LINE('',#18381,#4239);
#2714=LINE('',#18382,#4240);
#2715=LINE('',#18383,#4241);
#2716=LINE('',#18384,#4242);
#2717=LINE('',#18385,#4243);
#2718=LINE('',#18386,#4244);
#2719=LINE('',#18387,#4245);
#2720=LINE('',#18388,#4246);
#2721=LINE('',#18389,#4247);
#2722=LINE('',#18390,#4248);
#2723=LINE('',#18391,#4249);
#2724=LINE('',#18392,#4250);
#2725=LINE('',#18393,#4251);
#2726=LINE('',#18394,#4252);
#2727=LINE('',#18395,#4253);
#2728=LINE('',#18396,#4254);
#2729=LINE('',#18398,#4255);
#2730=LINE('',#18402,#4256);
#2731=LINE('',#18406,#4257);
#2732=LINE('',#18410,#4258);
#2733=LINE('',#18413,#4259);
#2734=LINE('',#18415,#4260);
#2735=LINE('',#18419,#4261);
#2736=LINE('',#18423,#4262);
#2737=LINE('',#18427,#4263);
#2738=LINE('',#18431,#4264);
#2739=LINE('',#18435,#4265);
#2740=LINE('',#18439,#4266);
#2741=LINE('',#18443,#4267);
#2742=LINE('',#18447,#4268);
#2743=LINE('',#18451,#4269);
#2744=LINE('',#18455,#4270);
#2745=LINE('',#18459,#4271);
#2746=LINE('',#18463,#4272);
#2747=LINE('',#18467,#4273);
#2748=LINE('',#18471,#4274);
#2749=LINE('',#18475,#4275);
#2750=LINE('',#18479,#4276);
#2751=LINE('',#18483,#4277);
#2752=LINE('',#18487,#4278);
#2753=LINE('',#18491,#4279);
#2754=LINE('',#18495,#4280);
#2755=LINE('',#18499,#4281);
#2756=LINE('',#18503,#4282);
#2757=LINE('',#18507,#4283);
#2758=LINE('',#18511,#4284);
#2759=LINE('',#18515,#4285);
#2760=LINE('',#18519,#4286);
#2761=LINE('',#18523,#4287);
#2762=LINE('',#18527,#4288);
#2763=LINE('',#18531,#4289);
#2764=LINE('',#18535,#4290);
#2765=LINE('',#18539,#4291);
#2766=LINE('',#18543,#4292);
#2767=LINE('',#18546,#4293);
#2768=LINE('',#18581,#4294);
#2769=LINE('',#18584,#4295);
#2770=LINE('',#18585,#4296);
#2771=LINE('',#18588,#4297);
#2772=LINE('',#18589,#4298);
#2773=LINE('',#18591,#4299);
#2774=LINE('',#18592,#4300);
#2775=LINE('',#18594,#4301);
#2776=LINE('',#18596,#4302);
#2777=LINE('',#18598,#4303);
#2778=LINE('',#18600,#4304);
#2779=LINE('',#18603,#4305);
#2780=LINE('',#18605,#4306);
#2781=LINE('',#18607,#4307);
#2782=LINE('',#18608,#4308);
#2783=LINE('',#18611,#4309);
#2784=LINE('',#18613,#4310);
#2785=LINE('',#18614,#4311);
#2786=LINE('',#18616,#4312);
#2787=LINE('',#18618,#4313);
#2788=LINE('',#18622,#4314);
#2789=LINE('',#18623,#4315);
#2790=LINE('',#18626,#4316);
#2791=LINE('',#18627,#4317);
#2792=LINE('',#18629,#4318);
#2793=LINE('',#18630,#4319);
#2794=LINE('',#18633,#4320);
#2795=LINE('',#18635,#4321);
#2796=LINE('',#18637,#4322);
#2797=LINE('',#18638,#4323);
#2798=LINE('',#18641,#4324);
#2799=LINE('',#18643,#4325);
#2800=LINE('',#18644,#4326);
#2801=LINE('',#18646,#4327);
#2802=LINE('',#18648,#4328);
#2803=LINE('',#18652,#4329);
#2804=LINE('',#18654,#4330);
#2805=LINE('',#18655,#4331);
#2806=LINE('',#18657,#4332);
#2807=LINE('',#18658,#4333);
#2808=LINE('',#18660,#4334);
#2809=LINE('',#18663,#4335);
#2810=LINE('',#18665,#4336);
#2811=LINE('',#18667,#4337);
#2812=LINE('',#18668,#4338);
#2813=LINE('',#18671,#4339);
#2814=LINE('',#18673,#4340);
#2815=LINE('',#18674,#4341);
#2816=LINE('',#18676,#4342);
#2817=LINE('',#18678,#4343);
#2818=LINE('',#18682,#4344);
#2819=LINE('',#18683,#4345);
#2820=LINE('',#18686,#4346);
#2821=LINE('',#18687,#4347);
#2822=LINE('',#18689,#4348);
#2823=LINE('',#18690,#4349);
#2824=LINE('',#18693,#4350);
#2825=LINE('',#18695,#4351);
#2826=LINE('',#18697,#4352);
#2827=LINE('',#18698,#4353);
#2828=LINE('',#18701,#4354);
#2829=LINE('',#18703,#4355);
#2830=LINE('',#18704,#4356);
#2831=LINE('',#18706,#4357);
#2832=LINE('',#18708,#4358);
#2833=LINE('',#18712,#4359);
#2834=LINE('',#18713,#4360);
#2835=LINE('',#18716,#4361);
#2836=LINE('',#18717,#4362);
#2837=LINE('',#18719,#4363);
#2838=LINE('',#18720,#4364);
#2839=LINE('',#18723,#4365);
#2840=LINE('',#18725,#4366);
#2841=LINE('',#18727,#4367);
#2842=LINE('',#18728,#4368);
#2843=LINE('',#18731,#4369);
#2844=LINE('',#18733,#4370);
#2845=LINE('',#18734,#4371);
#2846=LINE('',#18736,#4372);
#2847=LINE('',#18738,#4373);
#2848=LINE('',#18742,#4374);
#2849=LINE('',#18744,#4375);
#2850=LINE('',#18745,#4376);
#2851=LINE('',#18747,#4377);
#2852=LINE('',#18748,#4378);
#2853=LINE('',#18750,#4379);
#2854=LINE('',#18753,#4380);
#2855=LINE('',#18755,#4381);
#2856=LINE('',#18757,#4382);
#2857=LINE('',#18758,#4383);
#2858=LINE('',#18761,#4384);
#2859=LINE('',#18763,#4385);
#2860=LINE('',#18764,#4386);
#2861=LINE('',#18766,#4387);
#2862=LINE('',#18768,#4388);
#2863=LINE('',#18772,#4389);
#2864=LINE('',#18773,#4390);
#2865=LINE('',#18776,#4391);
#2866=LINE('',#18777,#4392);
#2867=LINE('',#18779,#4393);
#2868=LINE('',#18780,#4394);
#2869=LINE('',#18783,#4395);
#2870=LINE('',#18785,#4396);
#2871=LINE('',#18787,#4397);
#2872=LINE('',#18788,#4398);
#2873=LINE('',#18791,#4399);
#2874=LINE('',#18793,#4400);
#2875=LINE('',#18794,#4401);
#2876=LINE('',#18796,#4402);
#2877=LINE('',#18798,#4403);
#2878=LINE('',#18802,#4404);
#2879=LINE('',#18803,#4405);
#2880=LINE('',#18806,#4406);
#2881=LINE('',#18807,#4407);
#2882=LINE('',#18809,#4408);
#2883=LINE('',#18810,#4409);
#2884=LINE('',#18813,#4410);
#2885=LINE('',#18815,#4411);
#2886=LINE('',#18817,#4412);
#2887=LINE('',#18818,#4413);
#2888=LINE('',#18821,#4414);
#2889=LINE('',#18823,#4415);
#2890=LINE('',#18824,#4416);
#2891=LINE('',#18826,#4417);
#2892=LINE('',#18828,#4418);
#2893=LINE('',#18832,#4419);
#2894=LINE('',#18834,#4420);
#2895=LINE('',#18835,#4421);
#2896=LINE('',#18837,#4422);
#2897=LINE('',#18838,#4423);
#2898=LINE('',#18840,#4424);
#2899=LINE('',#18843,#4425);
#2900=LINE('',#18845,#4426);
#2901=LINE('',#18847,#4427);
#2902=LINE('',#18848,#4428);
#2903=LINE('',#18851,#4429);
#2904=LINE('',#18853,#4430);
#2905=LINE('',#18854,#4431);
#2906=LINE('',#18856,#4432);
#2907=LINE('',#18858,#4433);
#2908=LINE('',#18862,#4434);
#2909=LINE('',#18863,#4435);
#2910=LINE('',#18866,#4436);
#2911=LINE('',#18867,#4437);
#2912=LINE('',#18869,#4438);
#2913=LINE('',#18870,#4439);
#2914=LINE('',#18873,#4440);
#2915=LINE('',#18875,#4441);
#2916=LINE('',#18877,#4442);
#2917=LINE('',#18878,#4443);
#2918=LINE('',#18881,#4444);
#2919=LINE('',#18883,#4445);
#2920=LINE('',#18884,#4446);
#2921=LINE('',#18886,#4447);
#2922=LINE('',#18888,#4448);
#2923=LINE('',#18892,#4449);
#2924=LINE('',#18893,#4450);
#2925=LINE('',#18896,#4451);
#2926=LINE('',#18897,#4452);
#2927=LINE('',#18899,#4453);
#2928=LINE('',#18900,#4454);
#2929=LINE('',#18903,#4455);
#2930=LINE('',#18905,#4456);
#2931=LINE('',#18907,#4457);
#2932=LINE('',#18908,#4458);
#2933=LINE('',#18911,#4459);
#2934=LINE('',#18913,#4460);
#2935=LINE('',#18914,#4461);
#2936=LINE('',#18916,#4462);
#2937=LINE('',#18918,#4463);
#2938=LINE('',#18922,#4464);
#2939=LINE('',#18924,#4465);
#2940=LINE('',#18925,#4466);
#2941=LINE('',#18927,#4467);
#2942=LINE('',#18928,#4468);
#2943=LINE('',#18930,#4469);
#2944=LINE('',#18933,#4470);
#2945=LINE('',#18935,#4471);
#2946=LINE('',#18937,#4472);
#2947=LINE('',#18938,#4473);
#2948=LINE('',#18941,#4474);
#2949=LINE('',#18943,#4475);
#2950=LINE('',#18944,#4476);
#2951=LINE('',#18946,#4477);
#2952=LINE('',#18948,#4478);
#2953=LINE('',#18952,#4479);
#2954=LINE('',#18953,#4480);
#2955=LINE('',#18956,#4481);
#2956=LINE('',#18957,#4482);
#2957=LINE('',#18959,#4483);
#2958=LINE('',#18960,#4484);
#2959=LINE('',#18963,#4485);
#2960=LINE('',#18965,#4486);
#2961=LINE('',#18967,#4487);
#2962=LINE('',#18968,#4488);
#2963=LINE('',#18971,#4489);
#2964=LINE('',#18973,#4490);
#2965=LINE('',#18974,#4491);
#2966=LINE('',#18976,#4492);
#2967=LINE('',#18978,#4493);
#2968=LINE('',#18982,#4494);
#2969=LINE('',#18983,#4495);
#2970=LINE('',#18986,#4496);
#2971=LINE('',#18987,#4497);
#2972=LINE('',#18989,#4498);
#2973=LINE('',#18990,#4499);
#2974=LINE('',#18993,#4500);
#2975=LINE('',#18995,#4501);
#2976=LINE('',#18997,#4502);
#2977=LINE('',#18998,#4503);
#2978=LINE('',#19001,#4504);
#2979=LINE('',#19003,#4505);
#2980=LINE('',#19004,#4506);
#2981=LINE('',#19006,#4507);
#2982=LINE('',#19008,#4508);
#2983=LINE('',#19012,#4509);
#2984=LINE('',#19014,#4510);
#2985=LINE('',#19015,#4511);
#2986=LINE('',#19017,#4512);
#2987=LINE('',#19018,#4513);
#2988=LINE('',#19020,#4514);
#2989=LINE('',#19023,#4515);
#2990=LINE('',#19025,#4516);
#2991=LINE('',#19027,#4517);
#2992=LINE('',#19028,#4518);
#2993=LINE('',#19031,#4519);
#2994=LINE('',#19033,#4520);
#2995=LINE('',#19034,#4521);
#2996=LINE('',#19036,#4522);
#2997=LINE('',#19038,#4523);
#2998=LINE('',#19042,#4524);
#2999=LINE('',#19043,#4525);
#3000=LINE('',#19046,#4526);
#3001=LINE('',#19047,#4527);
#3002=LINE('',#19049,#4528);
#3003=LINE('',#19050,#4529);
#3004=LINE('',#19053,#4530);
#3005=LINE('',#19055,#4531);
#3006=LINE('',#19057,#4532);
#3007=LINE('',#19058,#4533);
#3008=LINE('',#19061,#4534);
#3009=LINE('',#19063,#4535);
#3010=LINE('',#19064,#4536);
#3011=LINE('',#19066,#4537);
#3012=LINE('',#19068,#4538);
#3013=LINE('',#19072,#4539);
#3014=LINE('',#19073,#4540);
#3015=LINE('',#19076,#4541);
#3016=LINE('',#19077,#4542);
#3017=LINE('',#19079,#4543);
#3018=LINE('',#19080,#4544);
#3019=LINE('',#19084,#4545);
#3020=LINE('',#19085,#4546);
#3021=LINE('',#19087,#4547);
#3022=LINE('',#19089,#4548);
#3023=LINE('',#19090,#4549);
#3024=LINE('',#19093,#4550);
#3025=LINE('',#19095,#4551);
#3026=LINE('',#19096,#4552);
#3027=LINE('',#19098,#4553);
#3028=LINE('',#19100,#4554);
#3029=LINE('',#19114,#4555);
#3030=LINE('',#19116,#4556);
#3031=LINE('',#19118,#4557);
#3032=LINE('',#19120,#4558);
#3033=LINE('',#19121,#4559);
#3034=LINE('',#19124,#4560);
#3035=LINE('',#19126,#4561);
#3036=LINE('',#19128,#4562);
#3037=LINE('',#19135,#4563);
#3038=LINE('',#19139,#4564);
#3039=LINE('',#19143,#4565);
#3040=LINE('',#19150,#4566);
#3041=LINE('',#19154,#4567);
#3042=LINE('',#19157,#4568);
#3043=LINE('',#19160,#4569);
#3044=LINE('',#19163,#4570);
#3045=LINE('',#19165,#4571);
#3046=LINE('',#19168,#4572);
#3047=LINE('',#19177,#4573);
#3048=LINE('',#19185,#4574);
#3049=LINE('',#19200,#4575);
#3050=LINE('',#19204,#4576);
#3051=LINE('',#19205,#4577);
#3052=LINE('',#19208,#4578);
#3053=LINE('',#19212,#4579);
#3054=LINE('',#19213,#4580);
#3055=LINE('',#19216,#4581);
#3056=LINE('',#19219,#4582);
#3057=LINE('',#19222,#4583);
#3058=LINE('',#19232,#4584);
#3059=LINE('',#19233,#4585);
#3060=LINE('',#19244,#4586);
#3061=LINE('',#19245,#4587);
#3062=LINE('',#19253,#4588);
#3063=LINE('',#19254,#4589);
#3064=LINE('',#19263,#4590);
#3065=LINE('',#19271,#4591);
#3066=LINE('',#19276,#4592);
#3067=LINE('',#19280,#4593);
#3068=LINE('',#19281,#4594);
#3069=LINE('',#19284,#4595);
#3070=LINE('',#19288,#4596);
#3071=LINE('',#19289,#4597);
#3072=LINE('',#19294,#4598);
#3073=LINE('',#19303,#4599);
#3074=LINE('',#19311,#4600);
#3075=LINE('',#19316,#4601);
#3076=LINE('',#19318,#4602);
#3077=LINE('',#19320,#4603);
#3078=LINE('',#19322,#4604);
#3079=VECTOR('',#12780,1.);
#3080=VECTOR('',#12781,1.);
#3081=VECTOR('',#12782,1.);
#3082=VECTOR('',#12783,1.);
#3083=VECTOR('',#12786,1.);
#3084=VECTOR('',#12787,1.);
#3085=VECTOR('',#12788,1.);
#3086=VECTOR('',#12789,1.);
#3087=VECTOR('',#12792,1.);
#3088=VECTOR('',#12793,1.);
#3089=VECTOR('',#12794,1.);
#3090=VECTOR('',#12795,1.);
#3091=VECTOR('',#12798,1.);
#3092=VECTOR('',#12799,1.);
#3093=VECTOR('',#12800,1.);
#3094=VECTOR('',#12803,1.);
#3095=VECTOR('',#12804,1.);
#3096=VECTOR('',#12805,1.);
#3097=VECTOR('',#12806,1.);
#3098=VECTOR('',#12809,1.);
#3099=VECTOR('',#12810,1.);
#3100=VECTOR('',#12811,1.);
#3101=VECTOR('',#12812,1.);
#3102=VECTOR('',#12815,1.);
#3103=VECTOR('',#12816,1.);
#3104=VECTOR('',#12817,1.);
#3105=VECTOR('',#12820,1.);
#3106=VECTOR('',#12821,1.);
#3107=VECTOR('',#12822,1.);
#3108=VECTOR('',#12825,1.);
#3109=VECTOR('',#12826,1.);
#3110=VECTOR('',#12827,1.);
#3111=VECTOR('',#12828,1.);
#3112=VECTOR('',#12831,1.);
#3113=VECTOR('',#12832,1.);
#3114=VECTOR('',#12833,1.);
#3115=VECTOR('',#12834,1.);
#3116=VECTOR('',#12837,1.);
#3117=VECTOR('',#12838,1.);
#3118=VECTOR('',#12839,1.);
#3119=VECTOR('',#12842,1.);
#3120=VECTOR('',#12843,1.);
#3121=VECTOR('',#12844,1.);
#3122=VECTOR('',#12847,1.);
#3123=VECTOR('',#12848,1.);
#3124=VECTOR('',#12849,1.);
#3125=VECTOR('',#12850,1.);
#3126=VECTOR('',#12853,1.);
#3127=VECTOR('',#12854,1.);
#3128=VECTOR('',#12855,1.);
#3129=VECTOR('',#12858,1.);
#3130=VECTOR('',#12859,1.);
#3131=VECTOR('',#12860,1.);
#3132=VECTOR('',#12861,1.);
#3133=VECTOR('',#12864,1.);
#3134=VECTOR('',#12865,1.);
#3135=VECTOR('',#12866,1.);
#3136=VECTOR('',#12869,1.);
#3137=VECTOR('',#12870,1.);
#3138=VECTOR('',#12871,1.);
#3139=VECTOR('',#12872,1.);
#3140=VECTOR('',#12875,1.);
#3141=VECTOR('',#12876,1.);
#3142=VECTOR('',#12877,1.);
#3143=VECTOR('',#12880,1.);
#3144=VECTOR('',#12881,1.);
#3145=VECTOR('',#12882,1.);
#3146=VECTOR('',#12883,1.);
#3147=VECTOR('',#12886,1.);
#3148=VECTOR('',#12887,1.);
#3149=VECTOR('',#12888,1.);
#3150=VECTOR('',#12891,1.);
#3151=VECTOR('',#12892,1.);
#3152=VECTOR('',#12893,1.);
#3153=VECTOR('',#12894,1.);
#3154=VECTOR('',#12897,1.);
#3155=VECTOR('',#12898,1.);
#3156=VECTOR('',#12899,1.);
#3157=VECTOR('',#12902,1.);
#3158=VECTOR('',#12903,1.);
#3159=VECTOR('',#12904,1.);
#3160=VECTOR('',#12905,1.);
#3161=VECTOR('',#12908,1.);
#3162=VECTOR('',#12909,1.);
#3163=VECTOR('',#12910,1.);
#3164=VECTOR('',#12913,1.);
#3165=VECTOR('',#12914,1.);
#3166=VECTOR('',#12915,1.);
#3167=VECTOR('',#12916,1.);
#3168=VECTOR('',#12919,1.);
#3169=VECTOR('',#12920,1.);
#3170=VECTOR('',#12921,1.);
#3171=VECTOR('',#12924,1.);
#3172=VECTOR('',#12925,1.);
#3173=VECTOR('',#12926,1.);
#3174=VECTOR('',#12927,1.);
#3175=VECTOR('',#12930,1.);
#3176=VECTOR('',#12931,1.);
#3177=VECTOR('',#12932,1.);
#3178=VECTOR('',#12935,1.);
#3179=VECTOR('',#12936,1.);
#3180=VECTOR('',#12937,1.);
#3181=VECTOR('',#12938,1.);
#3182=VECTOR('',#12941,1.);
#3183=VECTOR('',#12942,1.);
#3184=VECTOR('',#12943,1.);
#3185=VECTOR('',#12944,1.);
#3186=VECTOR('',#12947,1.);
#3187=VECTOR('',#12948,1.);
#3188=VECTOR('',#12949,1.);
#3189=VECTOR('',#12952,1.);
#3190=VECTOR('',#12953,1.);
#3191=VECTOR('',#12954,1.);
#3192=VECTOR('',#12957,1.);
#3193=VECTOR('',#12958,1.);
#3194=VECTOR('',#12959,1.);
#3195=VECTOR('',#12960,1.);
#3196=VECTOR('',#12963,1.);
#3197=VECTOR('',#12964,1.);
#3198=VECTOR('',#12965,1.);
#3199=VECTOR('',#12966,1.);
#3200=VECTOR('',#12969,1.);
#3201=VECTOR('',#12970,1.);
#3202=VECTOR('',#12971,1.);
#3203=VECTOR('',#12974,1.);
#3204=VECTOR('',#12975,1.);
#3205=VECTOR('',#12976,1.);
#3206=VECTOR('',#12979,1.);
#3207=VECTOR('',#12980,1.);
#3208=VECTOR('',#12981,1.);
#3209=VECTOR('',#12982,1.);
#3210=VECTOR('',#12985,1.);
#3211=VECTOR('',#12986,1.);
#3212=VECTOR('',#12987,1.);
#3213=VECTOR('',#12990,1.);
#3214=VECTOR('',#12991,1.);
#3215=VECTOR('',#12992,1.);
#3216=VECTOR('',#12993,1.);
#3217=VECTOR('',#12996,1.);
#3218=VECTOR('',#12997,1.);
#3219=VECTOR('',#12998,1.);
#3220=VECTOR('',#13001,1.);
#3221=VECTOR('',#13002,1.);
#3222=VECTOR('',#13003,1.);
#3223=VECTOR('',#13004,1.);
#3224=VECTOR('',#13007,1.);
#3225=VECTOR('',#13008,1.);
#3226=VECTOR('',#13009,1.);
#3227=VECTOR('',#13012,1.);
#3228=VECTOR('',#13013,1.);
#3229=VECTOR('',#13014,1.);
#3230=VECTOR('',#13015,1.);
#3231=VECTOR('',#13018,1.);
#3232=VECTOR('',#13019,1.);
#3233=VECTOR('',#13020,1.);
#3234=VECTOR('',#13023,1.);
#3235=VECTOR('',#13024,1.);
#3236=VECTOR('',#13025,1.);
#3237=VECTOR('',#13026,1.);
#3238=VECTOR('',#13029,1.);
#3239=VECTOR('',#13030,1.);
#3240=VECTOR('',#13031,1.);
#3241=VECTOR('',#13034,1.);
#3242=VECTOR('',#13035,1.);
#3243=VECTOR('',#13036,1.);
#3244=VECTOR('',#13037,1.);
#3245=VECTOR('',#13040,1.);
#3246=VECTOR('',#13041,1.);
#3247=VECTOR('',#13042,1.);
#3248=VECTOR('',#13045,1.);
#3249=VECTOR('',#13046,1.);
#3250=VECTOR('',#13047,1.);
#3251=VECTOR('',#13048,1.);
#3252=VECTOR('',#13051,1.);
#3253=VECTOR('',#13052,1.);
#3254=VECTOR('',#13053,1.);
#3255=VECTOR('',#13056,1.);
#3256=VECTOR('',#13057,1.);
#3257=VECTOR('',#13058,1.);
#3258=VECTOR('',#13059,1.);
#3259=VECTOR('',#13062,1.);
#3260=VECTOR('',#13063,1.);
#3261=VECTOR('',#13064,1.);
#3262=VECTOR('',#13067,1.);
#3263=VECTOR('',#13068,1.);
#3264=VECTOR('',#13069,1.);
#3265=VECTOR('',#13070,1.);
#3266=VECTOR('',#13073,1.);
#3267=VECTOR('',#13074,1.);
#3268=VECTOR('',#13075,1.);
#3269=VECTOR('',#13076,1.);
#3270=VECTOR('',#13079,1.);
#3271=VECTOR('',#13080,1.);
#3272=VECTOR('',#13081,1.);
#3273=VECTOR('',#13084,1.);
#3274=VECTOR('',#13085,1.);
#3275=VECTOR('',#13086,1.);
#3276=VECTOR('',#13089,1.);
#3277=VECTOR('',#13090,1.);
#3278=VECTOR('',#13091,1.);
#3279=VECTOR('',#13092,1.);
#3280=VECTOR('',#13095,1.);
#3281=VECTOR('',#13096,1.);
#3282=VECTOR('',#13097,1.);
#3283=VECTOR('',#13098,1.);
#3284=VECTOR('',#13101,1.);
#3285=VECTOR('',#13102,1.);
#3286=VECTOR('',#13103,1.);
#3287=VECTOR('',#13106,1.);
#3288=VECTOR('',#13107,1.);
#3289=VECTOR('',#13108,1.);
#3290=VECTOR('',#13111,1.);
#3291=VECTOR('',#13112,1.);
#3292=VECTOR('',#13113,1.);
#3293=VECTOR('',#13114,1.);
#3294=VECTOR('',#13117,1.);
#3295=VECTOR('',#13118,1.);
#3296=VECTOR('',#13119,1.);
#3297=VECTOR('',#13122,1.);
#3298=VECTOR('',#13123,1.);
#3299=VECTOR('',#13124,1.);
#3300=VECTOR('',#13125,1.);
#3301=VECTOR('',#13128,1.);
#3302=VECTOR('',#13129,1.);
#3303=VECTOR('',#13130,1.);
#3304=VECTOR('',#13133,1.);
#3305=VECTOR('',#13134,1.);
#3306=VECTOR('',#13135,1.);
#3307=VECTOR('',#13136,1.);
#3308=VECTOR('',#13139,1.);
#3309=VECTOR('',#13140,1.);
#3310=VECTOR('',#13141,1.);
#3311=VECTOR('',#13144,1.);
#3312=VECTOR('',#13145,1.);
#3313=VECTOR('',#13146,1.);
#3314=VECTOR('',#13147,1.);
#3315=VECTOR('',#13150,1.);
#3316=VECTOR('',#13151,1.);
#3317=VECTOR('',#13152,1.);
#3318=VECTOR('',#13155,1.);
#3319=VECTOR('',#13156,1.);
#3320=VECTOR('',#13157,1.);
#3321=VECTOR('',#13158,1.);
#3322=VECTOR('',#13161,1.);
#3323=VECTOR('',#13162,1.);
#3324=VECTOR('',#13163,1.);
#3325=VECTOR('',#13166,1.);
#3326=VECTOR('',#13167,1.);
#3327=VECTOR('',#13168,1.);
#3328=VECTOR('',#13169,1.);
#3329=VECTOR('',#13172,1.);
#3330=VECTOR('',#13173,1.);
#3331=VECTOR('',#13174,1.);
#3332=VECTOR('',#13177,1.);
#3333=VECTOR('',#13178,1.);
#3334=VECTOR('',#13179,1.);
#3335=VECTOR('',#13180,1.);
#3336=VECTOR('',#13183,1.);
#3337=VECTOR('',#13184,1.);
#3338=VECTOR('',#13185,1.);
#3339=VECTOR('',#13188,1.);
#3340=VECTOR('',#13189,1.);
#3341=VECTOR('',#13190,1.);
#3342=VECTOR('',#13191,1.);
#3343=VECTOR('',#13194,1.);
#3344=VECTOR('',#13195,1.);
#3345=VECTOR('',#13196,1.);
#3346=VECTOR('',#13199,1.);
#3347=VECTOR('',#13200,1.);
#3348=VECTOR('',#13201,1.);
#3349=VECTOR('',#13202,1.);
#3350=VECTOR('',#13205,1.);
#3351=VECTOR('',#13206,1.);
#3352=VECTOR('',#13207,1.);
#3353=VECTOR('',#13208,1.);
#3354=VECTOR('',#13211,1.);
#3355=VECTOR('',#13212,1.);
#3356=VECTOR('',#13213,1.);
#3357=VECTOR('',#13216,1.);
#3358=VECTOR('',#13217,1.);
#3359=VECTOR('',#13218,1.);
#3360=VECTOR('',#13221,1.);
#3361=VECTOR('',#13222,1.);
#3362=VECTOR('',#13223,1.);
#3363=VECTOR('',#13224,1.);
#3364=VECTOR('',#13227,1.);
#3365=VECTOR('',#13228,1.);
#3366=VECTOR('',#13229,1.);
#3367=VECTOR('',#13230,1.);
#3368=VECTOR('',#13233,1.);
#3369=VECTOR('',#13234,1.);
#3370=VECTOR('',#13235,1.);
#3371=VECTOR('',#13238,1.);
#3372=VECTOR('',#13239,1.);
#3373=VECTOR('',#13240,1.);
#3374=VECTOR('',#13243,1.);
#3375=VECTOR('',#13244,1.);
#3376=VECTOR('',#13245,1.);
#3377=VECTOR('',#13246,1.);
#3378=VECTOR('',#13249,1.);
#3379=VECTOR('',#13250,1.);
#3380=VECTOR('',#13251,1.);
#3381=VECTOR('',#13254,1.);
#3382=VECTOR('',#13255,1.);
#3383=VECTOR('',#13256,1.);
#3384=VECTOR('',#13257,1.);
#3385=VECTOR('',#13260,1.);
#3386=VECTOR('',#13261,1.);
#3387=VECTOR('',#13262,1.);
#3388=VECTOR('',#13265,1.);
#3389=VECTOR('',#13266,1.);
#3390=VECTOR('',#13267,1.);
#3391=VECTOR('',#13268,1.);
#3392=VECTOR('',#13271,1.);
#3393=VECTOR('',#13272,1.);
#3394=VECTOR('',#13273,1.);
#3395=VECTOR('',#13276,1.);
#3396=VECTOR('',#13277,1.);
#3397=VECTOR('',#13278,1.);
#3398=VECTOR('',#13279,1.);
#3399=VECTOR('',#13282,1.);
#3400=VECTOR('',#13283,1.);
#3401=VECTOR('',#13284,1.);
#3402=VECTOR('',#13287,1.);
#3403=VECTOR('',#13288,1.);
#3404=VECTOR('',#13289,1.);
#3405=VECTOR('',#13290,1.);
#3406=VECTOR('',#13293,1.);
#3407=VECTOR('',#13294,1.);
#3408=VECTOR('',#13295,1.);
#3409=VECTOR('',#13298,1.);
#3410=VECTOR('',#13299,1.);
#3411=VECTOR('',#13300,1.);
#3412=VECTOR('',#13301,1.);
#3413=VECTOR('',#13304,1.);
#3414=VECTOR('',#13305,1.);
#3415=VECTOR('',#13306,1.);
#3416=VECTOR('',#13309,1.);
#3417=VECTOR('',#13310,1.);
#3418=VECTOR('',#13311,1.);
#3419=VECTOR('',#13312,1.);
#3420=VECTOR('',#13315,1.);
#3421=VECTOR('',#13316,1.);
#3422=VECTOR('',#13317,1.);
#3423=VECTOR('',#13320,1.);
#3424=VECTOR('',#13321,1.);
#3425=VECTOR('',#13322,1.);
#3426=VECTOR('',#13323,1.);
#3427=VECTOR('',#13326,1.);
#3428=VECTOR('',#13327,1.);
#3429=VECTOR('',#13328,1.);
#3430=VECTOR('',#13331,1.);
#3431=VECTOR('',#13332,1.);
#3432=VECTOR('',#13333,1.);
#3433=VECTOR('',#13334,1.);
#3434=VECTOR('',#13337,1.);
#3435=VECTOR('',#13338,1.);
#3436=VECTOR('',#13339,1.);
#3437=VECTOR('',#13340,1.);
#3438=VECTOR('',#13343,1.);
#3439=VECTOR('',#13344,1.);
#3440=VECTOR('',#13345,1.);
#3441=VECTOR('',#13348,1.);
#3442=VECTOR('',#13349,1.);
#3443=VECTOR('',#13350,1.);
#3444=VECTOR('',#13353,1.);
#3445=VECTOR('',#13354,1.);
#3446=VECTOR('',#13355,1.);
#3447=VECTOR('',#13356,1.);
#3448=VECTOR('',#13359,1.);
#3449=VECTOR('',#13360,1.);
#3450=VECTOR('',#13361,1.);
#3451=VECTOR('',#13362,1.);
#3452=VECTOR('',#13365,1.);
#3453=VECTOR('',#13366,1.);
#3454=VECTOR('',#13367,1.);
#3455=VECTOR('',#13370,1.);
#3456=VECTOR('',#13371,1.);
#3457=VECTOR('',#13372,1.);
#3458=VECTOR('',#13375,1.);
#3459=VECTOR('',#13376,1.);
#3460=VECTOR('',#13377,1.);
#3461=VECTOR('',#13378,1.);
#3462=VECTOR('',#13381,1.);
#3463=VECTOR('',#13382,1.);
#3464=VECTOR('',#13383,1.);
#3465=VECTOR('',#13386,1.);
#3466=VECTOR('',#13387,1.);
#3467=VECTOR('',#13388,1.);
#3468=VECTOR('',#13389,1.);
#3469=VECTOR('',#13392,1.);
#3470=VECTOR('',#13393,1.);
#3471=VECTOR('',#13394,1.);
#3472=VECTOR('',#13397,1.);
#3473=VECTOR('',#13398,1.);
#3474=VECTOR('',#13399,1.);
#3475=VECTOR('',#13400,1.);
#3476=VECTOR('',#13403,1.);
#3477=VECTOR('',#13404,1.);
#3478=VECTOR('',#13405,1.);
#3479=VECTOR('',#13408,1.);
#3480=VECTOR('',#13409,1.);
#3481=VECTOR('',#13410,1.);
#3482=VECTOR('',#13411,1.);
#3483=VECTOR('',#13414,1.);
#3484=VECTOR('',#13415,1.);
#3485=VECTOR('',#13416,1.);
#3486=VECTOR('',#13419,1.);
#3487=VECTOR('',#13420,1.);
#3488=VECTOR('',#13421,1.);
#3489=VECTOR('',#13422,1.);
#3490=VECTOR('',#13425,1.);
#3491=VECTOR('',#13426,1.);
#3492=VECTOR('',#13427,1.);
#3493=VECTOR('',#13430,1.);
#3494=VECTOR('',#13431,1.);
#3495=VECTOR('',#13432,1.);
#3496=VECTOR('',#13433,1.);
#3497=VECTOR('',#13436,1.);
#3498=VECTOR('',#13437,1.);
#3499=VECTOR('',#13438,1.);
#3500=VECTOR('',#13441,1.);
#3501=VECTOR('',#13442,1.);
#3502=VECTOR('',#13443,1.);
#3503=VECTOR('',#13444,1.);
#3504=VECTOR('',#13447,1.);
#3505=VECTOR('',#13448,1.);
#3506=VECTOR('',#13449,1.);
#3507=VECTOR('',#13452,1.);
#3508=VECTOR('',#13453,1.);
#3509=VECTOR('',#13454,1.);
#3510=VECTOR('',#13455,1.);
#3511=VECTOR('',#13458,1.);
#3512=VECTOR('',#13459,1.);
#3513=VECTOR('',#13460,1.);
#3514=VECTOR('',#13463,1.);
#3515=VECTOR('',#13464,1.);
#3516=VECTOR('',#13465,1.);
#3517=VECTOR('',#13466,1.);
#3518=VECTOR('',#13469,1.);
#3519=VECTOR('',#13470,1.);
#3520=VECTOR('',#13471,1.);
#3521=VECTOR('',#13472,1.);
#3522=VECTOR('',#13475,1.);
#3523=VECTOR('',#13476,1.);
#3524=VECTOR('',#13477,1.);
#3525=VECTOR('',#13480,1.);
#3526=VECTOR('',#13481,1.);
#3527=VECTOR('',#13482,1.);
#3528=VECTOR('',#13485,1.);
#3529=VECTOR('',#13486,1.);
#3530=VECTOR('',#13487,1.);
#3531=VECTOR('',#13488,1.);
#3532=VECTOR('',#13491,1.);
#3533=VECTOR('',#13492,1.);
#3534=VECTOR('',#13493,1.);
#3535=VECTOR('',#13494,1.);
#3536=VECTOR('',#13497,1.);
#3537=VECTOR('',#13498,1.);
#3538=VECTOR('',#13499,1.);
#3539=VECTOR('',#13502,1.);
#3540=VECTOR('',#13503,1.);
#3541=VECTOR('',#13504,1.);
#3542=VECTOR('',#13507,1.);
#3543=VECTOR('',#13508,1.);
#3544=VECTOR('',#13509,1.);
#3545=VECTOR('',#13510,1.);
#3546=VECTOR('',#13513,1.);
#3547=VECTOR('',#13514,1.);
#3548=VECTOR('',#13515,1.);
#3549=VECTOR('',#13518,1.);
#3550=VECTOR('',#13519,1.);
#3551=VECTOR('',#13520,1.);
#3552=VECTOR('',#13521,1.);
#3553=VECTOR('',#13524,1.);
#3554=VECTOR('',#13525,1.);
#3555=VECTOR('',#13526,1.);
#3556=VECTOR('',#13529,1.);
#3557=VECTOR('',#13530,1.);
#3558=VECTOR('',#13531,1.);
#3559=VECTOR('',#13532,1.);
#3560=VECTOR('',#13535,1.);
#3561=VECTOR('',#13536,1.);
#3562=VECTOR('',#13537,1.);
#3563=VECTOR('',#13540,1.);
#3564=VECTOR('',#13541,1.);
#3565=VECTOR('',#13542,1.);
#3566=VECTOR('',#13543,1.);
#3567=VECTOR('',#13546,1.);
#3568=VECTOR('',#13547,1.);
#3569=VECTOR('',#13548,1.);
#3570=VECTOR('',#13551,1.);
#3571=VECTOR('',#13552,1.);
#3572=VECTOR('',#13555,1.);
#3573=VECTOR('',#13556,1.);
#3574=VECTOR('',#13557,1.);
#3575=VECTOR('',#13560,1.);
#3576=VECTOR('',#13561,1.);
#3577=VECTOR('',#13564,1.);
#3578=VECTOR('',#13565,1.);
#3579=VECTOR('',#13566,1.);
#3580=VECTOR('',#13569,1.);
#3581=VECTOR('',#13570,1.);
#3582=VECTOR('',#13573,1.);
#3583=VECTOR('',#13574,1.);
#3584=VECTOR('',#13575,1.);
#3585=VECTOR('',#13578,1.);
#3586=VECTOR('',#13579,1.);
#3587=VECTOR('',#13582,1.);
#3588=VECTOR('',#13583,1.);
#3589=VECTOR('',#13584,1.);
#3590=VECTOR('',#13587,1.);
#3591=VECTOR('',#13588,1.);
#3592=VECTOR('',#13591,1.);
#3593=VECTOR('',#13592,1.);
#3594=VECTOR('',#13595,1.);
#3595=VECTOR('',#13596,1.);
#3596=VECTOR('',#13597,1.);
#3597=VECTOR('',#13600,1.);
#3598=VECTOR('',#13601,1.);
#3599=VECTOR('',#13602,1.);
#3600=VECTOR('',#13605,1.);
#3601=VECTOR('',#13606,1.);
#3602=VECTOR('',#13609,1.);
#3603=VECTOR('',#13610,1.);
#3604=VECTOR('',#13613,1.);
#3605=VECTOR('',#13614,1.);
#3606=VECTOR('',#13615,1.);
#3607=VECTOR('',#13618,1.);
#3608=VECTOR('',#13619,1.);
#3609=VECTOR('',#13620,1.);
#3610=VECTOR('',#13623,1.);
#3611=VECTOR('',#13624,1.);
#3612=VECTOR('',#13627,1.);
#3613=VECTOR('',#13628,1.);
#3614=VECTOR('',#13629,1.);
#3615=VECTOR('',#13632,1.);
#3616=VECTOR('',#13633,1.);
#3617=VECTOR('',#13636,1.);
#3618=VECTOR('',#13637,1.);
#3619=VECTOR('',#13638,1.);
#3620=VECTOR('',#13641,1.);
#3621=VECTOR('',#13642,1.);
#3622=VECTOR('',#13645,1.);
#3623=VECTOR('',#13646,1.);
#3624=VECTOR('',#13647,1.);
#3625=VECTOR('',#13650,1.);
#3626=VECTOR('',#13651,1.);
#3627=VECTOR('',#13654,1.);
#3628=VECTOR('',#13655,1.);
#3629=VECTOR('',#13656,1.);
#3630=VECTOR('',#13659,1.);
#3631=VECTOR('',#13660,1.);
#3632=VECTOR('',#13663,1.);
#3633=VECTOR('',#13664,1.);
#3634=VECTOR('',#13665,1.);
#3635=VECTOR('',#13668,1.);
#3636=VECTOR('',#13669,1.);
#3637=VECTOR('',#13672,1.);
#3638=VECTOR('',#13673,1.);
#3639=VECTOR('',#13674,1.);
#3640=VECTOR('',#13677,1.);
#3641=VECTOR('',#13678,1.);
#3642=VECTOR('',#13681,1.);
#3643=VECTOR('',#13682,1.);
#3644=VECTOR('',#13683,1.);
#3645=VECTOR('',#13686,1.);
#3646=VECTOR('',#13687,1.);
#3647=VECTOR('',#13690,1.);
#3648=VECTOR('',#13691,1.);
#3649=VECTOR('',#13692,1.);
#3650=VECTOR('',#13695,1.);
#3651=VECTOR('',#13696,1.);
#3652=VECTOR('',#13699,1.);
#3653=VECTOR('',#13700,1.);
#3654=VECTOR('',#13703,1.);
#3655=VECTOR('',#13704,1.);
#3656=VECTOR('',#13705,1.);
#3657=VECTOR('',#13708,1.);
#3658=VECTOR('',#13709,1.);
#3659=VECTOR('',#13710,1.);
#3660=VECTOR('',#13713,1.);
#3661=VECTOR('',#13714,1.);
#3662=VECTOR('',#13717,1.);
#3663=VECTOR('',#13718,1.);
#3664=VECTOR('',#13721,1.);
#3665=VECTOR('',#13722,1.);
#3666=VECTOR('',#13723,1.);
#3667=VECTOR('',#13726,1.);
#3668=VECTOR('',#13727,1.);
#3669=VECTOR('',#13728,1.);
#3670=VECTOR('',#13731,1.);
#3671=VECTOR('',#13732,1.);
#3672=VECTOR('',#13735,1.);
#3673=VECTOR('',#13736,1.);
#3674=VECTOR('',#13737,1.);
#3675=VECTOR('',#13740,1.);
#3676=VECTOR('',#13741,1.);
#3677=VECTOR('',#13744,1.);
#3678=VECTOR('',#13745,1.);
#3679=VECTOR('',#13746,1.);
#3680=VECTOR('',#13749,1.);
#3681=VECTOR('',#13750,1.);
#3682=VECTOR('',#13753,1.);
#3683=VECTOR('',#13754,1.);
#3684=VECTOR('',#13755,1.);
#3685=VECTOR('',#13758,1.);
#3686=VECTOR('',#13759,1.);
#3687=VECTOR('',#13762,1.);
#3688=VECTOR('',#13763,1.);
#3689=VECTOR('',#13764,1.);
#3690=VECTOR('',#13767,1.);
#3691=VECTOR('',#13768,1.);
#3692=VECTOR('',#13771,1.);
#3693=VECTOR('',#13772,1.);
#3694=VECTOR('',#13773,1.);
#3695=VECTOR('',#13776,1.);
#3696=VECTOR('',#13777,1.);
#3697=VECTOR('',#13780,1.);
#3698=VECTOR('',#13781,1.);
#3699=VECTOR('',#13782,1.);
#3700=VECTOR('',#13785,1.);
#3701=VECTOR('',#13786,1.);
#3702=VECTOR('',#13789,1.);
#3703=VECTOR('',#13790,1.);
#3704=VECTOR('',#13791,1.);
#3705=VECTOR('',#13794,1.);
#3706=VECTOR('',#13795,1.);
#3707=VECTOR('',#13798,1.);
#3708=VECTOR('',#13799,1.);
#3709=VECTOR('',#13800,1.);
#3710=VECTOR('',#13803,1.);
#3711=VECTOR('',#13804,1.);
#3712=VECTOR('',#13807,1.);
#3713=VECTOR('',#13808,1.);
#3714=VECTOR('',#13811,1.);
#3715=VECTOR('',#13812,1.);
#3716=VECTOR('',#13813,1.);
#3717=VECTOR('',#13816,1.);
#3718=VECTOR('',#13817,1.);
#3719=VECTOR('',#13818,1.);
#3720=VECTOR('',#13821,1.);
#3721=VECTOR('',#13822,1.);
#3722=VECTOR('',#13825,1.);
#3723=VECTOR('',#13826,1.);
#3724=VECTOR('',#13829,1.);
#3725=VECTOR('',#13830,1.);
#3726=VECTOR('',#13831,1.);
#3727=VECTOR('',#13834,1.);
#3728=VECTOR('',#13835,1.);
#3729=VECTOR('',#13836,1.);
#3730=VECTOR('',#13839,1.);
#3731=VECTOR('',#13840,1.);
#3732=VECTOR('',#13843,1.);
#3733=VECTOR('',#13844,1.);
#3734=VECTOR('',#13845,1.);
#3735=VECTOR('',#13848,1.);
#3736=VECTOR('',#13849,1.);
#3737=VECTOR('',#13852,1.);
#3738=VECTOR('',#13853,1.);
#3739=VECTOR('',#13854,1.);
#3740=VECTOR('',#13857,1.);
#3741=VECTOR('',#13858,1.);
#3742=VECTOR('',#13861,1.);
#3743=VECTOR('',#13862,1.);
#3744=VECTOR('',#13863,1.);
#3745=VECTOR('',#13866,1.);
#3746=VECTOR('',#13867,1.);
#3747=VECTOR('',#13870,1.);
#3748=VECTOR('',#13871,1.);
#3749=VECTOR('',#13872,1.);
#3750=VECTOR('',#13875,1.);
#3751=VECTOR('',#13876,1.);
#3752=VECTOR('',#13879,1.);
#3753=VECTOR('',#13880,1.);
#3754=VECTOR('',#13881,1.);
#3755=VECTOR('',#13884,1.);
#3756=VECTOR('',#13885,1.);
#3757=VECTOR('',#13888,1.);
#3758=VECTOR('',#13889,1.);
#3759=VECTOR('',#13890,1.);
#3760=VECTOR('',#13893,1.);
#3761=VECTOR('',#13894,1.);
#3762=VECTOR('',#13897,1.);
#3763=VECTOR('',#13898,1.);
#3764=VECTOR('',#13899,1.);
#3765=VECTOR('',#13902,1.);
#3766=VECTOR('',#13903,1.);
#3767=VECTOR('',#13906,1.);
#3768=VECTOR('',#13907,1.);
#3769=VECTOR('',#13908,1.);
#3770=VECTOR('',#13911,1.);
#3771=VECTOR('',#13912,1.);
#3772=VECTOR('',#13915,1.);
#3773=VECTOR('',#13916,1.);
#3774=VECTOR('',#13919,1.);
#3775=VECTOR('',#13920,1.);
#3776=VECTOR('',#13921,1.);
#3777=VECTOR('',#13924,1.);
#3778=VECTOR('',#13925,1.);
#3779=VECTOR('',#13926,1.);
#3780=VECTOR('',#13929,1.);
#3781=VECTOR('',#13930,1.);
#3782=VECTOR('',#13933,1.);
#3783=VECTOR('',#13934,1.);
#3784=VECTOR('',#13937,1.);
#3785=VECTOR('',#13938,1.);
#3786=VECTOR('',#13939,1.);
#3787=VECTOR('',#13942,1.);
#3788=VECTOR('',#13943,1.);
#3789=VECTOR('',#13944,1.);
#3790=VECTOR('',#13947,1.);
#3791=VECTOR('',#13948,1.);
#3792=VECTOR('',#13951,1.);
#3793=VECTOR('',#13952,1.);
#3794=VECTOR('',#13953,1.);
#3795=VECTOR('',#13956,1.);
#3796=VECTOR('',#13957,1.);
#3797=VECTOR('',#13960,1.);
#3798=VECTOR('',#13961,1.);
#3799=VECTOR('',#13962,1.);
#3800=VECTOR('',#13965,1.);
#3801=VECTOR('',#13966,1.);
#3802=VECTOR('',#13969,1.);
#3803=VECTOR('',#13970,1.);
#3804=VECTOR('',#13971,1.);
#3805=VECTOR('',#13974,1.);
#3806=VECTOR('',#13975,1.);
#3807=VECTOR('',#13978,1.);
#3808=VECTOR('',#13979,1.);
#3809=VECTOR('',#13980,1.);
#3810=VECTOR('',#13983,1.);
#3811=VECTOR('',#13984,1.);
#3812=VECTOR('',#13987,1.);
#3813=VECTOR('',#13988,1.);
#3814=VECTOR('',#13989,1.);
#3815=VECTOR('',#13992,1.);
#3816=VECTOR('',#13993,1.);
#3817=VECTOR('',#13996,1.);
#3818=VECTOR('',#13997,1.);
#3819=VECTOR('',#13998,1.);
#3820=VECTOR('',#14001,1.);
#3821=VECTOR('',#14002,1.);
#3822=VECTOR('',#14005,1.);
#3823=VECTOR('',#14006,1.);
#3824=VECTOR('',#14007,1.);
#3825=VECTOR('',#14010,1.);
#3826=VECTOR('',#14011,1.);
#3827=VECTOR('',#14014,1.);
#3828=VECTOR('',#14015,1.);
#3829=VECTOR('',#14016,1.);
#3830=VECTOR('',#14019,1.);
#3831=VECTOR('',#14020,1.);
#3832=VECTOR('',#14023,1.);
#3833=VECTOR('',#14024,1.);
#3834=VECTOR('',#14027,1.);
#3835=VECTOR('',#14028,1.);
#3836=VECTOR('',#14029,1.);
#3837=VECTOR('',#14032,1.);
#3838=VECTOR('',#14033,1.);
#3839=VECTOR('',#14034,1.);
#3840=VECTOR('',#14037,1.);
#3841=VECTOR('',#14038,1.);
#3842=VECTOR('',#14041,1.);
#3843=VECTOR('',#14042,1.);
#3844=VECTOR('',#14045,1.);
#3845=VECTOR('',#14046,1.);
#3846=VECTOR('',#14047,1.);
#3847=VECTOR('',#14050,1.);
#3848=VECTOR('',#14051,1.);
#3849=VECTOR('',#14052,1.);
#3850=VECTOR('',#14055,1.);
#3851=VECTOR('',#14056,1.);
#3852=VECTOR('',#14059,1.);
#3853=VECTOR('',#14060,1.);
#3854=VECTOR('',#14061,1.);
#3855=VECTOR('',#14064,1.);
#3856=VECTOR('',#14065,1.);
#3857=VECTOR('',#14068,1.);
#3858=VECTOR('',#14069,1.);
#3859=VECTOR('',#14070,1.);
#3860=VECTOR('',#14073,1.);
#3861=VECTOR('',#14074,1.);
#3862=VECTOR('',#14077,1.);
#3863=VECTOR('',#14078,1.);
#3864=VECTOR('',#14079,1.);
#3865=VECTOR('',#14082,1.);
#3866=VECTOR('',#14083,1.);
#3867=VECTOR('',#14086,1.);
#3868=VECTOR('',#14087,1.);
#3869=VECTOR('',#14088,1.);
#3870=VECTOR('',#14091,1.);
#3871=VECTOR('',#14092,1.);
#3872=VECTOR('',#14095,1.);
#3873=VECTOR('',#14096,1.);
#3874=VECTOR('',#14097,1.);
#3875=VECTOR('',#14100,1.);
#3876=VECTOR('',#14101,1.);
#3877=VECTOR('',#14104,1.);
#3878=VECTOR('',#14105,1.);
#3879=VECTOR('',#14106,1.);
#3880=VECTOR('',#14109,1.);
#3881=VECTOR('',#14110,1.);
#3882=VECTOR('',#14113,1.);
#3883=VECTOR('',#14114,1.);
#3884=VECTOR('',#14115,1.);
#3885=VECTOR('',#14118,1.);
#3886=VECTOR('',#14119,1.);
#3887=VECTOR('',#14122,1.);
#3888=VECTOR('',#14123,1.);
#3889=VECTOR('',#14124,1.);
#3890=VECTOR('',#14127,1.);
#3891=VECTOR('',#14128,1.);
#3892=VECTOR('',#14131,1.);
#3893=VECTOR('',#14132,1.);
#3894=VECTOR('',#14135,1.);
#3895=VECTOR('',#14136,1.);
#3896=VECTOR('',#14137,1.);
#3897=VECTOR('',#14140,1.);
#3898=VECTOR('',#14141,1.);
#3899=VECTOR('',#14142,1.);
#3900=VECTOR('',#14145,1.);
#3901=VECTOR('',#14146,1.);
#3902=VECTOR('',#14149,1.);
#3903=VECTOR('',#14150,1.);
#3904=VECTOR('',#14153,1.);
#3905=VECTOR('',#14154,1.);
#3906=VECTOR('',#14155,1.);
#3907=VECTOR('',#14158,1.);
#3908=VECTOR('',#14159,1.);
#3909=VECTOR('',#14160,1.);
#3910=VECTOR('',#14163,1.);
#3911=VECTOR('',#14170,1.);
#3912=VECTOR('',#14171,1.);
#3913=VECTOR('',#14172,1.);
#3914=VECTOR('',#14175,1.);
#3915=VECTOR('',#14182,1.);
#3916=VECTOR('',#14183,1.);
#3917=VECTOR('',#14184,1.);
#3918=VECTOR('',#14187,1.);
#3919=VECTOR('',#14188,1.);
#3920=VECTOR('',#14191,1.);
#3921=VECTOR('',#14192,1.);
#3922=VECTOR('',#14193,1.);
#3923=VECTOR('',#14198,1.);
#3924=VECTOR('',#14203,1.);
#3925=VECTOR('',#14204,1.);
#3926=VECTOR('',#14205,1.);
#3927=VECTOR('',#14210,1.);
#3928=VECTOR('',#14215,1.);
#3929=VECTOR('',#14216,1.);
#3930=VECTOR('',#14219,1.);
#3931=VECTOR('',#14226,1.);
#3932=VECTOR('',#14227,1.);
#3933=VECTOR('',#14228,1.);
#3934=VECTOR('',#14231,1.);
#3935=VECTOR('',#14238,1.);
#3936=VECTOR('',#14239,1.);
#3937=VECTOR('',#14242,1.);
#3938=VECTOR('',#14243,1.);
#3939=VECTOR('',#14244,1.);
#3940=VECTOR('',#14247,1.);
#3941=VECTOR('',#14252,1.);
#3942=VECTOR('',#14255,1.);
#3943=VECTOR('',#14258,1.);
#3944=VECTOR('',#14263,1.);
#3945=VECTOR('',#14268,1.);
#3946=VECTOR('',#14269,1.);
#3947=VECTOR('',#14272,1.);
#3948=VECTOR('',#14273,1.);
#3949=VECTOR('',#14280,1.);
#3950=VECTOR('',#14281,1.);
#3951=VECTOR('',#14284,1.);
#3952=VECTOR('',#14287,1.);
#3953=VECTOR('',#14290,1.);
#3954=VECTOR('',#14291,1.);
#3955=VECTOR('',#14292,1.);
#3956=VECTOR('',#14295,1.);
#3957=VECTOR('',#14296,1.);
#3958=VECTOR('',#14299,1.);
#3959=VECTOR('',#14300,1.);
#3960=VECTOR('',#14303,1.);
#3961=VECTOR('',#14304,1.);
#3962=VECTOR('',#14305,1.);
#3963=VECTOR('',#14308,1.);
#3964=VECTOR('',#14309,1.);
#3965=VECTOR('',#14314,1.);
#3966=VECTOR('',#14315,1.);
#3967=VECTOR('',#14318,1.);
#3968=VECTOR('',#14321,1.);
#3969=VECTOR('',#14324,1.);
#3970=VECTOR('',#14325,1.);
#3971=VECTOR('',#14326,1.);
#3972=VECTOR('',#14329,1.);
#3973=VECTOR('',#14330,1.);
#3974=VECTOR('',#14333,1.);
#3975=VECTOR('',#14334,1.);
#3976=VECTOR('',#14337,1.);
#3977=VECTOR('',#14338,1.);
#3978=VECTOR('',#14339,1.);
#3979=VECTOR('',#14342,1.);
#3980=VECTOR('',#14343,1.);
#3981=VECTOR('',#14348,1.);
#3982=VECTOR('',#14349,1.);
#3983=VECTOR('',#14352,1.);
#3984=VECTOR('',#14355,1.);
#3985=VECTOR('',#14358,1.);
#3986=VECTOR('',#14359,1.);
#3987=VECTOR('',#14360,1.);
#3988=VECTOR('',#14363,1.);
#3989=VECTOR('',#14364,1.);
#3990=VECTOR('',#14367,1.);
#3991=VECTOR('',#14368,1.);
#3992=VECTOR('',#14371,1.);
#3993=VECTOR('',#14372,1.);
#3994=VECTOR('',#14373,1.);
#3995=VECTOR('',#14376,1.);
#3996=VECTOR('',#14377,1.);
#3997=VECTOR('',#14382,1.);
#3998=VECTOR('',#14383,1.);
#3999=VECTOR('',#14386,1.);
#4000=VECTOR('',#14389,1.);
#4001=VECTOR('',#14392,1.);
#4002=VECTOR('',#14393,1.);
#4003=VECTOR('',#14394,1.);
#4004=VECTOR('',#14397,1.);
#4005=VECTOR('',#14398,1.);
#4006=VECTOR('',#14401,1.);
#4007=VECTOR('',#14402,1.);
#4008=VECTOR('',#14405,1.);
#4009=VECTOR('',#14406,1.);
#4010=VECTOR('',#14407,1.);
#4011=VECTOR('',#14410,1.);
#4012=VECTOR('',#14411,1.);
#4013=VECTOR('',#14416,1.);
#4014=VECTOR('',#14417,1.);
#4015=VECTOR('',#14420,1.);
#4016=VECTOR('',#14423,1.);
#4017=VECTOR('',#14426,1.);
#4018=VECTOR('',#14427,1.);
#4019=VECTOR('',#14428,1.);
#4020=VECTOR('',#14431,1.);
#4021=VECTOR('',#14432,1.);
#4022=VECTOR('',#14435,1.);
#4023=VECTOR('',#14436,1.);
#4024=VECTOR('',#14439,1.);
#4025=VECTOR('',#14440,1.);
#4026=VECTOR('',#14441,1.);
#4027=VECTOR('',#14444,1.);
#4028=VECTOR('',#14445,1.);
#4029=VECTOR('',#14450,1.);
#4030=VECTOR('',#14451,1.);
#4031=VECTOR('',#14454,1.);
#4032=VECTOR('',#14457,1.);
#4033=VECTOR('',#14460,1.);
#4034=VECTOR('',#14461,1.);
#4035=VECTOR('',#14462,1.);
#4036=VECTOR('',#14465,1.);
#4037=VECTOR('',#14466,1.);
#4038=VECTOR('',#14469,1.);
#4039=VECTOR('',#14470,1.);
#4040=VECTOR('',#14473,1.);
#4041=VECTOR('',#14474,1.);
#4042=VECTOR('',#14475,1.);
#4043=VECTOR('',#14478,1.);
#4044=VECTOR('',#14479,1.);
#4045=VECTOR('',#14484,1.);
#4046=VECTOR('',#14485,1.);
#4047=VECTOR('',#14488,1.);
#4048=VECTOR('',#14491,1.);
#4049=VECTOR('',#14494,1.);
#4050=VECTOR('',#14495,1.);
#4051=VECTOR('',#14496,1.);
#4052=VECTOR('',#14499,1.);
#4053=VECTOR('',#14500,1.);
#4054=VECTOR('',#14503,1.);
#4055=VECTOR('',#14504,1.);
#4056=VECTOR('',#14507,1.);
#4057=VECTOR('',#14508,1.);
#4058=VECTOR('',#14509,1.);
#4059=VECTOR('',#14512,1.);
#4060=VECTOR('',#14513,1.);
#4061=VECTOR('',#14518,1.);
#4062=VECTOR('',#14519,1.);
#4063=VECTOR('',#14522,1.);
#4064=VECTOR('',#14525,1.);
#4065=VECTOR('',#14528,1.);
#4066=VECTOR('',#14529,1.);
#4067=VECTOR('',#14530,1.);
#4068=VECTOR('',#14533,1.);
#4069=VECTOR('',#14534,1.);
#4070=VECTOR('',#14537,1.);
#4071=VECTOR('',#14538,1.);
#4072=VECTOR('',#14541,1.);
#4073=VECTOR('',#14542,1.);
#4074=VECTOR('',#14543,1.);
#4075=VECTOR('',#14546,1.);
#4076=VECTOR('',#14547,1.);
#4077=VECTOR('',#14552,1.);
#4078=VECTOR('',#14553,1.);
#4079=VECTOR('',#14556,1.);
#4080=VECTOR('',#14559,1.);
#4081=VECTOR('',#14562,1.);
#4082=VECTOR('',#14563,1.);
#4083=VECTOR('',#14564,1.);
#4084=VECTOR('',#14567,1.);
#4085=VECTOR('',#14568,1.);
#4086=VECTOR('',#14571,1.);
#4087=VECTOR('',#14572,1.);
#4088=VECTOR('',#14575,1.);
#4089=VECTOR('',#14576,1.);
#4090=VECTOR('',#14577,1.);
#4091=VECTOR('',#14580,1.);
#4092=VECTOR('',#14581,1.);
#4093=VECTOR('',#14586,1.);
#4094=VECTOR('',#14587,1.);
#4095=VECTOR('',#14590,1.);
#4096=VECTOR('',#14593,1.);
#4097=VECTOR('',#14596,1.);
#4098=VECTOR('',#14597,1.);
#4099=VECTOR('',#14598,1.);
#4100=VECTOR('',#14601,1.);
#4101=VECTOR('',#14602,1.);
#4102=VECTOR('',#14605,1.);
#4103=VECTOR('',#14606,1.);
#4104=VECTOR('',#14609,1.);
#4105=VECTOR('',#14610,1.);
#4106=VECTOR('',#14611,1.);
#4107=VECTOR('',#14614,1.);
#4108=VECTOR('',#14615,1.);
#4109=VECTOR('',#14620,1.);
#4110=VECTOR('',#14621,1.);
#4111=VECTOR('',#14624,1.);
#4112=VECTOR('',#14627,1.);
#4113=VECTOR('',#14630,1.);
#4114=VECTOR('',#14631,1.);
#4115=VECTOR('',#14632,1.);
#4116=VECTOR('',#14635,1.);
#4117=VECTOR('',#14636,1.);
#4118=VECTOR('',#14639,1.);
#4119=VECTOR('',#14640,1.);
#4120=VECTOR('',#14643,1.);
#4121=VECTOR('',#14644,1.);
#4122=VECTOR('',#14645,1.);
#4123=VECTOR('',#14648,1.);
#4124=VECTOR('',#14649,1.);
#4125=VECTOR('',#14654,1.);
#4126=VECTOR('',#14655,1.);
#4127=VECTOR('',#14658,1.);
#4128=VECTOR('',#14661,1.);
#4129=VECTOR('',#14664,1.);
#4130=VECTOR('',#14665,1.);
#4131=VECTOR('',#14666,1.);
#4132=VECTOR('',#14669,1.);
#4133=VECTOR('',#14670,1.);
#4134=VECTOR('',#14673,1.);
#4135=VECTOR('',#14674,1.);
#4136=VECTOR('',#14677,1.);
#4137=VECTOR('',#14678,1.);
#4138=VECTOR('',#14679,1.);
#4139=VECTOR('',#14682,1.);
#4140=VECTOR('',#14683,1.);
#4141=VECTOR('',#14688,1.);
#4142=VECTOR('',#14689,1.);
#4143=VECTOR('',#14692,1.);
#4144=VECTOR('',#14695,1.);
#4145=VECTOR('',#14698,1.);
#4146=VECTOR('',#14699,1.);
#4147=VECTOR('',#14700,1.);
#4148=VECTOR('',#14703,1.);
#4149=VECTOR('',#14704,1.);
#4150=VECTOR('',#14707,1.);
#4151=VECTOR('',#14708,1.);
#4152=VECTOR('',#14711,1.);
#4153=VECTOR('',#14712,1.);
#4154=VECTOR('',#14713,1.);
#4155=VECTOR('',#14716,1.);
#4156=VECTOR('',#14717,1.);
#4157=VECTOR('',#14722,1.);
#4158=VECTOR('',#14723,1.);
#4159=VECTOR('',#14726,1.);
#4160=VECTOR('',#14729,1.);
#4161=VECTOR('',#14732,1.);
#4162=VECTOR('',#14733,1.);
#4163=VECTOR('',#14734,1.);
#4164=VECTOR('',#14737,1.);
#4165=VECTOR('',#14738,1.);
#4166=VECTOR('',#14741,1.);
#4167=VECTOR('',#14742,1.);
#4168=VECTOR('',#14745,1.);
#4169=VECTOR('',#14746,1.);
#4170=VECTOR('',#14747,1.);
#4171=VECTOR('',#14750,1.);
#4172=VECTOR('',#14751,1.);
#4173=VECTOR('',#14756,1.);
#4174=VECTOR('',#14757,1.);
#4175=VECTOR('',#14760,1.);
#4176=VECTOR('',#14763,1.);
#4177=VECTOR('',#14766,1.);
#4178=VECTOR('',#14767,1.);
#4179=VECTOR('',#14768,1.);
#4180=VECTOR('',#14771,1.);
#4181=VECTOR('',#14772,1.);
#4182=VECTOR('',#14775,1.);
#4183=VECTOR('',#14776,1.);
#4184=VECTOR('',#14779,1.);
#4185=VECTOR('',#14780,1.);
#4186=VECTOR('',#14781,1.);
#4187=VECTOR('',#14784,1.);
#4188=VECTOR('',#14785,1.);
#4189=VECTOR('',#14790,1.);
#4190=VECTOR('',#14791,1.);
#4191=VECTOR('',#14794,1.);
#4192=VECTOR('',#14797,1.);
#4193=VECTOR('',#14800,1.);
#4194=VECTOR('',#14801,1.);
#4195=VECTOR('',#14802,1.);
#4196=VECTOR('',#14805,1.);
#4197=VECTOR('',#14806,1.);
#4198=VECTOR('',#14809,1.);
#4199=VECTOR('',#14810,1.);
#4200=VECTOR('',#14813,1.);
#4201=VECTOR('',#14814,1.);
#4202=VECTOR('',#14815,1.);
#4203=VECTOR('',#14818,1.);
#4204=VECTOR('',#14819,1.);
#4205=VECTOR('',#14824,1.);
#4206=VECTOR('',#14825,1.);
#4207=VECTOR('',#14828,1.);
#4208=VECTOR('',#14831,1.);
#4209=VECTOR('',#14834,1.);
#4210=VECTOR('',#14835,1.);
#4211=VECTOR('',#14836,1.);
#4212=VECTOR('',#14839,1.);
#4213=VECTOR('',#14840,1.);
#4214=VECTOR('',#14843,1.);
#4215=VECTOR('',#14844,1.);
#4216=VECTOR('',#14847,1.);
#4217=VECTOR('',#14848,1.);
#4218=VECTOR('',#14849,1.);
#4219=VECTOR('',#14852,1.);
#4220=VECTOR('',#14853,1.);
#4221=VECTOR('',#14858,1.);
#4222=VECTOR('',#14859,1.);
#4223=VECTOR('',#14860,1.);
#4224=VECTOR('',#14861,1.);
#4225=VECTOR('',#14862,1.);
#4226=VECTOR('',#14863,1.);
#4227=VECTOR('',#14864,1.);
#4228=VECTOR('',#14865,1.);
#4229=VECTOR('',#14866,1.);
#4230=VECTOR('',#14867,1.);
#4231=VECTOR('',#14870,1.);
#4232=VECTOR('',#14873,1.);
#4233=VECTOR('',#14880,0.404999999999999);
#4234=VECTOR('',#14885,0.375);
#4235=VECTOR('',#14890,1.);
#4236=VECTOR('',#14891,1.);
#4237=VECTOR('',#14892,1.);
#4238=VECTOR('',#14897,1.);
#4239=VECTOR('',#14908,1.);
#4240=VECTOR('',#14909,1.);
#4241=VECTOR('',#14910,1.);
#4242=VECTOR('',#14911,1.);
#4243=VECTOR('',#14912,1.);
#4244=VECTOR('',#14913,1.);
#4245=VECTOR('',#14914,1.);
#4246=VECTOR('',#14915,1.);
#4247=VECTOR('',#14916,1.);
#4248=VECTOR('',#14917,1.);
#4249=VECTOR('',#14918,1.);
#4250=VECTOR('',#14919,1.);
#4251=VECTOR('',#14920,1.);
#4252=VECTOR('',#14921,1.);
#4253=VECTOR('',#14922,1.);
#4254=VECTOR('',#14923,1.);
#4255=VECTOR('',#14924,1.);
#4256=VECTOR('',#14927,1.);
#4257=VECTOR('',#14930,1.);
#4258=VECTOR('',#14933,1.);
#4259=VECTOR('',#14936,1.);
#4260=VECTOR('',#14937,1.);
#4261=VECTOR('',#14940,1.);
#4262=VECTOR('',#14943,1.);
#4263=VECTOR('',#14946,1.);
#4264=VECTOR('',#14949,1.);
#4265=VECTOR('',#14952,1.);
#4266=VECTOR('',#14955,1.);
#4267=VECTOR('',#14958,1.);
#4268=VECTOR('',#14961,1.);
#4269=VECTOR('',#14964,1.);
#4270=VECTOR('',#14967,1.);
#4271=VECTOR('',#14970,1.);
#4272=VECTOR('',#14973,1.);
#4273=VECTOR('',#14976,1.);
#4274=VECTOR('',#14979,1.);
#4275=VECTOR('',#14982,1.);
#4276=VECTOR('',#14985,1.);
#4277=VECTOR('',#14988,1.);
#4278=VECTOR('',#14991,1.);
#4279=VECTOR('',#14994,1.);
#4280=VECTOR('',#14997,1.);
#4281=VECTOR('',#15000,1.);
#4282=VECTOR('',#15003,1.);
#4283=VECTOR('',#15006,1.);
#4284=VECTOR('',#15009,1.);
#4285=VECTOR('',#15012,1.);
#4286=VECTOR('',#15015,1.);
#4287=VECTOR('',#15018,1.);
#4288=VECTOR('',#15021,1.);
#4289=VECTOR('',#15024,1.);
#4290=VECTOR('',#15027,1.);
#4291=VECTOR('',#15030,1.);
#4292=VECTOR('',#15033,1.);
#4293=VECTOR('',#15036,1.);
#4294=VECTOR('',#15105,1.);
#4295=VECTOR('',#15108,1.);
#4296=VECTOR('',#15109,1.);
#4297=VECTOR('',#15112,1.);
#4298=VECTOR('',#15113,1.);
#4299=VECTOR('',#15116,1.);
#4300=VECTOR('',#15117,1.);
#4301=VECTOR('',#15120,1.);
#4302=VECTOR('',#15123,1.);
#4303=VECTOR('',#15126,1.);
#4304=VECTOR('',#15129,1.);
#4305=VECTOR('',#15134,1.);
#4306=VECTOR('',#15135,1.);
#4307=VECTOR('',#15136,1.);
#4308=VECTOR('',#15137,1.);
#4309=VECTOR('',#15140,1.);
#4310=VECTOR('',#15141,1.);
#4311=VECTOR('',#15142,1.);
#4312=VECTOR('',#15145,1.);
#4313=VECTOR('',#15148,1.);
#4314=VECTOR('',#15153,1.);
#4315=VECTOR('',#15154,1.);
#4316=VECTOR('',#15157,1.);
#4317=VECTOR('',#15158,1.);
#4318=VECTOR('',#15161,1.);
#4319=VECTOR('',#15162,1.);
#4320=VECTOR('',#15167,1.);
#4321=VECTOR('',#15168,1.);
#4322=VECTOR('',#15169,1.);
#4323=VECTOR('',#15170,1.);
#4324=VECTOR('',#15173,1.);
#4325=VECTOR('',#15174,1.);
#4326=VECTOR('',#15175,1.);
#4327=VECTOR('',#15178,1.);
#4328=VECTOR('',#15181,1.);
#4329=VECTOR('',#15186,1.);
#4330=VECTOR('',#15187,1.);
#4331=VECTOR('',#15188,1.);
#4332=VECTOR('',#15191,1.);
#4333=VECTOR('',#15192,1.);
#4334=VECTOR('',#15195,1.);
#4335=VECTOR('',#15200,1.);
#4336=VECTOR('',#15201,1.);
#4337=VECTOR('',#15202,1.);
#4338=VECTOR('',#15203,1.);
#4339=VECTOR('',#15206,1.);
#4340=VECTOR('',#15207,1.);
#4341=VECTOR('',#15208,1.);
#4342=VECTOR('',#15211,1.);
#4343=VECTOR('',#15214,1.);
#4344=VECTOR('',#15219,1.);
#4345=VECTOR('',#15220,1.);
#4346=VECTOR('',#15223,1.);
#4347=VECTOR('',#15224,1.);
#4348=VECTOR('',#15227,1.);
#4349=VECTOR('',#15228,1.);
#4350=VECTOR('',#15233,1.);
#4351=VECTOR('',#15234,1.);
#4352=VECTOR('',#15235,1.);
#4353=VECTOR('',#15236,1.);
#4354=VECTOR('',#15239,1.);
#4355=VECTOR('',#15240,1.);
#4356=VECTOR('',#15241,1.);
#4357=VECTOR('',#15244,1.);
#4358=VECTOR('',#15247,1.);
#4359=VECTOR('',#15252,1.);
#4360=VECTOR('',#15253,1.);
#4361=VECTOR('',#15256,1.);
#4362=VECTOR('',#15257,1.);
#4363=VECTOR('',#15260,1.);
#4364=VECTOR('',#15261,1.);
#4365=VECTOR('',#15266,1.);
#4366=VECTOR('',#15267,1.);
#4367=VECTOR('',#15268,1.);
#4368=VECTOR('',#15269,1.);
#4369=VECTOR('',#15272,1.);
#4370=VECTOR('',#15273,1.);
#4371=VECTOR('',#15274,1.);
#4372=VECTOR('',#15277,1.);
#4373=VECTOR('',#15280,1.);
#4374=VECTOR('',#15285,1.);
#4375=VECTOR('',#15286,1.);
#4376=VECTOR('',#15287,1.);
#4377=VECTOR('',#15290,1.);
#4378=VECTOR('',#15291,1.);
#4379=VECTOR('',#15294,1.);
#4380=VECTOR('',#15299,1.);
#4381=VECTOR('',#15300,1.);
#4382=VECTOR('',#15301,1.);
#4383=VECTOR('',#15302,1.);
#4384=VECTOR('',#15305,1.);
#4385=VECTOR('',#15306,1.);
#4386=VECTOR('',#15307,1.);
#4387=VECTOR('',#15310,1.);
#4388=VECTOR('',#15313,1.);
#4389=VECTOR('',#15318,1.);
#4390=VECTOR('',#15319,1.);
#4391=VECTOR('',#15322,1.);
#4392=VECTOR('',#15323,1.);
#4393=VECTOR('',#15326,1.);
#4394=VECTOR('',#15327,1.);
#4395=VECTOR('',#15332,1.);
#4396=VECTOR('',#15333,1.);
#4397=VECTOR('',#15334,1.);
#4398=VECTOR('',#15335,1.);
#4399=VECTOR('',#15338,1.);
#4400=VECTOR('',#15339,1.);
#4401=VECTOR('',#15340,1.);
#4402=VECTOR('',#15343,1.);
#4403=VECTOR('',#15346,1.);
#4404=VECTOR('',#15351,1.);
#4405=VECTOR('',#15352,1.);
#4406=VECTOR('',#15355,1.);
#4407=VECTOR('',#15356,1.);
#4408=VECTOR('',#15359,1.);
#4409=VECTOR('',#15360,1.);
#4410=VECTOR('',#15365,1.);
#4411=VECTOR('',#15366,1.);
#4412=VECTOR('',#15367,1.);
#4413=VECTOR('',#15368,1.);
#4414=VECTOR('',#15371,1.);
#4415=VECTOR('',#15372,1.);
#4416=VECTOR('',#15373,1.);
#4417=VECTOR('',#15376,1.);
#4418=VECTOR('',#15379,1.);
#4419=VECTOR('',#15384,1.);
#4420=VECTOR('',#15385,1.);
#4421=VECTOR('',#15386,1.);
#4422=VECTOR('',#15389,1.);
#4423=VECTOR('',#15390,1.);
#4424=VECTOR('',#15393,1.);
#4425=VECTOR('',#15398,1.);
#4426=VECTOR('',#15399,1.);
#4427=VECTOR('',#15400,1.);
#4428=VECTOR('',#15401,1.);
#4429=VECTOR('',#15404,1.);
#4430=VECTOR('',#15405,1.);
#4431=VECTOR('',#15406,1.);
#4432=VECTOR('',#15409,1.);
#4433=VECTOR('',#15412,1.);
#4434=VECTOR('',#15417,1.);
#4435=VECTOR('',#15418,1.);
#4436=VECTOR('',#15421,1.);
#4437=VECTOR('',#15422,1.);
#4438=VECTOR('',#15425,1.);
#4439=VECTOR('',#15426,1.);
#4440=VECTOR('',#15431,1.);
#4441=VECTOR('',#15432,1.);
#4442=VECTOR('',#15433,1.);
#4443=VECTOR('',#15434,1.);
#4444=VECTOR('',#15437,1.);
#4445=VECTOR('',#15438,1.);
#4446=VECTOR('',#15439,1.);
#4447=VECTOR('',#15442,1.);
#4448=VECTOR('',#15445,1.);
#4449=VECTOR('',#15450,1.);
#4450=VECTOR('',#15451,1.);
#4451=VECTOR('',#15454,1.);
#4452=VECTOR('',#15455,1.);
#4453=VECTOR('',#15458,1.);
#4454=VECTOR('',#15459,1.);
#4455=VECTOR('',#15464,1.);
#4456=VECTOR('',#15465,1.);
#4457=VECTOR('',#15466,1.);
#4458=VECTOR('',#15467,1.);
#4459=VECTOR('',#15470,1.);
#4460=VECTOR('',#15471,1.);
#4461=VECTOR('',#15472,1.);
#4462=VECTOR('',#15475,1.);
#4463=VECTOR('',#15478,1.);
#4464=VECTOR('',#15483,1.);
#4465=VECTOR('',#15484,1.);
#4466=VECTOR('',#15485,1.);
#4467=VECTOR('',#15488,1.);
#4468=VECTOR('',#15489,1.);
#4469=VECTOR('',#15492,1.);
#4470=VECTOR('',#15497,1.);
#4471=VECTOR('',#15498,1.);
#4472=VECTOR('',#15499,1.);
#4473=VECTOR('',#15500,1.);
#4474=VECTOR('',#15503,1.);
#4475=VECTOR('',#15504,1.);
#4476=VECTOR('',#15505,1.);
#4477=VECTOR('',#15508,1.);
#4478=VECTOR('',#15511,1.);
#4479=VECTOR('',#15516,1.);
#4480=VECTOR('',#15517,1.);
#4481=VECTOR('',#15520,1.);
#4482=VECTOR('',#15521,1.);
#4483=VECTOR('',#15524,1.);
#4484=VECTOR('',#15525,1.);
#4485=VECTOR('',#15530,1.);
#4486=VECTOR('',#15531,1.);
#4487=VECTOR('',#15532,1.);
#4488=VECTOR('',#15533,1.);
#4489=VECTOR('',#15536,1.);
#4490=VECTOR('',#15537,1.);
#4491=VECTOR('',#15538,1.);
#4492=VECTOR('',#15541,1.);
#4493=VECTOR('',#15544,1.);
#4494=VECTOR('',#15549,1.);
#4495=VECTOR('',#15550,1.);
#4496=VECTOR('',#15553,1.);
#4497=VECTOR('',#15554,1.);
#4498=VECTOR('',#15557,1.);
#4499=VECTOR('',#15558,1.);
#4500=VECTOR('',#15563,1.);
#4501=VECTOR('',#15564,1.);
#4502=VECTOR('',#15565,1.);
#4503=VECTOR('',#15566,1.);
#4504=VECTOR('',#15569,1.);
#4505=VECTOR('',#15570,1.);
#4506=VECTOR('',#15571,1.);
#4507=VECTOR('',#15574,1.);
#4508=VECTOR('',#15577,1.);
#4509=VECTOR('',#15582,1.);
#4510=VECTOR('',#15583,1.);
#4511=VECTOR('',#15584,1.);
#4512=VECTOR('',#15587,1.);
#4513=VECTOR('',#15588,1.);
#4514=VECTOR('',#15591,1.);
#4515=VECTOR('',#15596,1.);
#4516=VECTOR('',#15597,1.);
#4517=VECTOR('',#15598,1.);
#4518=VECTOR('',#15599,1.);
#4519=VECTOR('',#15602,1.);
#4520=VECTOR('',#15603,1.);
#4521=VECTOR('',#15604,1.);
#4522=VECTOR('',#15607,1.);
#4523=VECTOR('',#15610,1.);
#4524=VECTOR('',#15615,1.);
#4525=VECTOR('',#15616,1.);
#4526=VECTOR('',#15619,1.);
#4527=VECTOR('',#15620,1.);
#4528=VECTOR('',#15623,1.);
#4529=VECTOR('',#15624,1.);
#4530=VECTOR('',#15629,1.);
#4531=VECTOR('',#15630,1.);
#4532=VECTOR('',#15631,1.);
#4533=VECTOR('',#15632,1.);
#4534=VECTOR('',#15635,1.);
#4535=VECTOR('',#15636,1.);
#4536=VECTOR('',#15637,1.);
#4537=VECTOR('',#15640,1.);
#4538=VECTOR('',#15643,1.);
#4539=VECTOR('',#15648,1.);
#4540=VECTOR('',#15649,1.);
#4541=VECTOR('',#15652,1.);
#4542=VECTOR('',#15653,1.);
#4543=VECTOR('',#15656,1.);
#4544=VECTOR('',#15657,1.);
#4545=VECTOR('',#15662,1.);
#4546=VECTOR('',#15663,1.);
#4547=VECTOR('',#15664,1.);
#4548=VECTOR('',#15665,1.);
#4549=VECTOR('',#15666,1.);
#4550=VECTOR('',#15669,1.);
#4551=VECTOR('',#15670,1.);
#4552=VECTOR('',#15671,1.);
#4553=VECTOR('',#15674,1.);
#4554=VECTOR('',#15677,1.);
#4555=VECTOR('',#15682,1.);
#4556=VECTOR('',#15683,1.);
#4557=VECTOR('',#15684,1.);
#4558=VECTOR('',#15685,1.);
#4559=VECTOR('',#15686,1.);
#4560=VECTOR('',#15689,1.);
#4561=VECTOR('',#15692,1.);
#4562=VECTOR('',#15695,1.);
#4563=VECTOR('',#15704,1.);
#4564=VECTOR('',#15707,1.);
#4565=VECTOR('',#15710,1.);
#4566=VECTOR('',#15717,1.);
#4567=VECTOR('',#15720,1.);
#4568=VECTOR('',#15723,1.);
#4569=VECTOR('',#15726,1.);
#4570=VECTOR('',#15729,1.);
#4571=VECTOR('',#15732,1.);
#4572=VECTOR('',#15735,1.);
#4573=VECTOR('',#15748,1.);
#4574=VECTOR('',#15759,1.);
#4575=VECTOR('',#15770,1.);
#4576=VECTOR('',#15775,1.);
#4577=VECTOR('',#15776,1.);
#4578=VECTOR('',#15779,1.);
#4579=VECTOR('',#15784,1.);
#4580=VECTOR('',#15785,1.);
#4581=VECTOR('',#15788,1.);
#4582=VECTOR('',#15793,1.);
#4583=VECTOR('',#15796,1.);
#4584=VECTOR('',#15809,1.);
#4585=VECTOR('',#15810,1.);
#4586=VECTOR('',#15823,1.);
#4587=VECTOR('',#15824,1.);
#4588=VECTOR('',#15835,1.);
#4589=VECTOR('',#15836,1.);
#4590=VECTOR('',#15849,1.);
#4591=VECTOR('',#15860,1.);
#4592=VECTOR('',#15867,1.);
#4593=VECTOR('',#15872,1.);
#4594=VECTOR('',#15873,1.);
#4595=VECTOR('',#15876,1.);
#4596=VECTOR('',#15881,1.);
#4597=VECTOR('',#15882,1.);
#4598=VECTOR('',#15889,1.);
#4599=VECTOR('',#15902,1.);
#4600=VECTOR('',#15913,1.);
#4601=VECTOR('',#15922,1.);
#4602=VECTOR('',#15925,1.);
#4603=VECTOR('',#15928,1.);
#4604=VECTOR('',#15931,1.);
#4605=VERTEX_POINT('',#15940);
#4606=VERTEX_POINT('',#15941);
#4607=VERTEX_POINT('',#15943);
#4608=VERTEX_POINT('',#15945);
#4609=VERTEX_POINT('',#15949);
#4610=VERTEX_POINT('',#15950);
#4611=VERTEX_POINT('',#15952);
#4612=VERTEX_POINT('',#15954);
#4613=VERTEX_POINT('',#15958);
#4614=VERTEX_POINT('',#15959);
#4615=VERTEX_POINT('',#15961);
#4616=VERTEX_POINT('',#15963);
#4617=VERTEX_POINT('',#15967);
#4618=VERTEX_POINT('',#15969);
#4619=VERTEX_POINT('',#15973);
#4620=VERTEX_POINT('',#15974);
#4621=VERTEX_POINT('',#15976);
#4622=VERTEX_POINT('',#15978);
#4623=VERTEX_POINT('',#15982);
#4624=VERTEX_POINT('',#15983);
#4625=VERTEX_POINT('',#15985);
#4626=VERTEX_POINT('',#15987);
#4627=VERTEX_POINT('',#15991);
#4628=VERTEX_POINT('',#15993);
#4629=VERTEX_POINT('',#15997);
#4630=VERTEX_POINT('',#15999);
#4631=VERTEX_POINT('',#16003);
#4632=VERTEX_POINT('',#16004);
#4633=VERTEX_POINT('',#16006);
#4634=VERTEX_POINT('',#16008);
#4635=VERTEX_POINT('',#16012);
#4636=VERTEX_POINT('',#16013);
#4637=VERTEX_POINT('',#16015);
#4638=VERTEX_POINT('',#16017);
#4639=VERTEX_POINT('',#16021);
#4640=VERTEX_POINT('',#16023);
#4641=VERTEX_POINT('',#16027);
#4642=VERTEX_POINT('',#16029);
#4643=VERTEX_POINT('',#16033);
#4644=VERTEX_POINT('',#16034);
#4645=VERTEX_POINT('',#16036);
#4646=VERTEX_POINT('',#16038);
#4647=VERTEX_POINT('',#16042);
#4648=VERTEX_POINT('',#16044);
#4649=VERTEX_POINT('',#16048);
#4650=VERTEX_POINT('',#16049);
#4651=VERTEX_POINT('',#16051);
#4652=VERTEX_POINT('',#16053);
#4653=VERTEX_POINT('',#16057);
#4654=VERTEX_POINT('',#16059);
#4655=VERTEX_POINT('',#16063);
#4656=VERTEX_POINT('',#16064);
#4657=VERTEX_POINT('',#16066);
#4658=VERTEX_POINT('',#16068);
#4659=VERTEX_POINT('',#16072);
#4660=VERTEX_POINT('',#16074);
#4661=VERTEX_POINT('',#16078);
#4662=VERTEX_POINT('',#16079);
#4663=VERTEX_POINT('',#16081);
#4664=VERTEX_POINT('',#16083);
#4665=VERTEX_POINT('',#16087);
#4666=VERTEX_POINT('',#16089);
#4667=VERTEX_POINT('',#16093);
#4668=VERTEX_POINT('',#16094);
#4669=VERTEX_POINT('',#16096);
#4670=VERTEX_POINT('',#16098);
#4671=VERTEX_POINT('',#16102);
#4672=VERTEX_POINT('',#16104);
#4673=VERTEX_POINT('',#16108);
#4674=VERTEX_POINT('',#16109);
#4675=VERTEX_POINT('',#16111);
#4676=VERTEX_POINT('',#16113);
#4677=VERTEX_POINT('',#16117);
#4678=VERTEX_POINT('',#16119);
#4679=VERTEX_POINT('',#16123);
#4680=VERTEX_POINT('',#16124);
#4681=VERTEX_POINT('',#16126);
#4682=VERTEX_POINT('',#16128);
#4683=VERTEX_POINT('',#16132);
#4684=VERTEX_POINT('',#16134);
#4685=VERTEX_POINT('',#16138);
#4686=VERTEX_POINT('',#16139);
#4687=VERTEX_POINT('',#16141);
#4688=VERTEX_POINT('',#16143);
#4689=VERTEX_POINT('',#16147);
#4690=VERTEX_POINT('',#16149);
#4691=VERTEX_POINT('',#16153);
#4692=VERTEX_POINT('',#16154);
#4693=VERTEX_POINT('',#16156);
#4694=VERTEX_POINT('',#16158);
#4695=VERTEX_POINT('',#16162);
#4696=VERTEX_POINT('',#16163);
#4697=VERTEX_POINT('',#16165);
#4698=VERTEX_POINT('',#16167);
#4699=VERTEX_POINT('',#16171);
#4700=VERTEX_POINT('',#16173);
#4701=VERTEX_POINT('',#16177);
#4702=VERTEX_POINT('',#16179);
#4703=VERTEX_POINT('',#16183);
#4704=VERTEX_POINT('',#16184);
#4705=VERTEX_POINT('',#16186);
#4706=VERTEX_POINT('',#16188);
#4707=VERTEX_POINT('',#16192);
#4708=VERTEX_POINT('',#16193);
#4709=VERTEX_POINT('',#16195);
#4710=VERTEX_POINT('',#16197);
#4711=VERTEX_POINT('',#16201);
#4712=VERTEX_POINT('',#16203);
#4713=VERTEX_POINT('',#16207);
#4714=VERTEX_POINT('',#16209);
#4715=VERTEX_POINT('',#16213);
#4716=VERTEX_POINT('',#16214);
#4717=VERTEX_POINT('',#16216);
#4718=VERTEX_POINT('',#16218);
#4719=VERTEX_POINT('',#16222);
#4720=VERTEX_POINT('',#16224);
#4721=VERTEX_POINT('',#16228);
#4722=VERTEX_POINT('',#16229);
#4723=VERTEX_POINT('',#16231);
#4724=VERTEX_POINT('',#16233);
#4725=VERTEX_POINT('',#16237);
#4726=VERTEX_POINT('',#16239);
#4727=VERTEX_POINT('',#16243);
#4728=VERTEX_POINT('',#16244);
#4729=VERTEX_POINT('',#16246);
#4730=VERTEX_POINT('',#16248);
#4731=VERTEX_POINT('',#16252);
#4732=VERTEX_POINT('',#16254);
#4733=VERTEX_POINT('',#16258);
#4734=VERTEX_POINT('',#16259);
#4735=VERTEX_POINT('',#16261);
#4736=VERTEX_POINT('',#16263);
#4737=VERTEX_POINT('',#16267);
#4738=VERTEX_POINT('',#16269);
#4739=VERTEX_POINT('',#16273);
#4740=VERTEX_POINT('',#16274);
#4741=VERTEX_POINT('',#16276);
#4742=VERTEX_POINT('',#16278);
#4743=VERTEX_POINT('',#16282);
#4744=VERTEX_POINT('',#16284);
#4745=VERTEX_POINT('',#16288);
#4746=VERTEX_POINT('',#16289);
#4747=VERTEX_POINT('',#16291);
#4748=VERTEX_POINT('',#16293);
#4749=VERTEX_POINT('',#16297);
#4750=VERTEX_POINT('',#16299);
#4751=VERTEX_POINT('',#16303);
#4752=VERTEX_POINT('',#16304);
#4753=VERTEX_POINT('',#16306);
#4754=VERTEX_POINT('',#16308);
#4755=VERTEX_POINT('',#16312);
#4756=VERTEX_POINT('',#16314);
#4757=VERTEX_POINT('',#16318);
#4758=VERTEX_POINT('',#16319);
#4759=VERTEX_POINT('',#16321);
#4760=VERTEX_POINT('',#16323);
#4761=VERTEX_POINT('',#16327);
#4762=VERTEX_POINT('',#16329);
#4763=VERTEX_POINT('',#16333);
#4764=VERTEX_POINT('',#16334);
#4765=VERTEX_POINT('',#16336);
#4766=VERTEX_POINT('',#16338);
#4767=VERTEX_POINT('',#16342);
#4768=VERTEX_POINT('',#16343);
#4769=VERTEX_POINT('',#16345);
#4770=VERTEX_POINT('',#16347);
#4771=VERTEX_POINT('',#16351);
#4772=VERTEX_POINT('',#16353);
#4773=VERTEX_POINT('',#16357);
#4774=VERTEX_POINT('',#16359);
#4775=VERTEX_POINT('',#16363);
#4776=VERTEX_POINT('',#16364);
#4777=VERTEX_POINT('',#16366);
#4778=VERTEX_POINT('',#16368);
#4779=VERTEX_POINT('',#16372);
#4780=VERTEX_POINT('',#16373);
#4781=VERTEX_POINT('',#16375);
#4782=VERTEX_POINT('',#16377);
#4783=VERTEX_POINT('',#16381);
#4784=VERTEX_POINT('',#16383);
#4785=VERTEX_POINT('',#16387);
#4786=VERTEX_POINT('',#16389);
#4787=VERTEX_POINT('',#16393);
#4788=VERTEX_POINT('',#16394);
#4789=VERTEX_POINT('',#16396);
#4790=VERTEX_POINT('',#16398);
#4791=VERTEX_POINT('',#16402);
#4792=VERTEX_POINT('',#16404);
#4793=VERTEX_POINT('',#16408);
#4794=VERTEX_POINT('',#16409);
#4795=VERTEX_POINT('',#16411);
#4796=VERTEX_POINT('',#16413);
#4797=VERTEX_POINT('',#16417);
#4798=VERTEX_POINT('',#16419);
#4799=VERTEX_POINT('',#16423);
#4800=VERTEX_POINT('',#16424);
#4801=VERTEX_POINT('',#16426);
#4802=VERTEX_POINT('',#16428);
#4803=VERTEX_POINT('',#16432);
#4804=VERTEX_POINT('',#16434);
#4805=VERTEX_POINT('',#16438);
#4806=VERTEX_POINT('',#16439);
#4807=VERTEX_POINT('',#16441);
#4808=VERTEX_POINT('',#16443);
#4809=VERTEX_POINT('',#16447);
#4810=VERTEX_POINT('',#16449);
#4811=VERTEX_POINT('',#16453);
#4812=VERTEX_POINT('',#16454);
#4813=VERTEX_POINT('',#16456);
#4814=VERTEX_POINT('',#16458);
#4815=VERTEX_POINT('',#16462);
#4816=VERTEX_POINT('',#16464);
#4817=VERTEX_POINT('',#16468);
#4818=VERTEX_POINT('',#16469);
#4819=VERTEX_POINT('',#16471);
#4820=VERTEX_POINT('',#16473);
#4821=VERTEX_POINT('',#16477);
#4822=VERTEX_POINT('',#16479);
#4823=VERTEX_POINT('',#16483);
#4824=VERTEX_POINT('',#16484);
#4825=VERTEX_POINT('',#16486);
#4826=VERTEX_POINT('',#16488);
#4827=VERTEX_POINT('',#16492);
#4828=VERTEX_POINT('',#16494);
#4829=VERTEX_POINT('',#16498);
#4830=VERTEX_POINT('',#16499);
#4831=VERTEX_POINT('',#16501);
#4832=VERTEX_POINT('',#16503);
#4833=VERTEX_POINT('',#16507);
#4834=VERTEX_POINT('',#16509);
#4835=VERTEX_POINT('',#16513);
#4836=VERTEX_POINT('',#16514);
#4837=VERTEX_POINT('',#16516);
#4838=VERTEX_POINT('',#16518);
#4839=VERTEX_POINT('',#16522);
#4840=VERTEX_POINT('',#16523);
#4841=VERTEX_POINT('',#16525);
#4842=VERTEX_POINT('',#16527);
#4843=VERTEX_POINT('',#16531);
#4844=VERTEX_POINT('',#16533);
#4845=VERTEX_POINT('',#16537);
#4846=VERTEX_POINT('',#16539);
#4847=VERTEX_POINT('',#16543);
#4848=VERTEX_POINT('',#16544);
#4849=VERTEX_POINT('',#16546);
#4850=VERTEX_POINT('',#16548);
#4851=VERTEX_POINT('',#16552);
#4852=VERTEX_POINT('',#16553);
#4853=VERTEX_POINT('',#16555);
#4854=VERTEX_POINT('',#16557);
#4855=VERTEX_POINT('',#16561);
#4856=VERTEX_POINT('',#16563);
#4857=VERTEX_POINT('',#16567);
#4858=VERTEX_POINT('',#16569);
#4859=VERTEX_POINT('',#16573);
#4860=VERTEX_POINT('',#16574);
#4861=VERTEX_POINT('',#16576);
#4862=VERTEX_POINT('',#16578);
#4863=VERTEX_POINT('',#16582);
#4864=VERTEX_POINT('',#16584);
#4865=VERTEX_POINT('',#16588);
#4866=VERTEX_POINT('',#16589);
#4867=VERTEX_POINT('',#16591);
#4868=VERTEX_POINT('',#16593);
#4869=VERTEX_POINT('',#16597);
#4870=VERTEX_POINT('',#16599);
#4871=VERTEX_POINT('',#16603);
#4872=VERTEX_POINT('',#16604);
#4873=VERTEX_POINT('',#16606);
#4874=VERTEX_POINT('',#16608);
#4875=VERTEX_POINT('',#16612);
#4876=VERTEX_POINT('',#16614);
#4877=VERTEX_POINT('',#16618);
#4878=VERTEX_POINT('',#16619);
#4879=VERTEX_POINT('',#16621);
#4880=VERTEX_POINT('',#16623);
#4881=VERTEX_POINT('',#16627);
#4882=VERTEX_POINT('',#16629);
#4883=VERTEX_POINT('',#16633);
#4884=VERTEX_POINT('',#16634);
#4885=VERTEX_POINT('',#16636);
#4886=VERTEX_POINT('',#16638);
#4887=VERTEX_POINT('',#16642);
#4888=VERTEX_POINT('',#16644);
#4889=VERTEX_POINT('',#16648);
#4890=VERTEX_POINT('',#16649);
#4891=VERTEX_POINT('',#16651);
#4892=VERTEX_POINT('',#16653);
#4893=VERTEX_POINT('',#16657);
#4894=VERTEX_POINT('',#16659);
#4895=VERTEX_POINT('',#16663);
#4896=VERTEX_POINT('',#16664);
#4897=VERTEX_POINT('',#16666);
#4898=VERTEX_POINT('',#16668);
#4899=VERTEX_POINT('',#16672);
#4900=VERTEX_POINT('',#16674);
#4901=VERTEX_POINT('',#16678);
#4902=VERTEX_POINT('',#16679);
#4903=VERTEX_POINT('',#16681);
#4904=VERTEX_POINT('',#16683);
#4905=VERTEX_POINT('',#16687);
#4906=VERTEX_POINT('',#16689);
#4907=VERTEX_POINT('',#16693);
#4908=VERTEX_POINT('',#16694);
#4909=VERTEX_POINT('',#16696);
#4910=VERTEX_POINT('',#16698);
#4911=VERTEX_POINT('',#16702);
#4912=VERTEX_POINT('',#16703);
#4913=VERTEX_POINT('',#16705);
#4914=VERTEX_POINT('',#16707);
#4915=VERTEX_POINT('',#16711);
#4916=VERTEX_POINT('',#16713);
#4917=VERTEX_POINT('',#16717);
#4918=VERTEX_POINT('',#16719);
#4919=VERTEX_POINT('',#16723);
#4920=VERTEX_POINT('',#16724);
#4921=VERTEX_POINT('',#16726);
#4922=VERTEX_POINT('',#16728);
#4923=VERTEX_POINT('',#16732);
#4924=VERTEX_POINT('',#16733);
#4925=VERTEX_POINT('',#16735);
#4926=VERTEX_POINT('',#16737);
#4927=VERTEX_POINT('',#16741);
#4928=VERTEX_POINT('',#16743);
#4929=VERTEX_POINT('',#16747);
#4930=VERTEX_POINT('',#16749);
#4931=VERTEX_POINT('',#16753);
#4932=VERTEX_POINT('',#16754);
#4933=VERTEX_POINT('',#16756);
#4934=VERTEX_POINT('',#16758);
#4935=VERTEX_POINT('',#16762);
#4936=VERTEX_POINT('',#16764);
#4937=VERTEX_POINT('',#16768);
#4938=VERTEX_POINT('',#16769);
#4939=VERTEX_POINT('',#16771);
#4940=VERTEX_POINT('',#16773);
#4941=VERTEX_POINT('',#16777);
#4942=VERTEX_POINT('',#16779);
#4943=VERTEX_POINT('',#16783);
#4944=VERTEX_POINT('',#16784);
#4945=VERTEX_POINT('',#16786);
#4946=VERTEX_POINT('',#16788);
#4947=VERTEX_POINT('',#16792);
#4948=VERTEX_POINT('',#16794);
#4949=VERTEX_POINT('',#16798);
#4950=VERTEX_POINT('',#16799);
#4951=VERTEX_POINT('',#16801);
#4952=VERTEX_POINT('',#16803);
#4953=VERTEX_POINT('',#16807);
#4954=VERTEX_POINT('',#16809);
#4955=VERTEX_POINT('',#16813);
#4956=VERTEX_POINT('',#16814);
#4957=VERTEX_POINT('',#16816);
#4958=VERTEX_POINT('',#16818);
#4959=VERTEX_POINT('',#16822);
#4960=VERTEX_POINT('',#16824);
#4961=VERTEX_POINT('',#16828);
#4962=VERTEX_POINT('',#16829);
#4963=VERTEX_POINT('',#16831);
#4964=VERTEX_POINT('',#16833);
#4965=VERTEX_POINT('',#16837);
#4966=VERTEX_POINT('',#16839);
#4967=VERTEX_POINT('',#16843);
#4968=VERTEX_POINT('',#16844);
#4969=VERTEX_POINT('',#16846);
#4970=VERTEX_POINT('',#16848);
#4971=VERTEX_POINT('',#16852);
#4972=VERTEX_POINT('',#16854);
#4973=VERTEX_POINT('',#16858);
#4974=VERTEX_POINT('',#16859);
#4975=VERTEX_POINT('',#16861);
#4976=VERTEX_POINT('',#16863);
#4977=VERTEX_POINT('',#16867);
#4978=VERTEX_POINT('',#16869);
#4979=VERTEX_POINT('',#16873);
#4980=VERTEX_POINT('',#16874);
#4981=VERTEX_POINT('',#16876);
#4982=VERTEX_POINT('',#16878);
#4983=VERTEX_POINT('',#16882);
#4984=VERTEX_POINT('',#16883);
#4985=VERTEX_POINT('',#16885);
#4986=VERTEX_POINT('',#16887);
#4987=VERTEX_POINT('',#16891);
#4988=VERTEX_POINT('',#16893);
#4989=VERTEX_POINT('',#16897);
#4990=VERTEX_POINT('',#16899);
#4991=VERTEX_POINT('',#16903);
#4992=VERTEX_POINT('',#16904);
#4993=VERTEX_POINT('',#16906);
#4994=VERTEX_POINT('',#16908);
#4995=VERTEX_POINT('',#16912);
#4996=VERTEX_POINT('',#16913);
#4997=VERTEX_POINT('',#16915);
#4998=VERTEX_POINT('',#16917);
#4999=VERTEX_POINT('',#16921);
#5000=VERTEX_POINT('',#16923);
#5001=VERTEX_POINT('',#16927);
#5002=VERTEX_POINT('',#16929);
#5003=VERTEX_POINT('',#16933);
#5004=VERTEX_POINT('',#16934);
#5005=VERTEX_POINT('',#16936);
#5006=VERTEX_POINT('',#16938);
#5007=VERTEX_POINT('',#16942);
#5008=VERTEX_POINT('',#16944);
#5009=VERTEX_POINT('',#16948);
#5010=VERTEX_POINT('',#16949);
#5011=VERTEX_POINT('',#16951);
#5012=VERTEX_POINT('',#16953);
#5013=VERTEX_POINT('',#16957);
#5014=VERTEX_POINT('',#16959);
#5015=VERTEX_POINT('',#16963);
#5016=VERTEX_POINT('',#16964);
#5017=VERTEX_POINT('',#16966);
#5018=VERTEX_POINT('',#16968);
#5019=VERTEX_POINT('',#16972);
#5020=VERTEX_POINT('',#16974);
#5021=VERTEX_POINT('',#16978);
#5022=VERTEX_POINT('',#16979);
#5023=VERTEX_POINT('',#16981);
#5024=VERTEX_POINT('',#16983);
#5025=VERTEX_POINT('',#16987);
#5026=VERTEX_POINT('',#16989);
#5027=VERTEX_POINT('',#16996);
#5028=VERTEX_POINT('',#16998);
#5029=VERTEX_POINT('',#17005);
#5030=VERTEX_POINT('',#17007);
#5031=VERTEX_POINT('',#17014);
#5032=VERTEX_POINT('',#17016);
#5033=VERTEX_POINT('',#17023);
#5034=VERTEX_POINT('',#17025);
#5035=VERTEX_POINT('',#17035);
#5036=VERTEX_POINT('',#17037);
#5037=VERTEX_POINT('',#17041);
#5038=VERTEX_POINT('',#17043);
#5039=VERTEX_POINT('',#17053);
#5040=VERTEX_POINT('',#17055);
#5041=VERTEX_POINT('',#17059);
#5042=VERTEX_POINT('',#17061);
#5043=VERTEX_POINT('',#17068);
#5044=VERTEX_POINT('',#17070);
#5045=VERTEX_POINT('',#17077);
#5046=VERTEX_POINT('',#17079);
#5047=VERTEX_POINT('',#17086);
#5048=VERTEX_POINT('',#17088);
#5049=VERTEX_POINT('',#17095);
#5050=VERTEX_POINT('',#17097);
#5051=VERTEX_POINT('',#17104);
#5052=VERTEX_POINT('',#17106);
#5053=VERTEX_POINT('',#17113);
#5054=VERTEX_POINT('',#17115);
#5055=VERTEX_POINT('',#17122);
#5056=VERTEX_POINT('',#17124);
#5057=VERTEX_POINT('',#17131);
#5058=VERTEX_POINT('',#17133);
#5059=VERTEX_POINT('',#17143);
#5060=VERTEX_POINT('',#17145);
#5061=VERTEX_POINT('',#17149);
#5062=VERTEX_POINT('',#17151);
#5063=VERTEX_POINT('',#17161);
#5064=VERTEX_POINT('',#17163);
#5065=VERTEX_POINT('',#17167);
#5066=VERTEX_POINT('',#17169);
#5067=VERTEX_POINT('',#17176);
#5068=VERTEX_POINT('',#17178);
#5069=VERTEX_POINT('',#17185);
#5070=VERTEX_POINT('',#17187);
#5071=VERTEX_POINT('',#17194);
#5072=VERTEX_POINT('',#17196);
#5073=VERTEX_POINT('',#17203);
#5074=VERTEX_POINT('',#17205);
#5075=VERTEX_POINT('',#17212);
#5076=VERTEX_POINT('',#17214);
#5077=VERTEX_POINT('',#17221);
#5078=VERTEX_POINT('',#17223);
#5079=VERTEX_POINT('',#17230);
#5080=VERTEX_POINT('',#17232);
#5081=VERTEX_POINT('',#17239);
#5082=VERTEX_POINT('',#17241);
#5083=VERTEX_POINT('',#17251);
#5084=VERTEX_POINT('',#17253);
#5085=VERTEX_POINT('',#17257);
#5086=VERTEX_POINT('',#17259);
#5087=VERTEX_POINT('',#17269);
#5088=VERTEX_POINT('',#17271);
#5089=VERTEX_POINT('',#17275);
#5090=VERTEX_POINT('',#17277);
#5091=VERTEX_POINT('',#17284);
#5092=VERTEX_POINT('',#17286);
#5093=VERTEX_POINT('',#17293);
#5094=VERTEX_POINT('',#17295);
#5095=VERTEX_POINT('',#17302);
#5096=VERTEX_POINT('',#17304);
#5097=VERTEX_POINT('',#17311);
#5098=VERTEX_POINT('',#17313);
#5099=VERTEX_POINT('',#17320);
#5100=VERTEX_POINT('',#17322);
#5101=VERTEX_POINT('',#17329);
#5102=VERTEX_POINT('',#17331);
#5103=VERTEX_POINT('',#17338);
#5104=VERTEX_POINT('',#17340);
#5105=VERTEX_POINT('',#17347);
#5106=VERTEX_POINT('',#17349);
#5107=VERTEX_POINT('',#17359);
#5108=VERTEX_POINT('',#17361);
#5109=VERTEX_POINT('',#17365);
#5110=VERTEX_POINT('',#17367);
#5111=VERTEX_POINT('',#17377);
#5112=VERTEX_POINT('',#17379);
#5113=VERTEX_POINT('',#17383);
#5114=VERTEX_POINT('',#17385);
#5115=VERTEX_POINT('',#17392);
#5116=VERTEX_POINT('',#17394);
#5117=VERTEX_POINT('',#17401);
#5118=VERTEX_POINT('',#17403);
#5119=VERTEX_POINT('',#17410);
#5120=VERTEX_POINT('',#17412);
#5121=VERTEX_POINT('',#17419);
#5122=VERTEX_POINT('',#17421);
#5123=VERTEX_POINT('',#17428);
#5124=VERTEX_POINT('',#17430);
#5125=VERTEX_POINT('',#17437);
#5126=VERTEX_POINT('',#17439);
#5127=VERTEX_POINT('',#17446);
#5128=VERTEX_POINT('',#17448);
#5129=VERTEX_POINT('',#17455);
#5130=VERTEX_POINT('',#17457);
#5131=VERTEX_POINT('',#17467);
#5132=VERTEX_POINT('',#17469);
#5133=VERTEX_POINT('',#17473);
#5134=VERTEX_POINT('',#17475);
#5135=VERTEX_POINT('',#17485);
#5136=VERTEX_POINT('',#17487);
#5137=VERTEX_POINT('',#17491);
#5138=VERTEX_POINT('',#17493);
#5139=VERTEX_POINT('',#17500);
#5140=VERTEX_POINT('',#17502);
#5141=VERTEX_POINT('',#17509);
#5142=VERTEX_POINT('',#17511);
#5143=VERTEX_POINT('',#17518);
#5144=VERTEX_POINT('',#17520);
#5145=VERTEX_POINT('',#17527);
#5146=VERTEX_POINT('',#17529);
#5147=VERTEX_POINT('',#17536);
#5148=VERTEX_POINT('',#17538);
#5149=VERTEX_POINT('',#17545);
#5150=VERTEX_POINT('',#17547);
#5151=VERTEX_POINT('',#17554);
#5152=VERTEX_POINT('',#17556);
#5153=VERTEX_POINT('',#17563);
#5154=VERTEX_POINT('',#17565);
#5155=VERTEX_POINT('',#17575);
#5156=VERTEX_POINT('',#17577);
#5157=VERTEX_POINT('',#17581);
#5158=VERTEX_POINT('',#17583);
#5159=VERTEX_POINT('',#17593);
#5160=VERTEX_POINT('',#17595);
#5161=VERTEX_POINT('',#17599);
#5162=VERTEX_POINT('',#17601);
#5163=VERTEX_POINT('',#17605);
#5164=VERTEX_POINT('',#17606);
#5165=VERTEX_POINT('',#17611);
#5166=VERTEX_POINT('',#17612);
#5167=VERTEX_POINT('',#17617);
#5168=VERTEX_POINT('',#17618);
#5169=VERTEX_POINT('',#17623);
#5170=VERTEX_POINT('',#17625);
#5171=VERTEX_POINT('',#17632);
#5172=VERTEX_POINT('',#17634);
#5173=VERTEX_POINT('',#17638);
#5174=VERTEX_POINT('',#17640);
#5175=VERTEX_POINT('',#17644);
#5176=VERTEX_POINT('',#17645);
#5177=VERTEX_POINT('',#17650);
#5178=VERTEX_POINT('',#17652);
#5179=VERTEX_POINT('',#17659);
#5180=VERTEX_POINT('',#17660);
#5181=VERTEX_POINT('',#17665);
#5182=VERTEX_POINT('',#17666);
#5183=VERTEX_POINT('',#17671);
#5184=VERTEX_POINT('',#17672);
#5185=VERTEX_POINT('',#17680);
#5186=VERTEX_POINT('',#17682);
#5187=VERTEX_POINT('',#17686);
#5188=VERTEX_POINT('',#17690);
#5189=VERTEX_POINT('',#17692);
#5190=VERTEX_POINT('',#17694);
#5191=VERTEX_POINT('',#17696);
#5192=VERTEX_POINT('',#17698);
#5193=VERTEX_POINT('',#17702);
#5194=VERTEX_POINT('',#17706);
#5195=VERTEX_POINT('',#17710);
#5196=VERTEX_POINT('',#17712);
#5197=VERTEX_POINT('',#17714);
#5198=VERTEX_POINT('',#17718);
#5199=VERTEX_POINT('',#17722);
#5200=VERTEX_POINT('',#17724);
#5201=VERTEX_POINT('',#17728);
#5202=VERTEX_POINT('',#17730);
#5203=VERTEX_POINT('',#17734);
#5204=VERTEX_POINT('',#17738);
#5205=VERTEX_POINT('',#17743);
#5206=VERTEX_POINT('',#17747);
#5207=VERTEX_POINT('',#17749);
#5208=VERTEX_POINT('',#17753);
#5209=VERTEX_POINT('',#17757);
#5210=VERTEX_POINT('',#17759);
#5211=VERTEX_POINT('',#17763);
#5212=VERTEX_POINT('',#17765);
#5213=VERTEX_POINT('',#17769);
#5214=VERTEX_POINT('',#17773);
#5215=VERTEX_POINT('',#17778);
#5216=VERTEX_POINT('',#17782);
#5217=VERTEX_POINT('',#17784);
#5218=VERTEX_POINT('',#17788);
#5219=VERTEX_POINT('',#17792);
#5220=VERTEX_POINT('',#17794);
#5221=VERTEX_POINT('',#17798);
#5222=VERTEX_POINT('',#17800);
#5223=VERTEX_POINT('',#17804);
#5224=VERTEX_POINT('',#17808);
#5225=VERTEX_POINT('',#17813);
#5226=VERTEX_POINT('',#17817);
#5227=VERTEX_POINT('',#17819);
#5228=VERTEX_POINT('',#17823);
#5229=VERTEX_POINT('',#17827);
#5230=VERTEX_POINT('',#17829);
#5231=VERTEX_POINT('',#17833);
#5232=VERTEX_POINT('',#17835);
#5233=VERTEX_POINT('',#17839);
#5234=VERTEX_POINT('',#17843);
#5235=VERTEX_POINT('',#17848);
#5236=VERTEX_POINT('',#17852);
#5237=VERTEX_POINT('',#17854);
#5238=VERTEX_POINT('',#17858);
#5239=VERTEX_POINT('',#17862);
#5240=VERTEX_POINT('',#17864);
#5241=VERTEX_POINT('',#17868);
#5242=VERTEX_POINT('',#17870);
#5243=VERTEX_POINT('',#17874);
#5244=VERTEX_POINT('',#17878);
#5245=VERTEX_POINT('',#17883);
#5246=VERTEX_POINT('',#17887);
#5247=VERTEX_POINT('',#17889);
#5248=VERTEX_POINT('',#17893);
#5249=VERTEX_POINT('',#17897);
#5250=VERTEX_POINT('',#17899);
#5251=VERTEX_POINT('',#17903);
#5252=VERTEX_POINT('',#17905);
#5253=VERTEX_POINT('',#17909);
#5254=VERTEX_POINT('',#17913);
#5255=VERTEX_POINT('',#17918);
#5256=VERTEX_POINT('',#17922);
#5257=VERTEX_POINT('',#17924);
#5258=VERTEX_POINT('',#17928);
#5259=VERTEX_POINT('',#17932);
#5260=VERTEX_POINT('',#17934);
#5261=VERTEX_POINT('',#17938);
#5262=VERTEX_POINT('',#17940);
#5263=VERTEX_POINT('',#17944);
#5264=VERTEX_POINT('',#17948);
#5265=VERTEX_POINT('',#17953);
#5266=VERTEX_POINT('',#17957);
#5267=VERTEX_POINT('',#17959);
#5268=VERTEX_POINT('',#17963);
#5269=VERTEX_POINT('',#17967);
#5270=VERTEX_POINT('',#17969);
#5271=VERTEX_POINT('',#17973);
#5272=VERTEX_POINT('',#17975);
#5273=VERTEX_POINT('',#17979);
#5274=VERTEX_POINT('',#17983);
#5275=VERTEX_POINT('',#17988);
#5276=VERTEX_POINT('',#17992);
#5277=VERTEX_POINT('',#17994);
#5278=VERTEX_POINT('',#17998);
#5279=VERTEX_POINT('',#18002);
#5280=VERTEX_POINT('',#18004);
#5281=VERTEX_POINT('',#18008);
#5282=VERTEX_POINT('',#18010);
#5283=VERTEX_POINT('',#18014);
#5284=VERTEX_POINT('',#18018);
#5285=VERTEX_POINT('',#18023);
#5286=VERTEX_POINT('',#18027);
#5287=VERTEX_POINT('',#18029);
#5288=VERTEX_POINT('',#18033);
#5289=VERTEX_POINT('',#18037);
#5290=VERTEX_POINT('',#18039);
#5291=VERTEX_POINT('',#18043);
#5292=VERTEX_POINT('',#18045);
#5293=VERTEX_POINT('',#18049);
#5294=VERTEX_POINT('',#18053);
#5295=VERTEX_POINT('',#18058);
#5296=VERTEX_POINT('',#18062);
#5297=VERTEX_POINT('',#18064);
#5298=VERTEX_POINT('',#18068);
#5299=VERTEX_POINT('',#18072);
#5300=VERTEX_POINT('',#18074);
#5301=VERTEX_POINT('',#18078);
#5302=VERTEX_POINT('',#18080);
#5303=VERTEX_POINT('',#18084);
#5304=VERTEX_POINT('',#18088);
#5305=VERTEX_POINT('',#18093);
#5306=VERTEX_POINT('',#18097);
#5307=VERTEX_POINT('',#18099);
#5308=VERTEX_POINT('',#18103);
#5309=VERTEX_POINT('',#18107);
#5310=VERTEX_POINT('',#18109);
#5311=VERTEX_POINT('',#18113);
#5312=VERTEX_POINT('',#18115);
#5313=VERTEX_POINT('',#18119);
#5314=VERTEX_POINT('',#18123);
#5315=VERTEX_POINT('',#18128);
#5316=VERTEX_POINT('',#18132);
#5317=VERTEX_POINT('',#18134);
#5318=VERTEX_POINT('',#18138);
#5319=VERTEX_POINT('',#18142);
#5320=VERTEX_POINT('',#18144);
#5321=VERTEX_POINT('',#18148);
#5322=VERTEX_POINT('',#18150);
#5323=VERTEX_POINT('',#18154);
#5324=VERTEX_POINT('',#18158);
#5325=VERTEX_POINT('',#18163);
#5326=VERTEX_POINT('',#18167);
#5327=VERTEX_POINT('',#18169);
#5328=VERTEX_POINT('',#18173);
#5329=VERTEX_POINT('',#18177);
#5330=VERTEX_POINT('',#18179);
#5331=VERTEX_POINT('',#18183);
#5332=VERTEX_POINT('',#18185);
#5333=VERTEX_POINT('',#18189);
#5334=VERTEX_POINT('',#18193);
#5335=VERTEX_POINT('',#18198);
#5336=VERTEX_POINT('',#18202);
#5337=VERTEX_POINT('',#18204);
#5338=VERTEX_POINT('',#18208);
#5339=VERTEX_POINT('',#18212);
#5340=VERTEX_POINT('',#18214);
#5341=VERTEX_POINT('',#18218);
#5342=VERTEX_POINT('',#18220);
#5343=VERTEX_POINT('',#18224);
#5344=VERTEX_POINT('',#18228);
#5345=VERTEX_POINT('',#18233);
#5346=VERTEX_POINT('',#18237);
#5347=VERTEX_POINT('',#18239);
#5348=VERTEX_POINT('',#18243);
#5349=VERTEX_POINT('',#18247);
#5350=VERTEX_POINT('',#18249);
#5351=VERTEX_POINT('',#18253);
#5352=VERTEX_POINT('',#18255);
#5353=VERTEX_POINT('',#18259);
#5354=VERTEX_POINT('',#18263);
#5355=VERTEX_POINT('',#18268);
#5356=VERTEX_POINT('',#18272);
#5357=VERTEX_POINT('',#18274);
#5358=VERTEX_POINT('',#18278);
#5359=VERTEX_POINT('',#18282);
#5360=VERTEX_POINT('',#18284);
#5361=VERTEX_POINT('',#18288);
#5362=VERTEX_POINT('',#18290);
#5363=VERTEX_POINT('',#18294);
#5364=VERTEX_POINT('',#18298);
#5365=VERTEX_POINT('',#18303);
#5366=VERTEX_POINT('',#18307);
#5367=VERTEX_POINT('',#18309);
#5368=VERTEX_POINT('',#18313);
#5369=VERTEX_POINT('',#18315);
#5370=VERTEX_POINT('',#18317);
#5371=VERTEX_POINT('',#18319);
#5372=VERTEX_POINT('',#18321);
#5373=VERTEX_POINT('',#18323);
#5374=VERTEX_POINT('',#18325);
#5375=VERTEX_POINT('',#18327);
#5376=VERTEX_POINT('',#18329);
#5377=VERTEX_POINT('',#18333);
#5378=VERTEX_POINT('',#18335);
#5379=VERTEX_POINT('',#18339);
#5380=VERTEX_POINT('',#18342);
#5381=VERTEX_POINT('',#18346);
#5382=VERTEX_POINT('',#18350);
#5383=VERTEX_POINT('',#18352);
#5384=VERTEX_POINT('',#18357);
#5385=VERTEX_POINT('',#18366);
#5386=VERTEX_POINT('',#18368);
#5387=VERTEX_POINT('',#18370);
#5388=VERTEX_POINT('',#18397);
#5389=VERTEX_POINT('',#18399);
#5390=VERTEX_POINT('',#18401);
#5391=VERTEX_POINT('',#18403);
#5392=VERTEX_POINT('',#18405);
#5393=VERTEX_POINT('',#18407);
#5394=VERTEX_POINT('',#18409);
#5395=VERTEX_POINT('',#18411);
#5396=VERTEX_POINT('',#18414);
#5397=VERTEX_POINT('',#18416);
#5398=VERTEX_POINT('',#18418);
#5399=VERTEX_POINT('',#18420);
#5400=VERTEX_POINT('',#18422);
#5401=VERTEX_POINT('',#18424);
#5402=VERTEX_POINT('',#18426);
#5403=VERTEX_POINT('',#18428);
#5404=VERTEX_POINT('',#18430);
#5405=VERTEX_POINT('',#18432);
#5406=VERTEX_POINT('',#18434);
#5407=VERTEX_POINT('',#18436);
#5408=VERTEX_POINT('',#18438);
#5409=VERTEX_POINT('',#18440);
#5410=VERTEX_POINT('',#18442);
#5411=VERTEX_POINT('',#18444);
#5412=VERTEX_POINT('',#18446);
#5413=VERTEX_POINT('',#18448);
#5414=VERTEX_POINT('',#18450);
#5415=VERTEX_POINT('',#18452);
#5416=VERTEX_POINT('',#18454);
#5417=VERTEX_POINT('',#18456);
#5418=VERTEX_POINT('',#18458);
#5419=VERTEX_POINT('',#18460);
#5420=VERTEX_POINT('',#18462);
#5421=VERTEX_POINT('',#18464);
#5422=VERTEX_POINT('',#18466);
#5423=VERTEX_POINT('',#18468);
#5424=VERTEX_POINT('',#18470);
#5425=VERTEX_POINT('',#18472);
#5426=VERTEX_POINT('',#18474);
#5427=VERTEX_POINT('',#18476);
#5428=VERTEX_POINT('',#18478);
#5429=VERTEX_POINT('',#18480);
#5430=VERTEX_POINT('',#18482);
#5431=VERTEX_POINT('',#18484);
#5432=VERTEX_POINT('',#18486);
#5433=VERTEX_POINT('',#18488);
#5434=VERTEX_POINT('',#18490);
#5435=VERTEX_POINT('',#18492);
#5436=VERTEX_POINT('',#18494);
#5437=VERTEX_POINT('',#18496);
#5438=VERTEX_POINT('',#18498);
#5439=VERTEX_POINT('',#18500);
#5440=VERTEX_POINT('',#18502);
#5441=VERTEX_POINT('',#18504);
#5442=VERTEX_POINT('',#18506);
#5443=VERTEX_POINT('',#18508);
#5444=VERTEX_POINT('',#18510);
#5445=VERTEX_POINT('',#18512);
#5446=VERTEX_POINT('',#18514);
#5447=VERTEX_POINT('',#18516);
#5448=VERTEX_POINT('',#18518);
#5449=VERTEX_POINT('',#18520);
#5450=VERTEX_POINT('',#18522);
#5451=VERTEX_POINT('',#18524);
#5452=VERTEX_POINT('',#18526);
#5453=VERTEX_POINT('',#18528);
#5454=VERTEX_POINT('',#18530);
#5455=VERTEX_POINT('',#18532);
#5456=VERTEX_POINT('',#18534);
#5457=VERTEX_POINT('',#18536);
#5458=VERTEX_POINT('',#18538);
#5459=VERTEX_POINT('',#18540);
#5460=VERTEX_POINT('',#18542);
#5461=VERTEX_POINT('',#18544);
#5462=VERTEX_POINT('',#18583);
#5463=VERTEX_POINT('',#18587);
#5464=VERTEX_POINT('',#18604);
#5465=VERTEX_POINT('',#18606);
#5466=VERTEX_POINT('',#18610);
#5467=VERTEX_POINT('',#18612);
#5468=VERTEX_POINT('',#18621);
#5469=VERTEX_POINT('',#18625);
#5470=VERTEX_POINT('',#18634);
#5471=VERTEX_POINT('',#18636);
#5472=VERTEX_POINT('',#18640);
#5473=VERTEX_POINT('',#18642);
#5474=VERTEX_POINT('',#18651);
#5475=VERTEX_POINT('',#18653);
#5476=VERTEX_POINT('',#18664);
#5477=VERTEX_POINT('',#18666);
#5478=VERTEX_POINT('',#18670);
#5479=VERTEX_POINT('',#18672);
#5480=VERTEX_POINT('',#18681);
#5481=VERTEX_POINT('',#18685);
#5482=VERTEX_POINT('',#18694);
#5483=VERTEX_POINT('',#18696);
#5484=VERTEX_POINT('',#18700);
#5485=VERTEX_POINT('',#18702);
#5486=VERTEX_POINT('',#18711);
#5487=VERTEX_POINT('',#18715);
#5488=VERTEX_POINT('',#18724);
#5489=VERTEX_POINT('',#18726);
#5490=VERTEX_POINT('',#18730);
#5491=VERTEX_POINT('',#18732);
#5492=VERTEX_POINT('',#18741);
#5493=VERTEX_POINT('',#18743);
#5494=VERTEX_POINT('',#18754);
#5495=VERTEX_POINT('',#18756);
#5496=VERTEX_POINT('',#18760);
#5497=VERTEX_POINT('',#18762);
#5498=VERTEX_POINT('',#18771);
#5499=VERTEX_POINT('',#18775);
#5500=VERTEX_POINT('',#18784);
#5501=VERTEX_POINT('',#18786);
#5502=VERTEX_POINT('',#18790);
#5503=VERTEX_POINT('',#18792);
#5504=VERTEX_POINT('',#18801);
#5505=VERTEX_POINT('',#18805);
#5506=VERTEX_POINT('',#18814);
#5507=VERTEX_POINT('',#18816);
#5508=VERTEX_POINT('',#18820);
#5509=VERTEX_POINT('',#18822);
#5510=VERTEX_POINT('',#18831);
#5511=VERTEX_POINT('',#18833);
#5512=VERTEX_POINT('',#18844);
#5513=VERTEX_POINT('',#18846);
#5514=VERTEX_POINT('',#18850);
#5515=VERTEX_POINT('',#18852);
#5516=VERTEX_POINT('',#18861);
#5517=VERTEX_POINT('',#18865);
#5518=VERTEX_POINT('',#18874);
#5519=VERTEX_POINT('',#18876);
#5520=VERTEX_POINT('',#18880);
#5521=VERTEX_POINT('',#18882);
#5522=VERTEX_POINT('',#18891);
#5523=VERTEX_POINT('',#18895);
#5524=VERTEX_POINT('',#18904);
#5525=VERTEX_POINT('',#18906);
#5526=VERTEX_POINT('',#18910);
#5527=VERTEX_POINT('',#18912);
#5528=VERTEX_POINT('',#18921);
#5529=VERTEX_POINT('',#18923);
#5530=VERTEX_POINT('',#18934);
#5531=VERTEX_POINT('',#18936);
#5532=VERTEX_POINT('',#18940);
#5533=VERTEX_POINT('',#18942);
#5534=VERTEX_POINT('',#18951);
#5535=VERTEX_POINT('',#18955);
#5536=VERTEX_POINT('',#18964);
#5537=VERTEX_POINT('',#18966);
#5538=VERTEX_POINT('',#18970);
#5539=VERTEX_POINT('',#18972);
#5540=VERTEX_POINT('',#18981);
#5541=VERTEX_POINT('',#18985);
#5542=VERTEX_POINT('',#18994);
#5543=VERTEX_POINT('',#18996);
#5544=VERTEX_POINT('',#19000);
#5545=VERTEX_POINT('',#19002);
#5546=VERTEX_POINT('',#19011);
#5547=VERTEX_POINT('',#19013);
#5548=VERTEX_POINT('',#19024);
#5549=VERTEX_POINT('',#19026);
#5550=VERTEX_POINT('',#19030);
#5551=VERTEX_POINT('',#19032);
#5552=VERTEX_POINT('',#19041);
#5553=VERTEX_POINT('',#19045);
#5554=VERTEX_POINT('',#19054);
#5555=VERTEX_POINT('',#19056);
#5556=VERTEX_POINT('',#19060);
#5557=VERTEX_POINT('',#19062);
#5558=VERTEX_POINT('',#19071);
#5559=VERTEX_POINT('',#19075);
#5560=VERTEX_POINT('',#19083);
#5561=VERTEX_POINT('',#19086);
#5562=VERTEX_POINT('',#19088);
#5563=VERTEX_POINT('',#19092);
#5564=VERTEX_POINT('',#19094);
#5565=VERTEX_POINT('',#19103);
#5566=VERTEX_POINT('',#19104);
#5567=VERTEX_POINT('',#19113);
#5568=VERTEX_POINT('',#19115);
#5569=VERTEX_POINT('',#19117);
#5570=VERTEX_POINT('',#19119);
#5571=VERTEX_POINT('',#19123);
#5572=VERTEX_POINT('',#19129);
#5573=VERTEX_POINT('',#19134);
#5574=VERTEX_POINT('',#19136);
#5575=VERTEX_POINT('',#19138);
#5576=VERTEX_POINT('',#19140);
#5577=VERTEX_POINT('',#19142);
#5578=VERTEX_POINT('',#19144);
#5579=VERTEX_POINT('',#19147);
#5580=VERTEX_POINT('',#19149);
#5581=VERTEX_POINT('',#19151);
#5582=VERTEX_POINT('',#19153);
#5583=VERTEX_POINT('',#19155);
#5584=VERTEX_POINT('',#19159);
#5585=VERTEX_POINT('',#19161);
#5586=VERTEX_POINT('',#19167);
#5587=VERTEX_POINT('',#19171);
#5588=VERTEX_POINT('',#19175);
#5589=VERTEX_POINT('',#19179);
#5590=VERTEX_POINT('',#19183);
#5591=VERTEX_POINT('',#19199);
#5592=VERTEX_POINT('',#19203);
#5593=VERTEX_POINT('',#19207);
#5594=VERTEX_POINT('',#19211);
#5595=VERTEX_POINT('',#19215);
#5596=VERTEX_POINT('',#19221);
#5597=VERTEX_POINT('',#19225);
#5598=VERTEX_POINT('',#19229);
#5599=VERTEX_POINT('',#19230);
#5600=VERTEX_POINT('',#19235);
#5601=VERTEX_POINT('',#19236);
#5602=VERTEX_POINT('',#19241);
#5603=VERTEX_POINT('',#19242);
#5604=VERTEX_POINT('',#19247);
#5605=VERTEX_POINT('',#19248);
#5606=VERTEX_POINT('',#19257);
#5607=VERTEX_POINT('',#19261);
#5608=VERTEX_POINT('',#19265);
#5609=VERTEX_POINT('',#19269);
#5610=VERTEX_POINT('',#19275);
#5611=VERTEX_POINT('',#19279);
#5612=VERTEX_POINT('',#19283);
#5613=VERTEX_POINT('',#19287);
#5614=VERTEX_POINT('',#19293);
#5615=VERTEX_POINT('',#19297);
#5616=VERTEX_POINT('',#19301);
#5617=VERTEX_POINT('',#19305);
#5618=VERTEX_POINT('',#19309);
#5619=EDGE_CURVE('',#4605,#4606,#1553,.T.);
#5620=EDGE_CURVE('',#4606,#4607,#1554,.T.);
#5621=EDGE_CURVE('',#4607,#4608,#1555,.T.);
#5622=EDGE_CURVE('',#4608,#4605,#1556,.T.);
#5623=EDGE_CURVE('',#4609,#4610,#1557,.T.);
#5624=EDGE_CURVE('',#4610,#4611,#1558,.T.);
#5625=EDGE_CURVE('',#4611,#4612,#1559,.T.);
#5626=EDGE_CURVE('',#4609,#4612,#1560,.T.);
#5627=EDGE_CURVE('',#4613,#4614,#1561,.T.);
#5628=EDGE_CURVE('',#4614,#4615,#1562,.T.);
#5629=EDGE_CURVE('',#4615,#4616,#1563,.T.);
#5630=EDGE_CURVE('',#4616,#4613,#1564,.T.);
#5631=EDGE_CURVE('',#4616,#4617,#1565,.T.);
#5632=EDGE_CURVE('',#4617,#4618,#1566,.T.);
#5633=EDGE_CURVE('',#4618,#4613,#1567,.T.);
#5634=EDGE_CURVE('',#4619,#4620,#1568,.T.);
#5635=EDGE_CURVE('',#4620,#4621,#1569,.T.);
#5636=EDGE_CURVE('',#4621,#4622,#1570,.T.);
#5637=EDGE_CURVE('',#4622,#4619,#1571,.T.);
#5638=EDGE_CURVE('',#4623,#4624,#1572,.T.);
#5639=EDGE_CURVE('',#4624,#4625,#1573,.T.);
#5640=EDGE_CURVE('',#4625,#4626,#1574,.T.);
#5641=EDGE_CURVE('',#4626,#4623,#1575,.T.);
#5642=EDGE_CURVE('',#4624,#4627,#1576,.T.);
#5643=EDGE_CURVE('',#4627,#4628,#1577,.T.);
#5644=EDGE_CURVE('',#4628,#4625,#1578,.T.);
#5645=EDGE_CURVE('',#4627,#4629,#1579,.T.);
#5646=EDGE_CURVE('',#4629,#4630,#1580,.T.);
#5647=EDGE_CURVE('',#4630,#4628,#1581,.T.);
#5648=EDGE_CURVE('',#4631,#4632,#1582,.T.);
#5649=EDGE_CURVE('',#4632,#4633,#1583,.T.);
#5650=EDGE_CURVE('',#4633,#4634,#1584,.T.);
#5651=EDGE_CURVE('',#4634,#4631,#1585,.T.);
#5652=EDGE_CURVE('',#4635,#4636,#1586,.T.);
#5653=EDGE_CURVE('',#4636,#4637,#1587,.T.);
#5654=EDGE_CURVE('',#4637,#4638,#1588,.T.);
#5655=EDGE_CURVE('',#4638,#4635,#1589,.T.);
#5656=EDGE_CURVE('',#4636,#4639,#1590,.T.);
#5657=EDGE_CURVE('',#4639,#4640,#1591,.T.);
#5658=EDGE_CURVE('',#4640,#4637,#1592,.T.);
#5659=EDGE_CURVE('',#4639,#4641,#1593,.T.);
#5660=EDGE_CURVE('',#4641,#4642,#1594,.T.);
#5661=EDGE_CURVE('',#4642,#4640,#1595,.T.);
#5662=EDGE_CURVE('',#4643,#4644,#1596,.T.);
#5663=EDGE_CURVE('',#4644,#4645,#1597,.T.);
#5664=EDGE_CURVE('',#4645,#4646,#1598,.T.);
#5665=EDGE_CURVE('',#4646,#4643,#1599,.T.);
#5666=EDGE_CURVE('',#4644,#4647,#1600,.T.);
#5667=EDGE_CURVE('',#4647,#4648,#1601,.T.);
#5668=EDGE_CURVE('',#4648,#4645,#1602,.T.);
#5669=EDGE_CURVE('',#4649,#4650,#1603,.T.);
#5670=EDGE_CURVE('',#4650,#4651,#1604,.T.);
#5671=EDGE_CURVE('',#4651,#4652,#1605,.T.);
#5672=EDGE_CURVE('',#4652,#4649,#1606,.T.);
#5673=EDGE_CURVE('',#4650,#4653,#1607,.T.);
#5674=EDGE_CURVE('',#4653,#4654,#1608,.T.);
#5675=EDGE_CURVE('',#4654,#4651,#1609,.T.);
#5676=EDGE_CURVE('',#4655,#4656,#1610,.T.);
#5677=EDGE_CURVE('',#4656,#4657,#1611,.T.);
#5678=EDGE_CURVE('',#4657,#4658,#1612,.T.);
#5679=EDGE_CURVE('',#4658,#4655,#1613,.T.);
#5680=EDGE_CURVE('',#4656,#4659,#1614,.T.);
#5681=EDGE_CURVE('',#4659,#4660,#1615,.T.);
#5682=EDGE_CURVE('',#4660,#4657,#1616,.T.);
#5683=EDGE_CURVE('',#4661,#4662,#1617,.T.);
#5684=EDGE_CURVE('',#4662,#4663,#1618,.T.);
#5685=EDGE_CURVE('',#4663,#4664,#1619,.T.);
#5686=EDGE_CURVE('',#4664,#4661,#1620,.T.);
#5687=EDGE_CURVE('',#4662,#4665,#1621,.T.);
#5688=EDGE_CURVE('',#4665,#4666,#1622,.T.);
#5689=EDGE_CURVE('',#4666,#4663,#1623,.T.);
#5690=EDGE_CURVE('',#4667,#4668,#1624,.T.);
#5691=EDGE_CURVE('',#4668,#4669,#1625,.T.);
#5692=EDGE_CURVE('',#4669,#4670,#1626,.T.);
#5693=EDGE_CURVE('',#4670,#4667,#1627,.T.);
#5694=EDGE_CURVE('',#4668,#4671,#1628,.T.);
#5695=EDGE_CURVE('',#4671,#4672,#1629,.T.);
#5696=EDGE_CURVE('',#4672,#4669,#1630,.T.);
#5697=EDGE_CURVE('',#4673,#4674,#1631,.T.);
#5698=EDGE_CURVE('',#4674,#4675,#1632,.T.);
#5699=EDGE_CURVE('',#4675,#4676,#1633,.T.);
#5700=EDGE_CURVE('',#4676,#4673,#1634,.T.);
#5701=EDGE_CURVE('',#4674,#4677,#1635,.T.);
#5702=EDGE_CURVE('',#4677,#4678,#1636,.T.);
#5703=EDGE_CURVE('',#4678,#4675,#1637,.T.);
#5704=EDGE_CURVE('',#4679,#4680,#1638,.T.);
#5705=EDGE_CURVE('',#4680,#4681,#1639,.T.);
#5706=EDGE_CURVE('',#4681,#4682,#1640,.T.);
#5707=EDGE_CURVE('',#4682,#4679,#1641,.T.);
#5708=EDGE_CURVE('',#4680,#4683,#1642,.T.);
#5709=EDGE_CURVE('',#4683,#4684,#1643,.T.);
#5710=EDGE_CURVE('',#4684,#4681,#1644,.T.);
#5711=EDGE_CURVE('',#4685,#4686,#1645,.T.);
#5712=EDGE_CURVE('',#4686,#4687,#1646,.T.);
#5713=EDGE_CURVE('',#4687,#4688,#1647,.T.);
#5714=EDGE_CURVE('',#4688,#4685,#1648,.T.);
#5715=EDGE_CURVE('',#4686,#4689,#1649,.T.);
#5716=EDGE_CURVE('',#4689,#4690,#1650,.T.);
#5717=EDGE_CURVE('',#4690,#4687,#1651,.T.);
#5718=EDGE_CURVE('',#4691,#4692,#1652,.T.);
#5719=EDGE_CURVE('',#4692,#4693,#1653,.T.);
#5720=EDGE_CURVE('',#4693,#4694,#1654,.T.);
#5721=EDGE_CURVE('',#4694,#4691,#1655,.T.);
#5722=EDGE_CURVE('',#4695,#4696,#1656,.T.);
#5723=EDGE_CURVE('',#4696,#4697,#1657,.T.);
#5724=EDGE_CURVE('',#4697,#4698,#1658,.T.);
#5725=EDGE_CURVE('',#4698,#4695,#1659,.T.);
#5726=EDGE_CURVE('',#4696,#4699,#1660,.T.);
#5727=EDGE_CURVE('',#4699,#4700,#1661,.T.);
#5728=EDGE_CURVE('',#4700,#4697,#1662,.T.);
#5729=EDGE_CURVE('',#4699,#4701,#1663,.T.);
#5730=EDGE_CURVE('',#4701,#4702,#1664,.T.);
#5731=EDGE_CURVE('',#4702,#4700,#1665,.T.);
#5732=EDGE_CURVE('',#4703,#4704,#1666,.T.);
#5733=EDGE_CURVE('',#4704,#4705,#1667,.T.);
#5734=EDGE_CURVE('',#4705,#4706,#1668,.T.);
#5735=EDGE_CURVE('',#4706,#4703,#1669,.T.);
#5736=EDGE_CURVE('',#4707,#4708,#1670,.T.);
#5737=EDGE_CURVE('',#4708,#4709,#1671,.T.);
#5738=EDGE_CURVE('',#4709,#4710,#1672,.T.);
#5739=EDGE_CURVE('',#4710,#4707,#1673,.T.);
#5740=EDGE_CURVE('',#4708,#4711,#1674,.T.);
#5741=EDGE_CURVE('',#4711,#4712,#1675,.T.);
#5742=EDGE_CURVE('',#4712,#4709,#1676,.T.);
#5743=EDGE_CURVE('',#4711,#4713,#1677,.T.);
#5744=EDGE_CURVE('',#4713,#4714,#1678,.T.);
#5745=EDGE_CURVE('',#4714,#4712,#1679,.T.);
#5746=EDGE_CURVE('',#4715,#4716,#1680,.T.);
#5747=EDGE_CURVE('',#4716,#4717,#1681,.T.);
#5748=EDGE_CURVE('',#4717,#4718,#1682,.T.);
#5749=EDGE_CURVE('',#4718,#4715,#1683,.T.);
#5750=EDGE_CURVE('',#4716,#4719,#1684,.T.);
#5751=EDGE_CURVE('',#4719,#4720,#1685,.T.);
#5752=EDGE_CURVE('',#4720,#4717,#1686,.T.);
#5753=EDGE_CURVE('',#4721,#4722,#1687,.T.);
#5754=EDGE_CURVE('',#4722,#4723,#1688,.T.);
#5755=EDGE_CURVE('',#4723,#4724,#1689,.T.);
#5756=EDGE_CURVE('',#4724,#4721,#1690,.T.);
#5757=EDGE_CURVE('',#4722,#4725,#1691,.T.);
#5758=EDGE_CURVE('',#4725,#4726,#1692,.T.);
#5759=EDGE_CURVE('',#4726,#4723,#1693,.T.);
#5760=EDGE_CURVE('',#4727,#4728,#1694,.T.);
#5761=EDGE_CURVE('',#4728,#4729,#1695,.T.);
#5762=EDGE_CURVE('',#4729,#4730,#1696,.T.);
#5763=EDGE_CURVE('',#4730,#4727,#1697,.T.);
#5764=EDGE_CURVE('',#4728,#4731,#1698,.T.);
#5765=EDGE_CURVE('',#4731,#4732,#1699,.T.);
#5766=EDGE_CURVE('',#4732,#4729,#1700,.T.);
#5767=EDGE_CURVE('',#4733,#4734,#1701,.T.);
#5768=EDGE_CURVE('',#4734,#4735,#1702,.T.);
#5769=EDGE_CURVE('',#4735,#4736,#1703,.T.);
#5770=EDGE_CURVE('',#4736,#4733,#1704,.T.);
#5771=EDGE_CURVE('',#4734,#4737,#1705,.T.);
#5772=EDGE_CURVE('',#4737,#4738,#1706,.T.);
#5773=EDGE_CURVE('',#4738,#4735,#1707,.T.);
#5774=EDGE_CURVE('',#4739,#4740,#1708,.T.);
#5775=EDGE_CURVE('',#4740,#4741,#1709,.T.);
#5776=EDGE_CURVE('',#4741,#4742,#1710,.T.);
#5777=EDGE_CURVE('',#4742,#4739,#1711,.T.);
#5778=EDGE_CURVE('',#4740,#4743,#1712,.T.);
#5779=EDGE_CURVE('',#4743,#4744,#1713,.T.);
#5780=EDGE_CURVE('',#4744,#4741,#1714,.T.);
#5781=EDGE_CURVE('',#4745,#4746,#1715,.T.);
#5782=EDGE_CURVE('',#4746,#4747,#1716,.T.);
#5783=EDGE_CURVE('',#4747,#4748,#1717,.T.);
#5784=EDGE_CURVE('',#4748,#4745,#1718,.T.);
#5785=EDGE_CURVE('',#4746,#4749,#1719,.T.);
#5786=EDGE_CURVE('',#4749,#4750,#1720,.T.);
#5787=EDGE_CURVE('',#4750,#4747,#1721,.T.);
#5788=EDGE_CURVE('',#4751,#4752,#1722,.T.);
#5789=EDGE_CURVE('',#4752,#4753,#1723,.T.);
#5790=EDGE_CURVE('',#4753,#4754,#1724,.T.);
#5791=EDGE_CURVE('',#4754,#4751,#1725,.T.);
#5792=EDGE_CURVE('',#4752,#4755,#1726,.T.);
#5793=EDGE_CURVE('',#4755,#4756,#1727,.T.);
#5794=EDGE_CURVE('',#4756,#4753,#1728,.T.);
#5795=EDGE_CURVE('',#4757,#4758,#1729,.T.);
#5796=EDGE_CURVE('',#4758,#4759,#1730,.T.);
#5797=EDGE_CURVE('',#4759,#4760,#1731,.T.);
#5798=EDGE_CURVE('',#4760,#4757,#1732,.T.);
#5799=EDGE_CURVE('',#4758,#4761,#1733,.T.);
#5800=EDGE_CURVE('',#4761,#4762,#1734,.T.);
#5801=EDGE_CURVE('',#4762,#4759,#1735,.T.);
#5802=EDGE_CURVE('',#4763,#4764,#1736,.T.);
#5803=EDGE_CURVE('',#4764,#4765,#1737,.T.);
#5804=EDGE_CURVE('',#4765,#4766,#1738,.T.);
#5805=EDGE_CURVE('',#4766,#4763,#1739,.T.);
#5806=EDGE_CURVE('',#4767,#4768,#1740,.T.);
#5807=EDGE_CURVE('',#4768,#4769,#1741,.T.);
#5808=EDGE_CURVE('',#4769,#4770,#1742,.T.);
#5809=EDGE_CURVE('',#4770,#4767,#1743,.T.);
#5810=EDGE_CURVE('',#4768,#4771,#1744,.T.);
#5811=EDGE_CURVE('',#4771,#4772,#1745,.T.);
#5812=EDGE_CURVE('',#4772,#4769,#1746,.T.);
#5813=EDGE_CURVE('',#4771,#4773,#1747,.T.);
#5814=EDGE_CURVE('',#4773,#4774,#1748,.T.);
#5815=EDGE_CURVE('',#4774,#4772,#1749,.T.);
#5816=EDGE_CURVE('',#4775,#4776,#1750,.T.);
#5817=EDGE_CURVE('',#4776,#4777,#1751,.T.);
#5818=EDGE_CURVE('',#4777,#4778,#1752,.T.);
#5819=EDGE_CURVE('',#4778,#4775,#1753,.T.);
#5820=EDGE_CURVE('',#4779,#4780,#1754,.T.);
#5821=EDGE_CURVE('',#4780,#4781,#1755,.T.);
#5822=EDGE_CURVE('',#4781,#4782,#1756,.T.);
#5823=EDGE_CURVE('',#4782,#4779,#1757,.T.);
#5824=EDGE_CURVE('',#4780,#4783,#1758,.T.);
#5825=EDGE_CURVE('',#4783,#4784,#1759,.T.);
#5826=EDGE_CURVE('',#4784,#4781,#1760,.T.);
#5827=EDGE_CURVE('',#4783,#4785,#1761,.T.);
#5828=EDGE_CURVE('',#4785,#4786,#1762,.T.);
#5829=EDGE_CURVE('',#4786,#4784,#1763,.T.);
#5830=EDGE_CURVE('',#4787,#4788,#1764,.T.);
#5831=EDGE_CURVE('',#4788,#4789,#1765,.T.);
#5832=EDGE_CURVE('',#4789,#4790,#1766,.T.);
#5833=EDGE_CURVE('',#4790,#4787,#1767,.T.);
#5834=EDGE_CURVE('',#4788,#4791,#1768,.T.);
#5835=EDGE_CURVE('',#4791,#4792,#1769,.T.);
#5836=EDGE_CURVE('',#4792,#4789,#1770,.T.);
#5837=EDGE_CURVE('',#4793,#4794,#1771,.T.);
#5838=EDGE_CURVE('',#4794,#4795,#1772,.T.);
#5839=EDGE_CURVE('',#4795,#4796,#1773,.T.);
#5840=EDGE_CURVE('',#4796,#4793,#1774,.T.);
#5841=EDGE_CURVE('',#4794,#4797,#1775,.T.);
#5842=EDGE_CURVE('',#4797,#4798,#1776,.T.);
#5843=EDGE_CURVE('',#4798,#4795,#1777,.T.);
#5844=EDGE_CURVE('',#4799,#4800,#1778,.T.);
#5845=EDGE_CURVE('',#4800,#4801,#1779,.T.);
#5846=EDGE_CURVE('',#4801,#4802,#1780,.T.);
#5847=EDGE_CURVE('',#4802,#4799,#1781,.T.);
#5848=EDGE_CURVE('',#4800,#4803,#1782,.T.);
#5849=EDGE_CURVE('',#4803,#4804,#1783,.T.);
#5850=EDGE_CURVE('',#4804,#4801,#1784,.T.);
#5851=EDGE_CURVE('',#4805,#4806,#1785,.T.);
#5852=EDGE_CURVE('',#4806,#4807,#1786,.T.);
#5853=EDGE_CURVE('',#4807,#4808,#1787,.T.);
#5854=EDGE_CURVE('',#4808,#4805,#1788,.T.);
#5855=EDGE_CURVE('',#4806,#4809,#1789,.T.);
#5856=EDGE_CURVE('',#4809,#4810,#1790,.T.);
#5857=EDGE_CURVE('',#4810,#4807,#1791,.T.);
#5858=EDGE_CURVE('',#4811,#4812,#1792,.T.);
#5859=EDGE_CURVE('',#4812,#4813,#1793,.T.);
#5860=EDGE_CURVE('',#4813,#4814,#1794,.T.);
#5861=EDGE_CURVE('',#4814,#4811,#1795,.T.);
#5862=EDGE_CURVE('',#4812,#4815,#1796,.T.);
#5863=EDGE_CURVE('',#4815,#4816,#1797,.T.);
#5864=EDGE_CURVE('',#4816,#4813,#1798,.T.);
#5865=EDGE_CURVE('',#4817,#4818,#1799,.T.);
#5866=EDGE_CURVE('',#4818,#4819,#1800,.T.);
#5867=EDGE_CURVE('',#4819,#4820,#1801,.T.);
#5868=EDGE_CURVE('',#4820,#4817,#1802,.T.);
#5869=EDGE_CURVE('',#4818,#4821,#1803,.T.);
#5870=EDGE_CURVE('',#4821,#4822,#1804,.T.);
#5871=EDGE_CURVE('',#4822,#4819,#1805,.T.);
#5872=EDGE_CURVE('',#4823,#4824,#1806,.T.);
#5873=EDGE_CURVE('',#4824,#4825,#1807,.T.);
#5874=EDGE_CURVE('',#4825,#4826,#1808,.T.);
#5875=EDGE_CURVE('',#4826,#4823,#1809,.T.);
#5876=EDGE_CURVE('',#4824,#4827,#1810,.T.);
#5877=EDGE_CURVE('',#4827,#4828,#1811,.T.);
#5878=EDGE_CURVE('',#4828,#4825,#1812,.T.);
#5879=EDGE_CURVE('',#4829,#4830,#1813,.T.);
#5880=EDGE_CURVE('',#4830,#4831,#1814,.T.);
#5881=EDGE_CURVE('',#4831,#4832,#1815,.T.);
#5882=EDGE_CURVE('',#4832,#4829,#1816,.T.);
#5883=EDGE_CURVE('',#4830,#4833,#1817,.T.);
#5884=EDGE_CURVE('',#4833,#4834,#1818,.T.);
#5885=EDGE_CURVE('',#4834,#4831,#1819,.T.);
#5886=EDGE_CURVE('',#4835,#4836,#1820,.T.);
#5887=EDGE_CURVE('',#4836,#4837,#1821,.T.);
#5888=EDGE_CURVE('',#4837,#4838,#1822,.T.);
#5889=EDGE_CURVE('',#4838,#4835,#1823,.T.);
#5890=EDGE_CURVE('',#4839,#4840,#1824,.T.);
#5891=EDGE_CURVE('',#4840,#4841,#1825,.T.);
#5892=EDGE_CURVE('',#4841,#4842,#1826,.T.);
#5893=EDGE_CURVE('',#4842,#4839,#1827,.T.);
#5894=EDGE_CURVE('',#4840,#4843,#1828,.T.);
#5895=EDGE_CURVE('',#4843,#4844,#1829,.T.);
#5896=EDGE_CURVE('',#4844,#4841,#1830,.T.);
#5897=EDGE_CURVE('',#4843,#4845,#1831,.T.);
#5898=EDGE_CURVE('',#4845,#4846,#1832,.T.);
#5899=EDGE_CURVE('',#4846,#4844,#1833,.T.);
#5900=EDGE_CURVE('',#4847,#4848,#1834,.T.);
#5901=EDGE_CURVE('',#4848,#4849,#1835,.T.);
#5902=EDGE_CURVE('',#4849,#4850,#1836,.T.);
#5903=EDGE_CURVE('',#4850,#4847,#1837,.T.);
#5904=EDGE_CURVE('',#4851,#4852,#1838,.T.);
#5905=EDGE_CURVE('',#4852,#4853,#1839,.T.);
#5906=EDGE_CURVE('',#4853,#4854,#1840,.T.);
#5907=EDGE_CURVE('',#4854,#4851,#1841,.T.);
#5908=EDGE_CURVE('',#4852,#4855,#1842,.T.);
#5909=EDGE_CURVE('',#4855,#4856,#1843,.T.);
#5910=EDGE_CURVE('',#4856,#4853,#1844,.T.);
#5911=EDGE_CURVE('',#4855,#4857,#1845,.T.);
#5912=EDGE_CURVE('',#4857,#4858,#1846,.T.);
#5913=EDGE_CURVE('',#4858,#4856,#1847,.T.);
#5914=EDGE_CURVE('',#4859,#4860,#1848,.T.);
#5915=EDGE_CURVE('',#4860,#4861,#1849,.T.);
#5916=EDGE_CURVE('',#4861,#4862,#1850,.T.);
#5917=EDGE_CURVE('',#4862,#4859,#1851,.T.);
#5918=EDGE_CURVE('',#4860,#4863,#1852,.T.);
#5919=EDGE_CURVE('',#4863,#4864,#1853,.T.);
#5920=EDGE_CURVE('',#4864,#4861,#1854,.T.);
#5921=EDGE_CURVE('',#4865,#4866,#1855,.T.);
#5922=EDGE_CURVE('',#4866,#4867,#1856,.T.);
#5923=EDGE_CURVE('',#4867,#4868,#1857,.T.);
#5924=EDGE_CURVE('',#4868,#4865,#1858,.T.);
#5925=EDGE_CURVE('',#4866,#4869,#1859,.T.);
#5926=EDGE_CURVE('',#4869,#4870,#1860,.T.);
#5927=EDGE_CURVE('',#4870,#4867,#1861,.T.);
#5928=EDGE_CURVE('',#4871,#4872,#1862,.T.);
#5929=EDGE_CURVE('',#4872,#4873,#1863,.T.);
#5930=EDGE_CURVE('',#4873,#4874,#1864,.T.);
#5931=EDGE_CURVE('',#4874,#4871,#1865,.T.);
#5932=EDGE_CURVE('',#4872,#4875,#1866,.T.);
#5933=EDGE_CURVE('',#4875,#4876,#1867,.T.);
#5934=EDGE_CURVE('',#4876,#4873,#1868,.T.);
#5935=EDGE_CURVE('',#4877,#4878,#1869,.T.);
#5936=EDGE_CURVE('',#4878,#4879,#1870,.T.);
#5937=EDGE_CURVE('',#4879,#4880,#1871,.T.);
#5938=EDGE_CURVE('',#4880,#4877,#1872,.T.);
#5939=EDGE_CURVE('',#4878,#4881,#1873,.T.);
#5940=EDGE_CURVE('',#4881,#4882,#1874,.T.);
#5941=EDGE_CURVE('',#4882,#4879,#1875,.T.);
#5942=EDGE_CURVE('',#4883,#4884,#1876,.T.);
#5943=EDGE_CURVE('',#4884,#4885,#1877,.T.);
#5944=EDGE_CURVE('',#4885,#4886,#1878,.T.);
#5945=EDGE_CURVE('',#4886,#4883,#1879,.T.);
#5946=EDGE_CURVE('',#4884,#4887,#1880,.T.);
#5947=EDGE_CURVE('',#4887,#4888,#1881,.T.);
#5948=EDGE_CURVE('',#4888,#4885,#1882,.T.);
#5949=EDGE_CURVE('',#4889,#4890,#1883,.T.);
#5950=EDGE_CURVE('',#4890,#4891,#1884,.T.);
#5951=EDGE_CURVE('',#4891,#4892,#1885,.T.);
#5952=EDGE_CURVE('',#4892,#4889,#1886,.T.);
#5953=EDGE_CURVE('',#4890,#4893,#1887,.T.);
#5954=EDGE_CURVE('',#4893,#4894,#1888,.T.);
#5955=EDGE_CURVE('',#4894,#4891,#1889,.T.);
#5956=EDGE_CURVE('',#4895,#4896,#1890,.T.);
#5957=EDGE_CURVE('',#4896,#4897,#1891,.T.);
#5958=EDGE_CURVE('',#4897,#4898,#1892,.T.);
#5959=EDGE_CURVE('',#4898,#4895,#1893,.T.);
#5960=EDGE_CURVE('',#4896,#4899,#1894,.T.);
#5961=EDGE_CURVE('',#4899,#4900,#1895,.T.);
#5962=EDGE_CURVE('',#4900,#4897,#1896,.T.);
#5963=EDGE_CURVE('',#4901,#4902,#1897,.T.);
#5964=EDGE_CURVE('',#4902,#4903,#1898,.T.);
#5965=EDGE_CURVE('',#4903,#4904,#1899,.T.);
#5966=EDGE_CURVE('',#4904,#4901,#1900,.T.);
#5967=EDGE_CURVE('',#4902,#4905,#1901,.T.);
#5968=EDGE_CURVE('',#4905,#4906,#1902,.T.);
#5969=EDGE_CURVE('',#4906,#4903,#1903,.T.);
#5970=EDGE_CURVE('',#4907,#4908,#1904,.T.);
#5971=EDGE_CURVE('',#4908,#4909,#1905,.T.);
#5972=EDGE_CURVE('',#4909,#4910,#1906,.T.);
#5973=EDGE_CURVE('',#4910,#4907,#1907,.T.);
#5974=EDGE_CURVE('',#4911,#4912,#1908,.T.);
#5975=EDGE_CURVE('',#4912,#4913,#1909,.T.);
#5976=EDGE_CURVE('',#4913,#4914,#1910,.T.);
#5977=EDGE_CURVE('',#4914,#4911,#1911,.T.);
#5978=EDGE_CURVE('',#4912,#4915,#1912,.T.);
#5979=EDGE_CURVE('',#4915,#4916,#1913,.T.);
#5980=EDGE_CURVE('',#4916,#4913,#1914,.T.);
#5981=EDGE_CURVE('',#4915,#4917,#1915,.T.);
#5982=EDGE_CURVE('',#4917,#4918,#1916,.T.);
#5983=EDGE_CURVE('',#4918,#4916,#1917,.T.);
#5984=EDGE_CURVE('',#4919,#4920,#1918,.T.);
#5985=EDGE_CURVE('',#4920,#4921,#1919,.T.);
#5986=EDGE_CURVE('',#4921,#4922,#1920,.T.);
#5987=EDGE_CURVE('',#4922,#4919,#1921,.T.);
#5988=EDGE_CURVE('',#4923,#4924,#1922,.T.);
#5989=EDGE_CURVE('',#4924,#4925,#1923,.T.);
#5990=EDGE_CURVE('',#4925,#4926,#1924,.T.);
#5991=EDGE_CURVE('',#4926,#4923,#1925,.T.);
#5992=EDGE_CURVE('',#4924,#4927,#1926,.T.);
#5993=EDGE_CURVE('',#4927,#4928,#1927,.T.);
#5994=EDGE_CURVE('',#4928,#4925,#1928,.T.);
#5995=EDGE_CURVE('',#4927,#4929,#1929,.T.);
#5996=EDGE_CURVE('',#4929,#4930,#1930,.T.);
#5997=EDGE_CURVE('',#4930,#4928,#1931,.T.);
#5998=EDGE_CURVE('',#4931,#4932,#1932,.T.);
#5999=EDGE_CURVE('',#4932,#4933,#1933,.T.);
#6000=EDGE_CURVE('',#4933,#4934,#1934,.T.);
#6001=EDGE_CURVE('',#4934,#4931,#1935,.T.);
#6002=EDGE_CURVE('',#4932,#4935,#1936,.T.);
#6003=EDGE_CURVE('',#4935,#4936,#1937,.T.);
#6004=EDGE_CURVE('',#4936,#4933,#1938,.T.);
#6005=EDGE_CURVE('',#4937,#4938,#1939,.T.);
#6006=EDGE_CURVE('',#4938,#4939,#1940,.T.);
#6007=EDGE_CURVE('',#4939,#4940,#1941,.T.);
#6008=EDGE_CURVE('',#4940,#4937,#1942,.T.);
#6009=EDGE_CURVE('',#4938,#4941,#1943,.T.);
#6010=EDGE_CURVE('',#4941,#4942,#1944,.T.);
#6011=EDGE_CURVE('',#4942,#4939,#1945,.T.);
#6012=EDGE_CURVE('',#4943,#4944,#1946,.T.);
#6013=EDGE_CURVE('',#4944,#4945,#1947,.T.);
#6014=EDGE_CURVE('',#4945,#4946,#1948,.T.);
#6015=EDGE_CURVE('',#4946,#4943,#1949,.T.);
#6016=EDGE_CURVE('',#4944,#4947,#1950,.T.);
#6017=EDGE_CURVE('',#4947,#4948,#1951,.T.);
#6018=EDGE_CURVE('',#4948,#4945,#1952,.T.);
#6019=EDGE_CURVE('',#4949,#4950,#1953,.T.);
#6020=EDGE_CURVE('',#4950,#4951,#1954,.T.);
#6021=EDGE_CURVE('',#4951,#4952,#1955,.T.);
#6022=EDGE_CURVE('',#4952,#4949,#1956,.T.);
#6023=EDGE_CURVE('',#4950,#4953,#1957,.T.);
#6024=EDGE_CURVE('',#4953,#4954,#1958,.T.);
#6025=EDGE_CURVE('',#4954,#4951,#1959,.T.);
#6026=EDGE_CURVE('',#4955,#4956,#1960,.T.);
#6027=EDGE_CURVE('',#4956,#4957,#1961,.T.);
#6028=EDGE_CURVE('',#4957,#4958,#1962,.T.);
#6029=EDGE_CURVE('',#4958,#4955,#1963,.T.);
#6030=EDGE_CURVE('',#4956,#4959,#1964,.T.);
#6031=EDGE_CURVE('',#4959,#4960,#1965,.T.);
#6032=EDGE_CURVE('',#4960,#4957,#1966,.T.);
#6033=EDGE_CURVE('',#4961,#4962,#1967,.T.);
#6034=EDGE_CURVE('',#4962,#4963,#1968,.T.);
#6035=EDGE_CURVE('',#4963,#4964,#1969,.T.);
#6036=EDGE_CURVE('',#4964,#4961,#1970,.T.);
#6037=EDGE_CURVE('',#4962,#4965,#1971,.T.);
#6038=EDGE_CURVE('',#4965,#4966,#1972,.T.);
#6039=EDGE_CURVE('',#4966,#4963,#1973,.T.);
#6040=EDGE_CURVE('',#4967,#4968,#1974,.T.);
#6041=EDGE_CURVE('',#4968,#4969,#1975,.T.);
#6042=EDGE_CURVE('',#4969,#4970,#1976,.T.);
#6043=EDGE_CURVE('',#4970,#4967,#1977,.T.);
#6044=EDGE_CURVE('',#4968,#4971,#1978,.T.);
#6045=EDGE_CURVE('',#4971,#4972,#1979,.T.);
#6046=EDGE_CURVE('',#4972,#4969,#1980,.T.);
#6047=EDGE_CURVE('',#4973,#4974,#1981,.T.);
#6048=EDGE_CURVE('',#4974,#4975,#1982,.T.);
#6049=EDGE_CURVE('',#4975,#4976,#1983,.T.);
#6050=EDGE_CURVE('',#4976,#4973,#1984,.T.);
#6051=EDGE_CURVE('',#4974,#4977,#1985,.T.);
#6052=EDGE_CURVE('',#4977,#4978,#1986,.T.);
#6053=EDGE_CURVE('',#4978,#4975,#1987,.T.);
#6054=EDGE_CURVE('',#4979,#4980,#1988,.T.);
#6055=EDGE_CURVE('',#4980,#4981,#1989,.T.);
#6056=EDGE_CURVE('',#4981,#4982,#1990,.T.);
#6057=EDGE_CURVE('',#4982,#4979,#1991,.T.);
#6058=EDGE_CURVE('',#4983,#4984,#1992,.T.);
#6059=EDGE_CURVE('',#4984,#4985,#1993,.T.);
#6060=EDGE_CURVE('',#4985,#4986,#1994,.T.);
#6061=EDGE_CURVE('',#4986,#4983,#1995,.T.);
#6062=EDGE_CURVE('',#4984,#4987,#1996,.T.);
#6063=EDGE_CURVE('',#4987,#4988,#1997,.T.);
#6064=EDGE_CURVE('',#4988,#4985,#1998,.T.);
#6065=EDGE_CURVE('',#4987,#4989,#1999,.T.);
#6066=EDGE_CURVE('',#4989,#4990,#2000,.T.);
#6067=EDGE_CURVE('',#4990,#4988,#2001,.T.);
#6068=EDGE_CURVE('',#4991,#4992,#2002,.T.);
#6069=EDGE_CURVE('',#4992,#4993,#2003,.T.);
#6070=EDGE_CURVE('',#4993,#4994,#2004,.T.);
#6071=EDGE_CURVE('',#4994,#4991,#2005,.T.);
#6072=EDGE_CURVE('',#4995,#4996,#2006,.T.);
#6073=EDGE_CURVE('',#4996,#4997,#2007,.T.);
#6074=EDGE_CURVE('',#4997,#4998,#2008,.T.);
#6075=EDGE_CURVE('',#4998,#4995,#2009,.T.);
#6076=EDGE_CURVE('',#4996,#4999,#2010,.T.);
#6077=EDGE_CURVE('',#4999,#5000,#2011,.T.);
#6078=EDGE_CURVE('',#5000,#4997,#2012,.T.);
#6079=EDGE_CURVE('',#4999,#5001,#2013,.T.);
#6080=EDGE_CURVE('',#5001,#5002,#2014,.T.);
#6081=EDGE_CURVE('',#5002,#5000,#2015,.T.);
#6082=EDGE_CURVE('',#5003,#5004,#2016,.T.);
#6083=EDGE_CURVE('',#5004,#5005,#2017,.T.);
#6084=EDGE_CURVE('',#5005,#5006,#2018,.T.);
#6085=EDGE_CURVE('',#5006,#5003,#2019,.T.);
#6086=EDGE_CURVE('',#5004,#5007,#2020,.T.);
#6087=EDGE_CURVE('',#5007,#5008,#2021,.T.);
#6088=EDGE_CURVE('',#5008,#5005,#2022,.T.);
#6089=EDGE_CURVE('',#5009,#5010,#2023,.T.);
#6090=EDGE_CURVE('',#5010,#5011,#2024,.T.);
#6091=EDGE_CURVE('',#5011,#5012,#2025,.T.);
#6092=EDGE_CURVE('',#5012,#5009,#2026,.T.);
#6093=EDGE_CURVE('',#5010,#5013,#2027,.T.);
#6094=EDGE_CURVE('',#5013,#5014,#2028,.T.);
#6095=EDGE_CURVE('',#5014,#5011,#2029,.T.);
#6096=EDGE_CURVE('',#5015,#5016,#2030,.T.);
#6097=EDGE_CURVE('',#5016,#5017,#2031,.T.);
#6098=EDGE_CURVE('',#5017,#5018,#2032,.T.);
#6099=EDGE_CURVE('',#5018,#5015,#2033,.T.);
#6100=EDGE_CURVE('',#5016,#5019,#2034,.T.);
#6101=EDGE_CURVE('',#5019,#5020,#2035,.T.);
#6102=EDGE_CURVE('',#5020,#5017,#2036,.T.);
#6103=EDGE_CURVE('',#5021,#5022,#2037,.T.);
#6104=EDGE_CURVE('',#5022,#5023,#2038,.T.);
#6105=EDGE_CURVE('',#5023,#5024,#2039,.T.);
#6106=EDGE_CURVE('',#5024,#5021,#2040,.T.);
#6107=EDGE_CURVE('',#5025,#5023,#2041,.T.);
#6108=EDGE_CURVE('',#5022,#5026,#2042,.T.);
#6109=EDGE_CURVE('',#5026,#5025,#2043,.T.);
#6110=EDGE_CURVE('',#5019,#5025,#2044,.T.);
#6111=EDGE_CURVE('',#5026,#5020,#2045,.T.);
#6112=EDGE_CURVE('',#5027,#5021,#2046,.T.);
#6113=EDGE_CURVE('',#5024,#5028,#2047,.T.);
#6114=EDGE_CURVE('',#5028,#5027,#2048,.T.);
#6115=EDGE_CURVE('',#5013,#5027,#2049,.T.);
#6116=EDGE_CURVE('',#5028,#5014,#2050,.T.);
#6117=EDGE_CURVE('',#5029,#5015,#2051,.T.);
#6118=EDGE_CURVE('',#5018,#5030,#2052,.T.);
#6119=EDGE_CURVE('',#5030,#5029,#2053,.T.);
#6120=EDGE_CURVE('',#5007,#5029,#2054,.T.);
#6121=EDGE_CURVE('',#5030,#5008,#2055,.T.);
#6122=EDGE_CURVE('',#5031,#5009,#2056,.T.);
#6123=EDGE_CURVE('',#5012,#5032,#2057,.T.);
#6124=EDGE_CURVE('',#5032,#5031,#2058,.T.);
#6125=EDGE_CURVE('',#5001,#5031,#2059,.T.);
#6126=EDGE_CURVE('',#5032,#5002,#2060,.T.);
#6127=EDGE_CURVE('',#5033,#5003,#2061,.T.);
#6128=EDGE_CURVE('',#5006,#5034,#2062,.T.);
#6129=EDGE_CURVE('',#5034,#5033,#2063,.T.);
#6130=EDGE_CURVE('',#4992,#5033,#2064,.T.);
#6131=EDGE_CURVE('',#5034,#4993,#2065,.T.);
#6132=EDGE_CURVE('',#4989,#4995,#2066,.T.);
#6133=EDGE_CURVE('',#4998,#4990,#2067,.T.);
#6134=EDGE_CURVE('',#5035,#4991,#2068,.T.);
#6135=EDGE_CURVE('',#4994,#5036,#2069,.T.);
#6136=EDGE_CURVE('',#5036,#5035,#2070,.T.);
#6137=EDGE_CURVE('',#5037,#5035,#2071,.T.);
#6138=EDGE_CURVE('',#5036,#5038,#2072,.T.);
#6139=EDGE_CURVE('',#5038,#5037,#2073,.T.);
#6140=EDGE_CURVE('',#4980,#5037,#2074,.T.);
#6141=EDGE_CURVE('',#5038,#4981,#2075,.T.);
#6142=EDGE_CURVE('',#4977,#4983,#2076,.T.);
#6143=EDGE_CURVE('',#4986,#4978,#2077,.T.);
#6144=EDGE_CURVE('',#5039,#4979,#2078,.T.);
#6145=EDGE_CURVE('',#4982,#5040,#2079,.T.);
#6146=EDGE_CURVE('',#5040,#5039,#2080,.T.);
#6147=EDGE_CURVE('',#5041,#5039,#2081,.T.);
#6148=EDGE_CURVE('',#5040,#5042,#2082,.T.);
#6149=EDGE_CURVE('',#5042,#5041,#2083,.T.);
#6150=EDGE_CURVE('',#4971,#5041,#2084,.T.);
#6151=EDGE_CURVE('',#5042,#4972,#2085,.T.);
#6152=EDGE_CURVE('',#5043,#4973,#2086,.T.);
#6153=EDGE_CURVE('',#4976,#5044,#2087,.T.);
#6154=EDGE_CURVE('',#5044,#5043,#2088,.T.);
#6155=EDGE_CURVE('',#4965,#5043,#2089,.T.);
#6156=EDGE_CURVE('',#5044,#4966,#2090,.T.);
#6157=EDGE_CURVE('',#5045,#4967,#2091,.T.);
#6158=EDGE_CURVE('',#4970,#5046,#2092,.T.);
#6159=EDGE_CURVE('',#5046,#5045,#2093,.T.);
#6160=EDGE_CURVE('',#4959,#5045,#2094,.T.);
#6161=EDGE_CURVE('',#5046,#4960,#2095,.T.);
#6162=EDGE_CURVE('',#5047,#4961,#2096,.T.);
#6163=EDGE_CURVE('',#4964,#5048,#2097,.T.);
#6164=EDGE_CURVE('',#5048,#5047,#2098,.T.);
#6165=EDGE_CURVE('',#4953,#5047,#2099,.T.);
#6166=EDGE_CURVE('',#5048,#4954,#2100,.T.);
#6167=EDGE_CURVE('',#5049,#4955,#2101,.T.);
#6168=EDGE_CURVE('',#4958,#5050,#2102,.T.);
#6169=EDGE_CURVE('',#5050,#5049,#2103,.T.);
#6170=EDGE_CURVE('',#4947,#5049,#2104,.T.);
#6171=EDGE_CURVE('',#5050,#4948,#2105,.T.);
#6172=EDGE_CURVE('',#5051,#4949,#2106,.T.);
#6173=EDGE_CURVE('',#4952,#5052,#2107,.T.);
#6174=EDGE_CURVE('',#5052,#5051,#2108,.T.);
#6175=EDGE_CURVE('',#4941,#5051,#2109,.T.);
#6176=EDGE_CURVE('',#5052,#4942,#2110,.T.);
#6177=EDGE_CURVE('',#5053,#4943,#2111,.T.);
#6178=EDGE_CURVE('',#4946,#5054,#2112,.T.);
#6179=EDGE_CURVE('',#5054,#5053,#2113,.T.);
#6180=EDGE_CURVE('',#4935,#5053,#2114,.T.);
#6181=EDGE_CURVE('',#5054,#4936,#2115,.T.);
#6182=EDGE_CURVE('',#5055,#4937,#2116,.T.);
#6183=EDGE_CURVE('',#4940,#5056,#2117,.T.);
#6184=EDGE_CURVE('',#5056,#5055,#2118,.T.);
#6185=EDGE_CURVE('',#4929,#5055,#2119,.T.);
#6186=EDGE_CURVE('',#5056,#4930,#2120,.T.);
#6187=EDGE_CURVE('',#5057,#4931,#2121,.T.);
#6188=EDGE_CURVE('',#4934,#5058,#2122,.T.);
#6189=EDGE_CURVE('',#5058,#5057,#2123,.T.);
#6190=EDGE_CURVE('',#4920,#5057,#2124,.T.);
#6191=EDGE_CURVE('',#5058,#4921,#2125,.T.);
#6192=EDGE_CURVE('',#4917,#4923,#2126,.T.);
#6193=EDGE_CURVE('',#4926,#4918,#2127,.T.);
#6194=EDGE_CURVE('',#5059,#4919,#2128,.T.);
#6195=EDGE_CURVE('',#4922,#5060,#2129,.T.);
#6196=EDGE_CURVE('',#5060,#5059,#2130,.T.);
#6197=EDGE_CURVE('',#5061,#5059,#2131,.T.);
#6198=EDGE_CURVE('',#5060,#5062,#2132,.T.);
#6199=EDGE_CURVE('',#5062,#5061,#2133,.T.);
#6200=EDGE_CURVE('',#4908,#5061,#2134,.T.);
#6201=EDGE_CURVE('',#5062,#4909,#2135,.T.);
#6202=EDGE_CURVE('',#4905,#4911,#2136,.T.);
#6203=EDGE_CURVE('',#4914,#4906,#2137,.T.);
#6204=EDGE_CURVE('',#5063,#4907,#2138,.T.);
#6205=EDGE_CURVE('',#4910,#5064,#2139,.T.);
#6206=EDGE_CURVE('',#5064,#5063,#2140,.T.);
#6207=EDGE_CURVE('',#5065,#5063,#2141,.T.);
#6208=EDGE_CURVE('',#5064,#5066,#2142,.T.);
#6209=EDGE_CURVE('',#5066,#5065,#2143,.T.);
#6210=EDGE_CURVE('',#4899,#5065,#2144,.T.);
#6211=EDGE_CURVE('',#5066,#4900,#2145,.T.);
#6212=EDGE_CURVE('',#5067,#4901,#2146,.T.);
#6213=EDGE_CURVE('',#4904,#5068,#2147,.T.);
#6214=EDGE_CURVE('',#5068,#5067,#2148,.T.);
#6215=EDGE_CURVE('',#4893,#5067,#2149,.T.);
#6216=EDGE_CURVE('',#5068,#4894,#2150,.T.);
#6217=EDGE_CURVE('',#5069,#4895,#2151,.T.);
#6218=EDGE_CURVE('',#4898,#5070,#2152,.T.);
#6219=EDGE_CURVE('',#5070,#5069,#2153,.T.);
#6220=EDGE_CURVE('',#4887,#5069,#2154,.T.);
#6221=EDGE_CURVE('',#5070,#4888,#2155,.T.);
#6222=EDGE_CURVE('',#5071,#4889,#2156,.T.);
#6223=EDGE_CURVE('',#4892,#5072,#2157,.T.);
#6224=EDGE_CURVE('',#5072,#5071,#2158,.T.);
#6225=EDGE_CURVE('',#4881,#5071,#2159,.T.);
#6226=EDGE_CURVE('',#5072,#4882,#2160,.T.);
#6227=EDGE_CURVE('',#5073,#4883,#2161,.T.);
#6228=EDGE_CURVE('',#4886,#5074,#2162,.T.);
#6229=EDGE_CURVE('',#5074,#5073,#2163,.T.);
#6230=EDGE_CURVE('',#4875,#5073,#2164,.T.);
#6231=EDGE_CURVE('',#5074,#4876,#2165,.T.);
#6232=EDGE_CURVE('',#5075,#4877,#2166,.T.);
#6233=EDGE_CURVE('',#4880,#5076,#2167,.T.);
#6234=EDGE_CURVE('',#5076,#5075,#2168,.T.);
#6235=EDGE_CURVE('',#4869,#5075,#2169,.T.);
#6236=EDGE_CURVE('',#5076,#4870,#2170,.T.);
#6237=EDGE_CURVE('',#5077,#4871,#2171,.T.);
#6238=EDGE_CURVE('',#4874,#5078,#2172,.T.);
#6239=EDGE_CURVE('',#5078,#5077,#2173,.T.);
#6240=EDGE_CURVE('',#4863,#5077,#2174,.T.);
#6241=EDGE_CURVE('',#5078,#4864,#2175,.T.);
#6242=EDGE_CURVE('',#5079,#4865,#2176,.T.);
#6243=EDGE_CURVE('',#4868,#5080,#2177,.T.);
#6244=EDGE_CURVE('',#5080,#5079,#2178,.T.);
#6245=EDGE_CURVE('',#4857,#5079,#2179,.T.);
#6246=EDGE_CURVE('',#5080,#4858,#2180,.T.);
#6247=EDGE_CURVE('',#5081,#4859,#2181,.T.);
#6248=EDGE_CURVE('',#4862,#5082,#2182,.T.);
#6249=EDGE_CURVE('',#5082,#5081,#2183,.T.);
#6250=EDGE_CURVE('',#4848,#5081,#2184,.T.);
#6251=EDGE_CURVE('',#5082,#4849,#2185,.T.);
#6252=EDGE_CURVE('',#4845,#4851,#2186,.T.);
#6253=EDGE_CURVE('',#4854,#4846,#2187,.T.);
#6254=EDGE_CURVE('',#5083,#4847,#2188,.T.);
#6255=EDGE_CURVE('',#4850,#5084,#2189,.T.);
#6256=EDGE_CURVE('',#5084,#5083,#2190,.T.);
#6257=EDGE_CURVE('',#5085,#5083,#2191,.T.);
#6258=EDGE_CURVE('',#5084,#5086,#2192,.T.);
#6259=EDGE_CURVE('',#5086,#5085,#2193,.T.);
#6260=EDGE_CURVE('',#4836,#5085,#2194,.T.);
#6261=EDGE_CURVE('',#5086,#4837,#2195,.T.);
#6262=EDGE_CURVE('',#4833,#4839,#2196,.T.);
#6263=EDGE_CURVE('',#4842,#4834,#2197,.T.);
#6264=EDGE_CURVE('',#5087,#4835,#2198,.T.);
#6265=EDGE_CURVE('',#4838,#5088,#2199,.T.);
#6266=EDGE_CURVE('',#5088,#5087,#2200,.T.);
#6267=EDGE_CURVE('',#5089,#5087,#2201,.T.);
#6268=EDGE_CURVE('',#5088,#5090,#2202,.T.);
#6269=EDGE_CURVE('',#5090,#5089,#2203,.T.);
#6270=EDGE_CURVE('',#4827,#5089,#2204,.T.);
#6271=EDGE_CURVE('',#5090,#4828,#2205,.T.);
#6272=EDGE_CURVE('',#5091,#4829,#2206,.T.);
#6273=EDGE_CURVE('',#4832,#5092,#2207,.T.);
#6274=EDGE_CURVE('',#5092,#5091,#2208,.T.);
#6275=EDGE_CURVE('',#4821,#5091,#2209,.T.);
#6276=EDGE_CURVE('',#5092,#4822,#2210,.T.);
#6277=EDGE_CURVE('',#5093,#4823,#2211,.T.);
#6278=EDGE_CURVE('',#4826,#5094,#2212,.T.);
#6279=EDGE_CURVE('',#5094,#5093,#2213,.T.);
#6280=EDGE_CURVE('',#4815,#5093,#2214,.T.);
#6281=EDGE_CURVE('',#5094,#4816,#2215,.T.);
#6282=EDGE_CURVE('',#5095,#4817,#2216,.T.);
#6283=EDGE_CURVE('',#4820,#5096,#2217,.T.);
#6284=EDGE_CURVE('',#5096,#5095,#2218,.T.);
#6285=EDGE_CURVE('',#4809,#5095,#2219,.T.);
#6286=EDGE_CURVE('',#5096,#4810,#2220,.T.);
#6287=EDGE_CURVE('',#5097,#4811,#2221,.T.);
#6288=EDGE_CURVE('',#4814,#5098,#2222,.T.);
#6289=EDGE_CURVE('',#5098,#5097,#2223,.T.);
#6290=EDGE_CURVE('',#4803,#5097,#2224,.T.);
#6291=EDGE_CURVE('',#5098,#4804,#2225,.T.);
#6292=EDGE_CURVE('',#5099,#4805,#2226,.T.);
#6293=EDGE_CURVE('',#4808,#5100,#2227,.T.);
#6294=EDGE_CURVE('',#5100,#5099,#2228,.T.);
#6295=EDGE_CURVE('',#4797,#5099,#2229,.T.);
#6296=EDGE_CURVE('',#5100,#4798,#2230,.T.);
#6297=EDGE_CURVE('',#5101,#4799,#2231,.T.);
#6298=EDGE_CURVE('',#4802,#5102,#2232,.T.);
#6299=EDGE_CURVE('',#5102,#5101,#2233,.T.);
#6300=EDGE_CURVE('',#4791,#5101,#2234,.T.);
#6301=EDGE_CURVE('',#5102,#4792,#2235,.T.);
#6302=EDGE_CURVE('',#5103,#4793,#2236,.T.);
#6303=EDGE_CURVE('',#4796,#5104,#2237,.T.);
#6304=EDGE_CURVE('',#5104,#5103,#2238,.T.);
#6305=EDGE_CURVE('',#4785,#5103,#2239,.T.);
#6306=EDGE_CURVE('',#5104,#4786,#2240,.T.);
#6307=EDGE_CURVE('',#5105,#4787,#2241,.T.);
#6308=EDGE_CURVE('',#4790,#5106,#2242,.T.);
#6309=EDGE_CURVE('',#5106,#5105,#2243,.T.);
#6310=EDGE_CURVE('',#4776,#5105,#2244,.T.);
#6311=EDGE_CURVE('',#5106,#4777,#2245,.T.);
#6312=EDGE_CURVE('',#4773,#4779,#2246,.T.);
#6313=EDGE_CURVE('',#4782,#4774,#2247,.T.);
#6314=EDGE_CURVE('',#5107,#4775,#2248,.T.);
#6315=EDGE_CURVE('',#4778,#5108,#2249,.T.);
#6316=EDGE_CURVE('',#5108,#5107,#2250,.T.);
#6317=EDGE_CURVE('',#5109,#5107,#2251,.T.);
#6318=EDGE_CURVE('',#5108,#5110,#2252,.T.);
#6319=EDGE_CURVE('',#5110,#5109,#2253,.T.);
#6320=EDGE_CURVE('',#4764,#5109,#2254,.T.);
#6321=EDGE_CURVE('',#5110,#4765,#2255,.T.);
#6322=EDGE_CURVE('',#4761,#4767,#2256,.T.);
#6323=EDGE_CURVE('',#4770,#4762,#2257,.T.);
#6324=EDGE_CURVE('',#5111,#4763,#2258,.T.);
#6325=EDGE_CURVE('',#4766,#5112,#2259,.T.);
#6326=EDGE_CURVE('',#5112,#5111,#2260,.T.);
#6327=EDGE_CURVE('',#5113,#5111,#2261,.T.);
#6328=EDGE_CURVE('',#5112,#5114,#2262,.T.);
#6329=EDGE_CURVE('',#5114,#5113,#2263,.T.);
#6330=EDGE_CURVE('',#4755,#5113,#2264,.T.);
#6331=EDGE_CURVE('',#5114,#4756,#2265,.T.);
#6332=EDGE_CURVE('',#5115,#4757,#2266,.T.);
#6333=EDGE_CURVE('',#4760,#5116,#2267,.T.);
#6334=EDGE_CURVE('',#5116,#5115,#2268,.T.);
#6335=EDGE_CURVE('',#4749,#5115,#2269,.T.);
#6336=EDGE_CURVE('',#5116,#4750,#2270,.T.);
#6337=EDGE_CURVE('',#5117,#4751,#2271,.T.);
#6338=EDGE_CURVE('',#4754,#5118,#2272,.T.);
#6339=EDGE_CURVE('',#5118,#5117,#2273,.T.);
#6340=EDGE_CURVE('',#4743,#5117,#2274,.T.);
#6341=EDGE_CURVE('',#5118,#4744,#2275,.T.);
#6342=EDGE_CURVE('',#5119,#4745,#2276,.T.);
#6343=EDGE_CURVE('',#4748,#5120,#2277,.T.);
#6344=EDGE_CURVE('',#5120,#5119,#2278,.T.);
#6345=EDGE_CURVE('',#4737,#5119,#2279,.T.);
#6346=EDGE_CURVE('',#5120,#4738,#2280,.T.);
#6347=EDGE_CURVE('',#5121,#4739,#2281,.T.);
#6348=EDGE_CURVE('',#4742,#5122,#2282,.T.);
#6349=EDGE_CURVE('',#5122,#5121,#2283,.T.);
#6350=EDGE_CURVE('',#4731,#5121,#2284,.T.);
#6351=EDGE_CURVE('',#5122,#4732,#2285,.T.);
#6352=EDGE_CURVE('',#5123,#4733,#2286,.T.);
#6353=EDGE_CURVE('',#4736,#5124,#2287,.T.);
#6354=EDGE_CURVE('',#5124,#5123,#2288,.T.);
#6355=EDGE_CURVE('',#4725,#5123,#2289,.T.);
#6356=EDGE_CURVE('',#5124,#4726,#2290,.T.);
#6357=EDGE_CURVE('',#5125,#4727,#2291,.T.);
#6358=EDGE_CURVE('',#4730,#5126,#2292,.T.);
#6359=EDGE_CURVE('',#5126,#5125,#2293,.T.);
#6360=EDGE_CURVE('',#4719,#5125,#2294,.T.);
#6361=EDGE_CURVE('',#5126,#4720,#2295,.T.);
#6362=EDGE_CURVE('',#5127,#4721,#2296,.T.);
#6363=EDGE_CURVE('',#4724,#5128,#2297,.T.);
#6364=EDGE_CURVE('',#5128,#5127,#2298,.T.);
#6365=EDGE_CURVE('',#4713,#5127,#2299,.T.);
#6366=EDGE_CURVE('',#5128,#4714,#2300,.T.);
#6367=EDGE_CURVE('',#5129,#4715,#2301,.T.);
#6368=EDGE_CURVE('',#4718,#5130,#2302,.T.);
#6369=EDGE_CURVE('',#5130,#5129,#2303,.T.);
#6370=EDGE_CURVE('',#4704,#5129,#2304,.T.);
#6371=EDGE_CURVE('',#5130,#4705,#2305,.T.);
#6372=EDGE_CURVE('',#4701,#4707,#2306,.T.);
#6373=EDGE_CURVE('',#4710,#4702,#2307,.T.);
#6374=EDGE_CURVE('',#5131,#4703,#2308,.T.);
#6375=EDGE_CURVE('',#4706,#5132,#2309,.T.);
#6376=EDGE_CURVE('',#5132,#5131,#2310,.T.);
#6377=EDGE_CURVE('',#5133,#5131,#2311,.T.);
#6378=EDGE_CURVE('',#5132,#5134,#2312,.T.);
#6379=EDGE_CURVE('',#5134,#5133,#2313,.T.);
#6380=EDGE_CURVE('',#4692,#5133,#2314,.T.);
#6381=EDGE_CURVE('',#5134,#4693,#2315,.T.);
#6382=EDGE_CURVE('',#4689,#4695,#2316,.T.);
#6383=EDGE_CURVE('',#4698,#4690,#2317,.T.);
#6384=EDGE_CURVE('',#5135,#4691,#2318,.T.);
#6385=EDGE_CURVE('',#4694,#5136,#2319,.T.);
#6386=EDGE_CURVE('',#5136,#5135,#2320,.T.);
#6387=EDGE_CURVE('',#5137,#5135,#2321,.T.);
#6388=EDGE_CURVE('',#5136,#5138,#2322,.T.);
#6389=EDGE_CURVE('',#5138,#5137,#2323,.T.);
#6390=EDGE_CURVE('',#4683,#5137,#2324,.T.);
#6391=EDGE_CURVE('',#5138,#4684,#2325,.T.);
#6392=EDGE_CURVE('',#5139,#4685,#2326,.T.);
#6393=EDGE_CURVE('',#4688,#5140,#2327,.T.);
#6394=EDGE_CURVE('',#5140,#5139,#2328,.T.);
#6395=EDGE_CURVE('',#4677,#5139,#2329,.T.);
#6396=EDGE_CURVE('',#5140,#4678,#2330,.T.);
#6397=EDGE_CURVE('',#5141,#4679,#2331,.T.);
#6398=EDGE_CURVE('',#4682,#5142,#2332,.T.);
#6399=EDGE_CURVE('',#5142,#5141,#2333,.T.);
#6400=EDGE_CURVE('',#4671,#5141,#2334,.T.);
#6401=EDGE_CURVE('',#5142,#4672,#2335,.T.);
#6402=EDGE_CURVE('',#5143,#4673,#2336,.T.);
#6403=EDGE_CURVE('',#4676,#5144,#2337,.T.);
#6404=EDGE_CURVE('',#5144,#5143,#2338,.T.);
#6405=EDGE_CURVE('',#4665,#5143,#2339,.T.);
#6406=EDGE_CURVE('',#5144,#4666,#2340,.T.);
#6407=EDGE_CURVE('',#5145,#4667,#2341,.T.);
#6408=EDGE_CURVE('',#4670,#5146,#2342,.T.);
#6409=EDGE_CURVE('',#5146,#5145,#2343,.T.);
#6410=EDGE_CURVE('',#4659,#5145,#2344,.T.);
#6411=EDGE_CURVE('',#5146,#4660,#2345,.T.);
#6412=EDGE_CURVE('',#5147,#4661,#2346,.T.);
#6413=EDGE_CURVE('',#4664,#5148,#2347,.T.);
#6414=EDGE_CURVE('',#5148,#5147,#2348,.T.);
#6415=EDGE_CURVE('',#4653,#5147,#2349,.T.);
#6416=EDGE_CURVE('',#5148,#4654,#2350,.T.);
#6417=EDGE_CURVE('',#5149,#4655,#2351,.T.);
#6418=EDGE_CURVE('',#4658,#5150,#2352,.T.);
#6419=EDGE_CURVE('',#5150,#5149,#2353,.T.);
#6420=EDGE_CURVE('',#4647,#5149,#2354,.T.);
#6421=EDGE_CURVE('',#5150,#4648,#2355,.T.);
#6422=EDGE_CURVE('',#5151,#4649,#2356,.T.);
#6423=EDGE_CURVE('',#4652,#5152,#2357,.T.);
#6424=EDGE_CURVE('',#5152,#5151,#2358,.T.);
#6425=EDGE_CURVE('',#4641,#5151,#2359,.T.);
#6426=EDGE_CURVE('',#5152,#4642,#2360,.T.);
#6427=EDGE_CURVE('',#5153,#4643,#2361,.T.);
#6428=EDGE_CURVE('',#4646,#5154,#2362,.T.);
#6429=EDGE_CURVE('',#5154,#5153,#2363,.T.);
#6430=EDGE_CURVE('',#4632,#5153,#2364,.T.);
#6431=EDGE_CURVE('',#5154,#4633,#2365,.T.);
#6432=EDGE_CURVE('',#4629,#4635,#2366,.T.);
#6433=EDGE_CURVE('',#4638,#4630,#2367,.T.);
#6434=EDGE_CURVE('',#5155,#4631,#2368,.T.);
#6435=EDGE_CURVE('',#4634,#5156,#2369,.T.);
#6436=EDGE_CURVE('',#5156,#5155,#2370,.T.);
#6437=EDGE_CURVE('',#5157,#5155,#2371,.T.);
#6438=EDGE_CURVE('',#5156,#5158,#2372,.T.);
#6439=EDGE_CURVE('',#5158,#5157,#2373,.T.);
#6440=EDGE_CURVE('',#4620,#5157,#2374,.T.);
#6441=EDGE_CURVE('',#5158,#4621,#2375,.T.);
#6442=EDGE_CURVE('',#4617,#4623,#2376,.T.);
#6443=EDGE_CURVE('',#4626,#4618,#2377,.T.);
#6444=EDGE_CURVE('',#5159,#4619,#2378,.T.);
#6445=EDGE_CURVE('',#4622,#5160,#2379,.T.);
#6446=EDGE_CURVE('',#5160,#5159,#2380,.T.);
#6447=EDGE_CURVE('',#5161,#5159,#2381,.T.);
#6448=EDGE_CURVE('',#5160,#5162,#2382,.T.);
#6449=EDGE_CURVE('',#5162,#5161,#2383,.T.);
#6450=EDGE_CURVE('',#5163,#5164,#2384,.T.);
#6451=EDGE_CURVE('',#5164,#4615,#60,.T.);
#6452=EDGE_CURVE('',#4614,#5163,#61,.T.);
#6453=EDGE_CURVE('',#5165,#5166,#2385,.T.);
#6454=EDGE_CURVE('',#5166,#5164,#2386,.T.);
#6455=EDGE_CURVE('',#5163,#5165,#2387,.T.);
#6456=EDGE_CURVE('',#5167,#5168,#2388,.T.);
#6457=EDGE_CURVE('',#5168,#5166,#62,.T.);
#6458=EDGE_CURVE('',#5165,#5167,#63,.T.);
#6459=EDGE_CURVE('',#5169,#5168,#2389,.T.);
#6460=EDGE_CURVE('',#5167,#5170,#2390,.T.);
#6461=EDGE_CURVE('',#5170,#5169,#2391,.T.);
#6462=EDGE_CURVE('',#4610,#5161,#2392,.T.);
#6463=EDGE_CURVE('',#5162,#4611,#2393,.T.);
#6464=EDGE_CURVE('',#4608,#5171,#2394,.T.);
#6465=EDGE_CURVE('',#5171,#5172,#2395,.T.);
#6466=EDGE_CURVE('',#5172,#4605,#2396,.T.);
#6467=EDGE_CURVE('',#5171,#5173,#64,.T.);
#6468=EDGE_CURVE('',#5173,#5174,#2397,.T.);
#6469=EDGE_CURVE('',#5174,#5172,#65,.T.);
#6470=EDGE_CURVE('',#5175,#5176,#2398,.T.);
#6471=EDGE_CURVE('',#5176,#5174,#2399,.T.);
#6472=EDGE_CURVE('',#5173,#5175,#2400,.T.);
#6473=EDGE_CURVE('',#5175,#5177,#66,.T.);
#6474=EDGE_CURVE('',#5177,#5178,#2401,.T.);
#6475=EDGE_CURVE('',#5178,#5176,#67,.T.);
#6476=EDGE_CURVE('',#5170,#5178,#2402,.T.);
#6477=EDGE_CURVE('',#5177,#5169,#2403,.T.);
#6478=EDGE_CURVE('',#5179,#5180,#2404,.T.);
#6479=EDGE_CURVE('',#5180,#4607,#68,.T.);
#6480=EDGE_CURVE('',#4606,#5179,#69,.T.);
#6481=EDGE_CURVE('',#5181,#5182,#2405,.T.);
#6482=EDGE_CURVE('',#5182,#5180,#2406,.T.);
#6483=EDGE_CURVE('',#5179,#5181,#2407,.T.);
#6484=EDGE_CURVE('',#5183,#5184,#2408,.T.);
#6485=EDGE_CURVE('',#5184,#5182,#70,.T.);
#6486=EDGE_CURVE('',#5181,#5183,#71,.T.);
#6487=EDGE_CURVE('',#4612,#5184,#2409,.T.);
#6488=EDGE_CURVE('',#5183,#4609,#2410,.T.);
#6489=EDGE_CURVE('',#5185,#4607,#2411,.T.);
#6490=EDGE_CURVE('',#5186,#5185,#2412,.T.);
#6491=EDGE_CURVE('',#5186,#4608,#2413,.T.);
#6492=EDGE_CURVE('',#5180,#5187,#2414,.T.);
#6493=EDGE_CURVE('',#5185,#5187,#72,.T.);
#6494=EDGE_CURVE('',#5188,#5182,#2415,.T.);
#6495=EDGE_CURVE('',#5189,#5188,#73,.T.);
#6496=EDGE_CURVE('',#5190,#5189,#2416,.T.);
#6497=EDGE_CURVE('',#5191,#5190,#74,.T.);
#6498=EDGE_CURVE('',#5192,#5191,#2417,.T.);
#6499=EDGE_CURVE('',#5187,#5192,#75,.T.);
#6500=EDGE_CURVE('',#5184,#5193,#2418,.T.);
#6501=EDGE_CURVE('',#5193,#5188,#76,.T.);
#6502=EDGE_CURVE('',#4612,#5194,#2419,.T.);
#6503=EDGE_CURVE('',#5193,#5194,#2420,.T.);
#6504=EDGE_CURVE('',#4611,#5195,#2421,.T.);
#6505=EDGE_CURVE('',#5196,#5195,#2422,.T.);
#6506=EDGE_CURVE('',#5197,#5196,#77,.T.);
#6507=EDGE_CURVE('',#5194,#5197,#78,.T.);
#6508=EDGE_CURVE('',#5198,#5162,#2423,.T.);
#6509=EDGE_CURVE('',#5195,#5198,#2424,.T.);
#6510=EDGE_CURVE('',#5199,#5160,#2425,.T.);
#6511=EDGE_CURVE('',#5200,#5199,#79,.T.);
#6512=EDGE_CURVE('',#5200,#5198,#2426,.T.);
#6513=EDGE_CURVE('',#4621,#5201,#2427,.T.);
#6514=EDGE_CURVE('',#5202,#5201,#2428,.T.);
#6515=EDGE_CURVE('',#4622,#5202,#2429,.T.);
#6516=EDGE_CURVE('',#5203,#5158,#2430,.T.);
#6517=EDGE_CURVE('',#5201,#5203,#2431,.T.);
#6518=EDGE_CURVE('',#5204,#5156,#2432,.T.);
#6519=EDGE_CURVE('',#5204,#5203,#2433,.T.);
#6520=EDGE_CURVE('',#5202,#5204,#2434,.T.);
#6521=EDGE_CURVE('',#4634,#5205,#2435,.T.);
#6522=EDGE_CURVE('',#5199,#5205,#2436,.T.);
#6523=EDGE_CURVE('',#4633,#5206,#2437,.T.);
#6524=EDGE_CURVE('',#5207,#5206,#2438,.T.);
#6525=EDGE_CURVE('',#5205,#5207,#80,.T.);
#6526=EDGE_CURVE('',#5208,#5154,#2439,.T.);
#6527=EDGE_CURVE('',#5206,#5208,#2440,.T.);
#6528=EDGE_CURVE('',#5209,#4646,#2441,.T.);
#6529=EDGE_CURVE('',#5210,#5209,#81,.T.);
#6530=EDGE_CURVE('',#5210,#5208,#2442,.T.);
#6531=EDGE_CURVE('',#4648,#5211,#2443,.T.);
#6532=EDGE_CURVE('',#5212,#5211,#2444,.T.);
#6533=EDGE_CURVE('',#4645,#5212,#2445,.T.);
#6534=EDGE_CURVE('',#5213,#5150,#2446,.T.);
#6535=EDGE_CURVE('',#5211,#5213,#2447,.T.);
#6536=EDGE_CURVE('',#5214,#4658,#2448,.T.);
#6537=EDGE_CURVE('',#5214,#5213,#2449,.T.);
#6538=EDGE_CURVE('',#5212,#5214,#2450,.T.);
#6539=EDGE_CURVE('',#4657,#5215,#2451,.T.);
#6540=EDGE_CURVE('',#5209,#5215,#2452,.T.);
#6541=EDGE_CURVE('',#4660,#5216,#2453,.T.);
#6542=EDGE_CURVE('',#5217,#5216,#2454,.T.);
#6543=EDGE_CURVE('',#5215,#5217,#82,.T.);
#6544=EDGE_CURVE('',#5218,#5146,#2455,.T.);
#6545=EDGE_CURVE('',#5216,#5218,#2456,.T.);
#6546=EDGE_CURVE('',#5219,#4670,#2457,.T.);
#6547=EDGE_CURVE('',#5220,#5219,#83,.T.);
#6548=EDGE_CURVE('',#5220,#5218,#2458,.T.);
#6549=EDGE_CURVE('',#4672,#5221,#2459,.T.);
#6550=EDGE_CURVE('',#5222,#5221,#2460,.T.);
#6551=EDGE_CURVE('',#4669,#5222,#2461,.T.);
#6552=EDGE_CURVE('',#5223,#5142,#2462,.T.);
#6553=EDGE_CURVE('',#5221,#5223,#2463,.T.);
#6554=EDGE_CURVE('',#5224,#4682,#2464,.T.);
#6555=EDGE_CURVE('',#5224,#5223,#2465,.T.);
#6556=EDGE_CURVE('',#5222,#5224,#2466,.T.);
#6557=EDGE_CURVE('',#4681,#5225,#2467,.T.);
#6558=EDGE_CURVE('',#5219,#5225,#2468,.T.);
#6559=EDGE_CURVE('',#4684,#5226,#2469,.T.);
#6560=EDGE_CURVE('',#5227,#5226,#2470,.T.);
#6561=EDGE_CURVE('',#5225,#5227,#84,.T.);
#6562=EDGE_CURVE('',#5228,#5138,#2471,.T.);
#6563=EDGE_CURVE('',#5226,#5228,#2472,.T.);
#6564=EDGE_CURVE('',#5229,#5136,#2473,.T.);
#6565=EDGE_CURVE('',#5230,#5229,#85,.T.);
#6566=EDGE_CURVE('',#5230,#5228,#2474,.T.);
#6567=EDGE_CURVE('',#4693,#5231,#2475,.T.);
#6568=EDGE_CURVE('',#5232,#5231,#2476,.T.);
#6569=EDGE_CURVE('',#4694,#5232,#2477,.T.);
#6570=EDGE_CURVE('',#5233,#5134,#2478,.T.);
#6571=EDGE_CURVE('',#5231,#5233,#2479,.T.);
#6572=EDGE_CURVE('',#5234,#5132,#2480,.T.);
#6573=EDGE_CURVE('',#5234,#5233,#2481,.T.);
#6574=EDGE_CURVE('',#5232,#5234,#2482,.T.);
#6575=EDGE_CURVE('',#4706,#5235,#2483,.T.);
#6576=EDGE_CURVE('',#5229,#5235,#2484,.T.);
#6577=EDGE_CURVE('',#4705,#5236,#2485,.T.);
#6578=EDGE_CURVE('',#5237,#5236,#2486,.T.);
#6579=EDGE_CURVE('',#5235,#5237,#86,.T.);
#6580=EDGE_CURVE('',#5238,#5130,#2487,.T.);
#6581=EDGE_CURVE('',#5236,#5238,#2488,.T.);
#6582=EDGE_CURVE('',#5239,#4718,#2489,.T.);
#6583=EDGE_CURVE('',#5240,#5239,#87,.T.);
#6584=EDGE_CURVE('',#5240,#5238,#2490,.T.);
#6585=EDGE_CURVE('',#4720,#5241,#2491,.T.);
#6586=EDGE_CURVE('',#5242,#5241,#2492,.T.);
#6587=EDGE_CURVE('',#4717,#5242,#2493,.T.);
#6588=EDGE_CURVE('',#5243,#5126,#2494,.T.);
#6589=EDGE_CURVE('',#5241,#5243,#2495,.T.);
#6590=EDGE_CURVE('',#5244,#4730,#2496,.T.);
#6591=EDGE_CURVE('',#5244,#5243,#2497,.T.);
#6592=EDGE_CURVE('',#5242,#5244,#2498,.T.);
#6593=EDGE_CURVE('',#4729,#5245,#2499,.T.);
#6594=EDGE_CURVE('',#5239,#5245,#2500,.T.);
#6595=EDGE_CURVE('',#4732,#5246,#2501,.T.);
#6596=EDGE_CURVE('',#5247,#5246,#2502,.T.);
#6597=EDGE_CURVE('',#5245,#5247,#88,.T.);
#6598=EDGE_CURVE('',#5248,#5122,#2503,.T.);
#6599=EDGE_CURVE('',#5246,#5248,#2504,.T.);
#6600=EDGE_CURVE('',#5249,#4742,#2505,.T.);
#6601=EDGE_CURVE('',#5250,#5249,#89,.T.);
#6602=EDGE_CURVE('',#5250,#5248,#2506,.T.);
#6603=EDGE_CURVE('',#4744,#5251,#2507,.T.);
#6604=EDGE_CURVE('',#5252,#5251,#2508,.T.);
#6605=EDGE_CURVE('',#4741,#5252,#2509,.T.);
#6606=EDGE_CURVE('',#5253,#5118,#2510,.T.);
#6607=EDGE_CURVE('',#5251,#5253,#2511,.T.);
#6608=EDGE_CURVE('',#5254,#4754,#2512,.T.);
#6609=EDGE_CURVE('',#5254,#5253,#2513,.T.);
#6610=EDGE_CURVE('',#5252,#5254,#2514,.T.);
#6611=EDGE_CURVE('',#4753,#5255,#2515,.T.);
#6612=EDGE_CURVE('',#5249,#5255,#2516,.T.);
#6613=EDGE_CURVE('',#4756,#5256,#2517,.T.);
#6614=EDGE_CURVE('',#5257,#5256,#2518,.T.);
#6615=EDGE_CURVE('',#5255,#5257,#90,.T.);
#6616=EDGE_CURVE('',#5258,#5114,#2519,.T.);
#6617=EDGE_CURVE('',#5256,#5258,#2520,.T.);
#6618=EDGE_CURVE('',#5259,#5112,#2521,.T.);
#6619=EDGE_CURVE('',#5260,#5259,#91,.T.);
#6620=EDGE_CURVE('',#5260,#5258,#2522,.T.);
#6621=EDGE_CURVE('',#4765,#5261,#2523,.T.);
#6622=EDGE_CURVE('',#5262,#5261,#2524,.T.);
#6623=EDGE_CURVE('',#4766,#5262,#2525,.T.);
#6624=EDGE_CURVE('',#5263,#5110,#2526,.T.);
#6625=EDGE_CURVE('',#5261,#5263,#2527,.T.);
#6626=EDGE_CURVE('',#5264,#5108,#2528,.T.);
#6627=EDGE_CURVE('',#5264,#5263,#2529,.T.);
#6628=EDGE_CURVE('',#5262,#5264,#2530,.T.);
#6629=EDGE_CURVE('',#4778,#5265,#2531,.T.);
#6630=EDGE_CURVE('',#5259,#5265,#2532,.T.);
#6631=EDGE_CURVE('',#4777,#5266,#2533,.T.);
#6632=EDGE_CURVE('',#5267,#5266,#2534,.T.);
#6633=EDGE_CURVE('',#5265,#5267,#92,.T.);
#6634=EDGE_CURVE('',#5268,#5106,#2535,.T.);
#6635=EDGE_CURVE('',#5266,#5268,#2536,.T.);
#6636=EDGE_CURVE('',#5269,#4790,#2537,.T.);
#6637=EDGE_CURVE('',#5270,#5269,#93,.T.);
#6638=EDGE_CURVE('',#5270,#5268,#2538,.T.);
#6639=EDGE_CURVE('',#4792,#5271,#2539,.T.);
#6640=EDGE_CURVE('',#5272,#5271,#2540,.T.);
#6641=EDGE_CURVE('',#4789,#5272,#2541,.T.);
#6642=EDGE_CURVE('',#5273,#5102,#2542,.T.);
#6643=EDGE_CURVE('',#5271,#5273,#2543,.T.);
#6644=EDGE_CURVE('',#5274,#4802,#2544,.T.);
#6645=EDGE_CURVE('',#5274,#5273,#2545,.T.);
#6646=EDGE_CURVE('',#5272,#5274,#2546,.T.);
#6647=EDGE_CURVE('',#4801,#5275,#2547,.T.);
#6648=EDGE_CURVE('',#5269,#5275,#2548,.T.);
#6649=EDGE_CURVE('',#4804,#5276,#2549,.T.);
#6650=EDGE_CURVE('',#5277,#5276,#2550,.T.);
#6651=EDGE_CURVE('',#5275,#5277,#94,.T.);
#6652=EDGE_CURVE('',#5278,#5098,#2551,.T.);
#6653=EDGE_CURVE('',#5276,#5278,#2552,.T.);
#6654=EDGE_CURVE('',#5279,#4814,#2553,.T.);
#6655=EDGE_CURVE('',#5280,#5279,#95,.T.);
#6656=EDGE_CURVE('',#5280,#5278,#2554,.T.);
#6657=EDGE_CURVE('',#4816,#5281,#2555,.T.);
#6658=EDGE_CURVE('',#5282,#5281,#2556,.T.);
#6659=EDGE_CURVE('',#4813,#5282,#2557,.T.);
#6660=EDGE_CURVE('',#5283,#5094,#2558,.T.);
#6661=EDGE_CURVE('',#5281,#5283,#2559,.T.);
#6662=EDGE_CURVE('',#5284,#4826,#2560,.T.);
#6663=EDGE_CURVE('',#5284,#5283,#2561,.T.);
#6664=EDGE_CURVE('',#5282,#5284,#2562,.T.);
#6665=EDGE_CURVE('',#4825,#5285,#2563,.T.);
#6666=EDGE_CURVE('',#5279,#5285,#2564,.T.);
#6667=EDGE_CURVE('',#4828,#5286,#2565,.T.);
#6668=EDGE_CURVE('',#5287,#5286,#2566,.T.);
#6669=EDGE_CURVE('',#5285,#5287,#96,.T.);
#6670=EDGE_CURVE('',#5288,#5090,#2567,.T.);
#6671=EDGE_CURVE('',#5286,#5288,#2568,.T.);
#6672=EDGE_CURVE('',#5289,#5088,#2569,.T.);
#6673=EDGE_CURVE('',#5290,#5289,#97,.T.);
#6674=EDGE_CURVE('',#5290,#5288,#2570,.T.);
#6675=EDGE_CURVE('',#4837,#5291,#2571,.T.);
#6676=EDGE_CURVE('',#5292,#5291,#2572,.T.);
#6677=EDGE_CURVE('',#4838,#5292,#2573,.T.);
#6678=EDGE_CURVE('',#5293,#5086,#2574,.T.);
#6679=EDGE_CURVE('',#5291,#5293,#2575,.T.);
#6680=EDGE_CURVE('',#5294,#5084,#2576,.T.);
#6681=EDGE_CURVE('',#5294,#5293,#2577,.T.);
#6682=EDGE_CURVE('',#5292,#5294,#2578,.T.);
#6683=EDGE_CURVE('',#4850,#5295,#2579,.T.);
#6684=EDGE_CURVE('',#5289,#5295,#2580,.T.);
#6685=EDGE_CURVE('',#4849,#5296,#2581,.T.);
#6686=EDGE_CURVE('',#5297,#5296,#2582,.T.);
#6687=EDGE_CURVE('',#5295,#5297,#98,.T.);
#6688=EDGE_CURVE('',#5298,#5082,#2583,.T.);
#6689=EDGE_CURVE('',#5296,#5298,#2584,.T.);
#6690=EDGE_CURVE('',#5299,#4862,#2585,.T.);
#6691=EDGE_CURVE('',#5300,#5299,#99,.T.);
#6692=EDGE_CURVE('',#5300,#5298,#2586,.T.);
#6693=EDGE_CURVE('',#4864,#5301,#2587,.T.);
#6694=EDGE_CURVE('',#5302,#5301,#2588,.T.);
#6695=EDGE_CURVE('',#4861,#5302,#2589,.T.);
#6696=EDGE_CURVE('',#5303,#5078,#2590,.T.);
#6697=EDGE_CURVE('',#5301,#5303,#2591,.T.);
#6698=EDGE_CURVE('',#5304,#4874,#2592,.T.);
#6699=EDGE_CURVE('',#5304,#5303,#2593,.T.);
#6700=EDGE_CURVE('',#5302,#5304,#2594,.T.);
#6701=EDGE_CURVE('',#4873,#5305,#2595,.T.);
#6702=EDGE_CURVE('',#5299,#5305,#2596,.T.);
#6703=EDGE_CURVE('',#4876,#5306,#2597,.T.);
#6704=EDGE_CURVE('',#5307,#5306,#2598,.T.);
#6705=EDGE_CURVE('',#5305,#5307,#100,.T.);
#6706=EDGE_CURVE('',#5308,#5074,#2599,.T.);
#6707=EDGE_CURVE('',#5306,#5308,#2600,.T.);
#6708=EDGE_CURVE('',#5309,#4886,#2601,.T.);
#6709=EDGE_CURVE('',#5310,#5309,#101,.T.);
#6710=EDGE_CURVE('',#5310,#5308,#2602,.T.);
#6711=EDGE_CURVE('',#4888,#5311,#2603,.T.);
#6712=EDGE_CURVE('',#5312,#5311,#2604,.T.);
#6713=EDGE_CURVE('',#4885,#5312,#2605,.T.);
#6714=EDGE_CURVE('',#5313,#5070,#2606,.T.);
#6715=EDGE_CURVE('',#5311,#5313,#2607,.T.);
#6716=EDGE_CURVE('',#5314,#4898,#2608,.T.);
#6717=EDGE_CURVE('',#5314,#5313,#2609,.T.);
#6718=EDGE_CURVE('',#5312,#5314,#2610,.T.);
#6719=EDGE_CURVE('',#4897,#5315,#2611,.T.);
#6720=EDGE_CURVE('',#5309,#5315,#2612,.T.);
#6721=EDGE_CURVE('',#4900,#5316,#2613,.T.);
#6722=EDGE_CURVE('',#5317,#5316,#2614,.T.);
#6723=EDGE_CURVE('',#5315,#5317,#102,.T.);
#6724=EDGE_CURVE('',#5318,#5066,#2615,.T.);
#6725=EDGE_CURVE('',#5316,#5318,#2616,.T.);
#6726=EDGE_CURVE('',#5319,#5064,#2617,.T.);
#6727=EDGE_CURVE('',#5320,#5319,#103,.T.);
#6728=EDGE_CURVE('',#5320,#5318,#2618,.T.);
#6729=EDGE_CURVE('',#4909,#5321,#2619,.T.);
#6730=EDGE_CURVE('',#5322,#5321,#2620,.T.);
#6731=EDGE_CURVE('',#4910,#5322,#2621,.T.);
#6732=EDGE_CURVE('',#5323,#5062,#2622,.T.);
#6733=EDGE_CURVE('',#5321,#5323,#2623,.T.);
#6734=EDGE_CURVE('',#5324,#5060,#2624,.T.);
#6735=EDGE_CURVE('',#5324,#5323,#2625,.T.);
#6736=EDGE_CURVE('',#5322,#5324,#2626,.T.);
#6737=EDGE_CURVE('',#4922,#5325,#2627,.T.);
#6738=EDGE_CURVE('',#5319,#5325,#2628,.T.);
#6739=EDGE_CURVE('',#4921,#5326,#2629,.T.);
#6740=EDGE_CURVE('',#5327,#5326,#2630,.T.);
#6741=EDGE_CURVE('',#5325,#5327,#104,.T.);
#6742=EDGE_CURVE('',#5328,#5058,#2631,.T.);
#6743=EDGE_CURVE('',#5326,#5328,#2632,.T.);
#6744=EDGE_CURVE('',#5329,#4934,#2633,.T.);
#6745=EDGE_CURVE('',#5330,#5329,#105,.T.);
#6746=EDGE_CURVE('',#5330,#5328,#2634,.T.);
#6747=EDGE_CURVE('',#4936,#5331,#2635,.T.);
#6748=EDGE_CURVE('',#5332,#5331,#2636,.T.);
#6749=EDGE_CURVE('',#4933,#5332,#2637,.T.);
#6750=EDGE_CURVE('',#5333,#5054,#2638,.T.);
#6751=EDGE_CURVE('',#5331,#5333,#2639,.T.);
#6752=EDGE_CURVE('',#5334,#4946,#2640,.T.);
#6753=EDGE_CURVE('',#5334,#5333,#2641,.T.);
#6754=EDGE_CURVE('',#5332,#5334,#2642,.T.);
#6755=EDGE_CURVE('',#4945,#5335,#2643,.T.);
#6756=EDGE_CURVE('',#5329,#5335,#2644,.T.);
#6757=EDGE_CURVE('',#4948,#5336,#2645,.T.);
#6758=EDGE_CURVE('',#5337,#5336,#2646,.T.);
#6759=EDGE_CURVE('',#5335,#5337,#106,.T.);
#6760=EDGE_CURVE('',#5338,#5050,#2647,.T.);
#6761=EDGE_CURVE('',#5336,#5338,#2648,.T.);
#6762=EDGE_CURVE('',#5339,#4958,#2649,.T.);
#6763=EDGE_CURVE('',#5340,#5339,#107,.T.);
#6764=EDGE_CURVE('',#5340,#5338,#2650,.T.);
#6765=EDGE_CURVE('',#4960,#5341,#2651,.T.);
#6766=EDGE_CURVE('',#5342,#5341,#2652,.T.);
#6767=EDGE_CURVE('',#4957,#5342,#2653,.T.);
#6768=EDGE_CURVE('',#5343,#5046,#2654,.T.);
#6769=EDGE_CURVE('',#5341,#5343,#2655,.T.);
#6770=EDGE_CURVE('',#5344,#4970,#2656,.T.);
#6771=EDGE_CURVE('',#5344,#5343,#2657,.T.);
#6772=EDGE_CURVE('',#5342,#5344,#2658,.T.);
#6773=EDGE_CURVE('',#4969,#5345,#2659,.T.);
#6774=EDGE_CURVE('',#5339,#5345,#2660,.T.);
#6775=EDGE_CURVE('',#4972,#5346,#2661,.T.);
#6776=EDGE_CURVE('',#5347,#5346,#2662,.T.);
#6777=EDGE_CURVE('',#5345,#5347,#108,.T.);
#6778=EDGE_CURVE('',#5348,#5042,#2663,.T.);
#6779=EDGE_CURVE('',#5346,#5348,#2664,.T.);
#6780=EDGE_CURVE('',#5349,#5040,#2665,.T.);
#6781=EDGE_CURVE('',#5350,#5349,#109,.T.);
#6782=EDGE_CURVE('',#5350,#5348,#2666,.T.);
#6783=EDGE_CURVE('',#4981,#5351,#2667,.T.);
#6784=EDGE_CURVE('',#5352,#5351,#2668,.T.);
#6785=EDGE_CURVE('',#4982,#5352,#2669,.T.);
#6786=EDGE_CURVE('',#5353,#5038,#2670,.T.);
#6787=EDGE_CURVE('',#5351,#5353,#2671,.T.);
#6788=EDGE_CURVE('',#5354,#5036,#2672,.T.);
#6789=EDGE_CURVE('',#5354,#5353,#2673,.T.);
#6790=EDGE_CURVE('',#5352,#5354,#2674,.T.);
#6791=EDGE_CURVE('',#4994,#5355,#2675,.T.);
#6792=EDGE_CURVE('',#5349,#5355,#2676,.T.);
#6793=EDGE_CURVE('',#4993,#5356,#2677,.T.);
#6794=EDGE_CURVE('',#5357,#5356,#2678,.T.);
#6795=EDGE_CURVE('',#5355,#5357,#110,.T.);
#6796=EDGE_CURVE('',#5358,#5034,#2679,.T.);
#6797=EDGE_CURVE('',#5356,#5358,#2680,.T.);
#6798=EDGE_CURVE('',#5359,#5006,#2681,.T.);
#6799=EDGE_CURVE('',#5360,#5359,#111,.T.);
#6800=EDGE_CURVE('',#5360,#5358,#2682,.T.);
#6801=EDGE_CURVE('',#5008,#5361,#2683,.T.);
#6802=EDGE_CURVE('',#5362,#5361,#2684,.T.);
#6803=EDGE_CURVE('',#5005,#5362,#2685,.T.);
#6804=EDGE_CURVE('',#5363,#5030,#2686,.T.);
#6805=EDGE_CURVE('',#5361,#5363,#2687,.T.);
#6806=EDGE_CURVE('',#5364,#5018,#2688,.T.);
#6807=EDGE_CURVE('',#5364,#5363,#2689,.T.);
#6808=EDGE_CURVE('',#5362,#5364,#2690,.T.);
#6809=EDGE_CURVE('',#5017,#5365,#2691,.T.);
#6810=EDGE_CURVE('',#5359,#5365,#2692,.T.);
#6811=EDGE_CURVE('',#5020,#5366,#2693,.T.);
#6812=EDGE_CURVE('',#5367,#5366,#2694,.T.);
#6813=EDGE_CURVE('',#5365,#5367,#112,.T.);
#6814=EDGE_CURVE('',#5368,#5026,#2695,.T.);
#6815=EDGE_CURVE('',#5369,#5368,#2696,.T.);
#6816=EDGE_CURVE('',#5370,#5369,#2697,.T.);
#6817=EDGE_CURVE('',#5371,#5370,#2698,.T.);
#6818=EDGE_CURVE('',#5372,#5371,#2699,.T.);
#6819=EDGE_CURVE('',#5373,#5372,#2700,.T.);
#6820=EDGE_CURVE('',#5374,#5373,#2701,.T.);
#6821=EDGE_CURVE('',#5375,#5374,#2702,.T.);
#6822=EDGE_CURVE('',#5376,#5375,#2703,.T.);
#6823=EDGE_CURVE('',#5366,#5376,#2704,.T.);
#6824=EDGE_CURVE('',#5377,#5022,#2705,.T.);
#6825=EDGE_CURVE('',#5378,#5377,#113,.T.);
#6826=EDGE_CURVE('',#5378,#5368,#2706,.T.);
#6827=EDGE_CURVE('',#5379,#5379,#114,.T.);
#6828=EDGE_CURVE('',#5379,#5380,#2707,.T.);
#6829=EDGE_CURVE('',#5380,#5380,#115,.T.);
#6830=EDGE_CURVE('',#5380,#5381,#2708,.T.);
#6831=EDGE_CURVE('',#5381,#5381,#116,.T.);
#6832=EDGE_CURVE('',#5382,#5371,#2709,.T.);
#6833=EDGE_CURVE('',#5383,#5370,#2710,.T.);
#6834=EDGE_CURVE('',#5382,#5383,#2711,.T.);
#6835=EDGE_CURVE('',#5196,#5384,#29,.T.);
#6836=EDGE_CURVE('',#5384,#5200,#2712,.T.);
#6837=EDGE_CURVE('',#5384,#5385,#117,.T.);
#6838=EDGE_CURVE('',#5386,#5385,#118,.T.);
#6839=EDGE_CURVE('',#5386,#5387,#119,.T.);
#6840=EDGE_CURVE('',#5197,#5387,#30,.T.);
#6841=EDGE_CURVE('',#5207,#5210,#2713,.T.);
#6842=EDGE_CURVE('',#5217,#5220,#2714,.T.);
#6843=EDGE_CURVE('',#5227,#5230,#2715,.T.);
#6844=EDGE_CURVE('',#5237,#5240,#2716,.T.);
#6845=EDGE_CURVE('',#5247,#5250,#2717,.T.);
#6846=EDGE_CURVE('',#5257,#5260,#2718,.T.);
#6847=EDGE_CURVE('',#5267,#5270,#2719,.T.);
#6848=EDGE_CURVE('',#5277,#5280,#2720,.T.);
#6849=EDGE_CURVE('',#5287,#5290,#2721,.T.);
#6850=EDGE_CURVE('',#5297,#5300,#2722,.T.);
#6851=EDGE_CURVE('',#5307,#5310,#2723,.T.);
#6852=EDGE_CURVE('',#5317,#5320,#2724,.T.);
#6853=EDGE_CURVE('',#5327,#5330,#2725,.T.);
#6854=EDGE_CURVE('',#5337,#5340,#2726,.T.);
#6855=EDGE_CURVE('',#5347,#5350,#2727,.T.);
#6856=EDGE_CURVE('',#5357,#5360,#2728,.T.);
#6857=EDGE_CURVE('',#5367,#5388,#2729,.T.);
#6858=EDGE_CURVE('',#5388,#5389,#120,.T.);
#6859=EDGE_CURVE('',#5389,#5390,#2730,.T.);
#6860=EDGE_CURVE('',#5390,#5391,#121,.T.);
#6861=EDGE_CURVE('',#5391,#5392,#2731,.T.);
#6862=EDGE_CURVE('',#5392,#5393,#122,.T.);
#6863=EDGE_CURVE('',#5393,#5394,#2732,.T.);
#6864=EDGE_CURVE('',#5394,#5395,#123,.T.);
#6865=EDGE_CURVE('',#5395,#5378,#2733,.T.);
#6866=EDGE_CURVE('',#5377,#5396,#2734,.T.);
#6867=EDGE_CURVE('',#5396,#5397,#124,.T.);
#6868=EDGE_CURVE('',#5397,#5398,#2735,.T.);
#6869=EDGE_CURVE('',#5398,#5399,#125,.T.);
#6870=EDGE_CURVE('',#5399,#5400,#2736,.T.);
#6871=EDGE_CURVE('',#5400,#5401,#126,.T.);
#6872=EDGE_CURVE('',#5401,#5402,#2737,.T.);
#6873=EDGE_CURVE('',#5402,#5403,#127,.T.);
#6874=EDGE_CURVE('',#5403,#5404,#2738,.T.);
#6875=EDGE_CURVE('',#5404,#5405,#128,.T.);
#6876=EDGE_CURVE('',#5405,#5406,#2739,.T.);
#6877=EDGE_CURVE('',#5406,#5407,#129,.T.);
#6878=EDGE_CURVE('',#5407,#5408,#2740,.T.);
#6879=EDGE_CURVE('',#5408,#5409,#130,.T.);
#6880=EDGE_CURVE('',#5409,#5410,#2741,.T.);
#6881=EDGE_CURVE('',#5410,#5411,#131,.T.);
#6882=EDGE_CURVE('',#5411,#5412,#2742,.T.);
#6883=EDGE_CURVE('',#5412,#5413,#132,.T.);
#6884=EDGE_CURVE('',#5413,#5414,#2743,.T.);
#6885=EDGE_CURVE('',#5414,#5415,#133,.T.);
#6886=EDGE_CURVE('',#5415,#5416,#2744,.T.);
#6887=EDGE_CURVE('',#5416,#5417,#134,.T.);
#6888=EDGE_CURVE('',#5417,#5418,#2745,.T.);
#6889=EDGE_CURVE('',#5418,#5419,#135,.T.);
#6890=EDGE_CURVE('',#5419,#5420,#2746,.T.);
#6891=EDGE_CURVE('',#5420,#5421,#136,.T.);
#6892=EDGE_CURVE('',#5421,#5422,#2747,.T.);
#6893=EDGE_CURVE('',#5422,#5423,#137,.T.);
#6894=EDGE_CURVE('',#5423,#5424,#2748,.T.);
#6895=EDGE_CURVE('',#5424,#5425,#138,.T.);
#6896=EDGE_CURVE('',#5425,#5426,#2749,.T.);
#6897=EDGE_CURVE('',#5426,#5427,#139,.T.);
#6898=EDGE_CURVE('',#5427,#5428,#2750,.T.);
#6899=EDGE_CURVE('',#5428,#5429,#140,.T.);
#6900=EDGE_CURVE('',#5429,#5430,#2751,.T.);
#6901=EDGE_CURVE('',#5430,#5431,#141,.T.);
#6902=EDGE_CURVE('',#5431,#5432,#2752,.T.);
#6903=EDGE_CURVE('',#5432,#5433,#142,.T.);
#6904=EDGE_CURVE('',#5433,#5434,#2753,.T.);
#6905=EDGE_CURVE('',#5434,#5435,#143,.T.);
#6906=EDGE_CURVE('',#5435,#5436,#2754,.T.);
#6907=EDGE_CURVE('',#5436,#5437,#144,.T.);
#6908=EDGE_CURVE('',#5437,#5438,#2755,.T.);
#6909=EDGE_CURVE('',#5438,#5439,#145,.T.);
#6910=EDGE_CURVE('',#5439,#5440,#2756,.T.);
#6911=EDGE_CURVE('',#5440,#5441,#146,.T.);
#6912=EDGE_CURVE('',#5441,#5442,#2757,.T.);
#6913=EDGE_CURVE('',#5442,#5443,#147,.T.);
#6914=EDGE_CURVE('',#5443,#5444,#2758,.T.);
#6915=EDGE_CURVE('',#5444,#5445,#148,.T.);
#6916=EDGE_CURVE('',#5445,#5446,#2759,.T.);
#6917=EDGE_CURVE('',#5446,#5447,#149,.T.);
#6918=EDGE_CURVE('',#5447,#5448,#2760,.T.);
#6919=EDGE_CURVE('',#5448,#5449,#150,.T.);
#6920=EDGE_CURVE('',#5449,#5450,#2761,.T.);
#6921=EDGE_CURVE('',#5450,#5451,#151,.T.);
#6922=EDGE_CURVE('',#5451,#5452,#2762,.T.);
#6923=EDGE_CURVE('',#5452,#5453,#152,.T.);
#6924=EDGE_CURVE('',#5453,#5454,#2763,.T.);
#6925=EDGE_CURVE('',#5454,#5455,#153,.T.);
#6926=EDGE_CURVE('',#5455,#5456,#2764,.T.);
#6927=EDGE_CURVE('',#5456,#5457,#154,.T.);
#6928=EDGE_CURVE('',#5457,#5458,#2765,.T.);
#6929=EDGE_CURVE('',#5458,#5459,#155,.T.);
#6930=EDGE_CURVE('',#5459,#5460,#2766,.T.);
#6931=EDGE_CURVE('',#5461,#5460,#156,.T.);
#6932=EDGE_CURVE('',#5385,#5461,#2767,.T.);
#6933=EDGE_CURVE('',#5388,#5376,#2768,.T.);
#6934=EDGE_CURVE('',#5462,#5375,#2769,.T.);
#6935=EDGE_CURVE('',#5389,#5462,#2770,.T.);
#6936=EDGE_CURVE('',#5462,#5463,#2771,.T.);
#6937=EDGE_CURVE('',#5463,#5390,#2772,.T.);
#6938=EDGE_CURVE('',#5374,#5463,#2773,.T.);
#6939=EDGE_CURVE('',#5391,#5373,#2774,.T.);
#6940=EDGE_CURVE('',#5392,#5372,#2775,.T.);
#6941=EDGE_CURVE('',#5393,#5382,#2776,.T.);
#6942=EDGE_CURVE('',#5383,#5394,#2777,.T.);
#6943=EDGE_CURVE('',#5395,#5369,#2778,.T.);
#6944=EDGE_CURVE('',#5009,#5396,#2779,.T.);
#6945=EDGE_CURVE('',#5021,#5464,#2780,.T.);
#6946=EDGE_CURVE('',#5464,#5465,#2781,.T.);
#6947=EDGE_CURVE('',#5465,#5010,#2782,.T.);
#6948=EDGE_CURVE('',#5466,#5013,#2783,.T.);
#6949=EDGE_CURVE('',#5467,#5466,#2784,.T.);
#6950=EDGE_CURVE('',#5027,#5467,#2785,.T.);
#6951=EDGE_CURVE('',#5464,#5467,#2786,.T.);
#6952=EDGE_CURVE('',#5465,#5466,#2787,.T.);
#6953=EDGE_CURVE('',#5031,#5468,#2788,.T.);
#6954=EDGE_CURVE('',#5397,#5468,#2789,.T.);
#6955=EDGE_CURVE('',#5468,#5469,#2790,.T.);
#6956=EDGE_CURVE('',#5398,#5469,#2791,.T.);
#6957=EDGE_CURVE('',#5399,#4999,#2792,.T.);
#6958=EDGE_CURVE('',#5469,#5001,#2793,.T.);
#6959=EDGE_CURVE('',#4984,#5400,#2794,.T.);
#6960=EDGE_CURVE('',#4996,#5470,#2795,.T.);
#6961=EDGE_CURVE('',#5470,#5471,#2796,.T.);
#6962=EDGE_CURVE('',#5471,#4987,#2797,.T.);
#6963=EDGE_CURVE('',#5470,#5472,#2798,.T.);
#6964=EDGE_CURVE('',#5472,#5473,#2799,.T.);
#6965=EDGE_CURVE('',#5471,#5473,#2800,.T.);
#6966=EDGE_CURVE('',#4995,#5472,#2801,.T.);
#6967=EDGE_CURVE('',#5473,#4989,#2802,.T.);
#6968=EDGE_CURVE('',#5401,#5474,#2803,.T.);
#6969=EDGE_CURVE('',#5474,#5475,#2804,.T.);
#6970=EDGE_CURVE('',#5402,#5475,#2805,.T.);
#6971=EDGE_CURVE('',#5403,#4974,#2806,.T.);
#6972=EDGE_CURVE('',#5475,#4977,#2807,.T.);
#6973=EDGE_CURVE('',#4983,#5474,#2808,.T.);
#6974=EDGE_CURVE('',#4961,#5404,#2809,.T.);
#6975=EDGE_CURVE('',#4973,#5476,#2810,.T.);
#6976=EDGE_CURVE('',#5476,#5477,#2811,.T.);
#6977=EDGE_CURVE('',#5477,#4962,#2812,.T.);
#6978=EDGE_CURVE('',#5478,#4965,#2813,.T.);
#6979=EDGE_CURVE('',#5479,#5478,#2814,.T.);
#6980=EDGE_CURVE('',#5043,#5479,#2815,.T.);
#6981=EDGE_CURVE('',#5476,#5479,#2816,.T.);
#6982=EDGE_CURVE('',#5477,#5478,#2817,.T.);
#6983=EDGE_CURVE('',#5047,#5480,#2818,.T.);
#6984=EDGE_CURVE('',#5405,#5480,#2819,.T.);
#6985=EDGE_CURVE('',#5480,#5481,#2820,.T.);
#6986=EDGE_CURVE('',#5406,#5481,#2821,.T.);
#6987=EDGE_CURVE('',#5407,#4950,#2822,.T.);
#6988=EDGE_CURVE('',#5481,#4953,#2823,.T.);
#6989=EDGE_CURVE('',#4937,#5408,#2824,.T.);
#6990=EDGE_CURVE('',#4949,#5482,#2825,.T.);
#6991=EDGE_CURVE('',#5482,#5483,#2826,.T.);
#6992=EDGE_CURVE('',#5483,#4938,#2827,.T.);
#6993=EDGE_CURVE('',#5484,#4941,#2828,.T.);
#6994=EDGE_CURVE('',#5485,#5484,#2829,.T.);
#6995=EDGE_CURVE('',#5051,#5485,#2830,.T.);
#6996=EDGE_CURVE('',#5482,#5485,#2831,.T.);
#6997=EDGE_CURVE('',#5483,#5484,#2832,.T.);
#6998=EDGE_CURVE('',#5055,#5486,#2833,.T.);
#6999=EDGE_CURVE('',#5409,#5486,#2834,.T.);
#7000=EDGE_CURVE('',#5486,#5487,#2835,.T.);
#7001=EDGE_CURVE('',#5410,#5487,#2836,.T.);
#7002=EDGE_CURVE('',#5411,#4927,#2837,.T.);
#7003=EDGE_CURVE('',#5487,#4929,#2838,.T.);
#7004=EDGE_CURVE('',#4912,#5412,#2839,.T.);
#7005=EDGE_CURVE('',#4924,#5488,#2840,.T.);
#7006=EDGE_CURVE('',#5488,#5489,#2841,.T.);
#7007=EDGE_CURVE('',#5489,#4915,#2842,.T.);
#7008=EDGE_CURVE('',#5488,#5490,#2843,.T.);
#7009=EDGE_CURVE('',#5490,#5491,#2844,.T.);
#7010=EDGE_CURVE('',#5489,#5491,#2845,.T.);
#7011=EDGE_CURVE('',#4923,#5490,#2846,.T.);
#7012=EDGE_CURVE('',#5491,#4917,#2847,.T.);
#7013=EDGE_CURVE('',#5413,#5492,#2848,.T.);
#7014=EDGE_CURVE('',#5492,#5493,#2849,.T.);
#7015=EDGE_CURVE('',#5414,#5493,#2850,.T.);
#7016=EDGE_CURVE('',#5415,#4902,#2851,.T.);
#7017=EDGE_CURVE('',#5493,#4905,#2852,.T.);
#7018=EDGE_CURVE('',#4911,#5492,#2853,.T.);
#7019=EDGE_CURVE('',#4889,#5416,#2854,.T.);
#7020=EDGE_CURVE('',#4901,#5494,#2855,.T.);
#7021=EDGE_CURVE('',#5494,#5495,#2856,.T.);
#7022=EDGE_CURVE('',#5495,#4890,#2857,.T.);
#7023=EDGE_CURVE('',#5496,#4893,#2858,.T.);
#7024=EDGE_CURVE('',#5497,#5496,#2859,.T.);
#7025=EDGE_CURVE('',#5067,#5497,#2860,.T.);
#7026=EDGE_CURVE('',#5494,#5497,#2861,.T.);
#7027=EDGE_CURVE('',#5495,#5496,#2862,.T.);
#7028=EDGE_CURVE('',#5071,#5498,#2863,.T.);
#7029=EDGE_CURVE('',#5417,#5498,#2864,.T.);
#7030=EDGE_CURVE('',#5498,#5499,#2865,.T.);
#7031=EDGE_CURVE('',#5418,#5499,#2866,.T.);
#7032=EDGE_CURVE('',#5419,#4878,#2867,.T.);
#7033=EDGE_CURVE('',#5499,#4881,#2868,.T.);
#7034=EDGE_CURVE('',#4865,#5420,#2869,.T.);
#7035=EDGE_CURVE('',#4877,#5500,#2870,.T.);
#7036=EDGE_CURVE('',#5500,#5501,#2871,.T.);
#7037=EDGE_CURVE('',#5501,#4866,#2872,.T.);
#7038=EDGE_CURVE('',#5502,#4869,#2873,.T.);
#7039=EDGE_CURVE('',#5503,#5502,#2874,.T.);
#7040=EDGE_CURVE('',#5075,#5503,#2875,.T.);
#7041=EDGE_CURVE('',#5500,#5503,#2876,.T.);
#7042=EDGE_CURVE('',#5501,#5502,#2877,.T.);
#7043=EDGE_CURVE('',#5079,#5504,#2878,.T.);
#7044=EDGE_CURVE('',#5421,#5504,#2879,.T.);
#7045=EDGE_CURVE('',#5504,#5505,#2880,.T.);
#7046=EDGE_CURVE('',#5422,#5505,#2881,.T.);
#7047=EDGE_CURVE('',#5423,#4855,#2882,.T.);
#7048=EDGE_CURVE('',#5505,#4857,#2883,.T.);
#7049=EDGE_CURVE('',#4840,#5424,#2884,.T.);
#7050=EDGE_CURVE('',#4852,#5506,#2885,.T.);
#7051=EDGE_CURVE('',#5506,#5507,#2886,.T.);
#7052=EDGE_CURVE('',#5507,#4843,#2887,.T.);
#7053=EDGE_CURVE('',#5506,#5508,#2888,.T.);
#7054=EDGE_CURVE('',#5508,#5509,#2889,.T.);
#7055=EDGE_CURVE('',#5507,#5509,#2890,.T.);
#7056=EDGE_CURVE('',#4851,#5508,#2891,.T.);
#7057=EDGE_CURVE('',#5509,#4845,#2892,.T.);
#7058=EDGE_CURVE('',#5425,#5510,#2893,.T.);
#7059=EDGE_CURVE('',#5510,#5511,#2894,.T.);
#7060=EDGE_CURVE('',#5426,#5511,#2895,.T.);
#7061=EDGE_CURVE('',#5427,#4830,#2896,.T.);
#7062=EDGE_CURVE('',#5511,#4833,#2897,.T.);
#7063=EDGE_CURVE('',#4839,#5510,#2898,.T.);
#7064=EDGE_CURVE('',#4817,#5428,#2899,.T.);
#7065=EDGE_CURVE('',#4829,#5512,#2900,.T.);
#7066=EDGE_CURVE('',#5512,#5513,#2901,.T.);
#7067=EDGE_CURVE('',#5513,#4818,#2902,.T.);
#7068=EDGE_CURVE('',#5514,#4821,#2903,.T.);
#7069=EDGE_CURVE('',#5515,#5514,#2904,.T.);
#7070=EDGE_CURVE('',#5091,#5515,#2905,.T.);
#7071=EDGE_CURVE('',#5512,#5515,#2906,.T.);
#7072=EDGE_CURVE('',#5513,#5514,#2907,.T.);
#7073=EDGE_CURVE('',#5095,#5516,#2908,.T.);
#7074=EDGE_CURVE('',#5429,#5516,#2909,.T.);
#7075=EDGE_CURVE('',#5516,#5517,#2910,.T.);
#7076=EDGE_CURVE('',#5430,#5517,#2911,.T.);
#7077=EDGE_CURVE('',#5431,#4806,#2912,.T.);
#7078=EDGE_CURVE('',#5517,#4809,#2913,.T.);
#7079=EDGE_CURVE('',#4793,#5432,#2914,.T.);
#7080=EDGE_CURVE('',#4805,#5518,#2915,.T.);
#7081=EDGE_CURVE('',#5518,#5519,#2916,.T.);
#7082=EDGE_CURVE('',#5519,#4794,#2917,.T.);
#7083=EDGE_CURVE('',#5520,#4797,#2918,.T.);
#7084=EDGE_CURVE('',#5521,#5520,#2919,.T.);
#7085=EDGE_CURVE('',#5099,#5521,#2920,.T.);
#7086=EDGE_CURVE('',#5518,#5521,#2921,.T.);
#7087=EDGE_CURVE('',#5519,#5520,#2922,.T.);
#7088=EDGE_CURVE('',#5103,#5522,#2923,.T.);
#7089=EDGE_CURVE('',#5433,#5522,#2924,.T.);
#7090=EDGE_CURVE('',#5522,#5523,#2925,.T.);
#7091=EDGE_CURVE('',#5434,#5523,#2926,.T.);
#7092=EDGE_CURVE('',#5435,#4783,#2927,.T.);
#7093=EDGE_CURVE('',#5523,#4785,#2928,.T.);
#7094=EDGE_CURVE('',#4768,#5436,#2929,.T.);
#7095=EDGE_CURVE('',#4780,#5524,#2930,.T.);
#7096=EDGE_CURVE('',#5524,#5525,#2931,.T.);
#7097=EDGE_CURVE('',#5525,#4771,#2932,.T.);
#7098=EDGE_CURVE('',#5524,#5526,#2933,.T.);
#7099=EDGE_CURVE('',#5526,#5527,#2934,.T.);
#7100=EDGE_CURVE('',#5525,#5527,#2935,.T.);
#7101=EDGE_CURVE('',#4779,#5526,#2936,.T.);
#7102=EDGE_CURVE('',#5527,#4773,#2937,.T.);
#7103=EDGE_CURVE('',#5437,#5528,#2938,.T.);
#7104=EDGE_CURVE('',#5528,#5529,#2939,.T.);
#7105=EDGE_CURVE('',#5438,#5529,#2940,.T.);
#7106=EDGE_CURVE('',#5439,#4758,#2941,.T.);
#7107=EDGE_CURVE('',#5529,#4761,#2942,.T.);
#7108=EDGE_CURVE('',#4767,#5528,#2943,.T.);
#7109=EDGE_CURVE('',#4745,#5440,#2944,.T.);
#7110=EDGE_CURVE('',#4757,#5530,#2945,.T.);
#7111=EDGE_CURVE('',#5530,#5531,#2946,.T.);
#7112=EDGE_CURVE('',#5531,#4746,#2947,.T.);
#7113=EDGE_CURVE('',#5532,#4749,#2948,.T.);
#7114=EDGE_CURVE('',#5533,#5532,#2949,.T.);
#7115=EDGE_CURVE('',#5115,#5533,#2950,.T.);
#7116=EDGE_CURVE('',#5530,#5533,#2951,.T.);
#7117=EDGE_CURVE('',#5531,#5532,#2952,.T.);
#7118=EDGE_CURVE('',#5119,#5534,#2953,.T.);
#7119=EDGE_CURVE('',#5441,#5534,#2954,.T.);
#7120=EDGE_CURVE('',#5534,#5535,#2955,.T.);
#7121=EDGE_CURVE('',#5442,#5535,#2956,.T.);
#7122=EDGE_CURVE('',#5443,#4734,#2957,.T.);
#7123=EDGE_CURVE('',#5535,#4737,#2958,.T.);
#7124=EDGE_CURVE('',#4721,#5444,#2959,.T.);
#7125=EDGE_CURVE('',#4733,#5536,#2960,.T.);
#7126=EDGE_CURVE('',#5536,#5537,#2961,.T.);
#7127=EDGE_CURVE('',#5537,#4722,#2962,.T.);
#7128=EDGE_CURVE('',#5538,#4725,#2963,.T.);
#7129=EDGE_CURVE('',#5539,#5538,#2964,.T.);
#7130=EDGE_CURVE('',#5123,#5539,#2965,.T.);
#7131=EDGE_CURVE('',#5536,#5539,#2966,.T.);
#7132=EDGE_CURVE('',#5537,#5538,#2967,.T.);
#7133=EDGE_CURVE('',#5127,#5540,#2968,.T.);
#7134=EDGE_CURVE('',#5445,#5540,#2969,.T.);
#7135=EDGE_CURVE('',#5540,#5541,#2970,.T.);
#7136=EDGE_CURVE('',#5446,#5541,#2971,.T.);
#7137=EDGE_CURVE('',#5447,#4711,#2972,.T.);
#7138=EDGE_CURVE('',#5541,#4713,#2973,.T.);
#7139=EDGE_CURVE('',#4696,#5448,#2974,.T.);
#7140=EDGE_CURVE('',#4708,#5542,#2975,.T.);
#7141=EDGE_CURVE('',#5542,#5543,#2976,.T.);
#7142=EDGE_CURVE('',#5543,#4699,#2977,.T.);
#7143=EDGE_CURVE('',#5542,#5544,#2978,.T.);
#7144=EDGE_CURVE('',#5544,#5545,#2979,.T.);
#7145=EDGE_CURVE('',#5543,#5545,#2980,.T.);
#7146=EDGE_CURVE('',#4707,#5544,#2981,.T.);
#7147=EDGE_CURVE('',#5545,#4701,#2982,.T.);
#7148=EDGE_CURVE('',#5449,#5546,#2983,.T.);
#7149=EDGE_CURVE('',#5546,#5547,#2984,.T.);
#7150=EDGE_CURVE('',#5450,#5547,#2985,.T.);
#7151=EDGE_CURVE('',#5451,#4686,#2986,.T.);
#7152=EDGE_CURVE('',#5547,#4689,#2987,.T.);
#7153=EDGE_CURVE('',#4695,#5546,#2988,.T.);
#7154=EDGE_CURVE('',#4673,#5452,#2989,.T.);
#7155=EDGE_CURVE('',#4685,#5548,#2990,.T.);
#7156=EDGE_CURVE('',#5548,#5549,#2991,.T.);
#7157=EDGE_CURVE('',#5549,#4674,#2992,.T.);
#7158=EDGE_CURVE('',#5550,#4677,#2993,.T.);
#7159=EDGE_CURVE('',#5551,#5550,#2994,.T.);
#7160=EDGE_CURVE('',#5139,#5551,#2995,.T.);
#7161=EDGE_CURVE('',#5548,#5551,#2996,.T.);
#7162=EDGE_CURVE('',#5549,#5550,#2997,.T.);
#7163=EDGE_CURVE('',#5143,#5552,#2998,.T.);
#7164=EDGE_CURVE('',#5453,#5552,#2999,.T.);
#7165=EDGE_CURVE('',#5552,#5553,#3000,.T.);
#7166=EDGE_CURVE('',#5454,#5553,#3001,.T.);
#7167=EDGE_CURVE('',#5455,#4662,#3002,.T.);
#7168=EDGE_CURVE('',#5553,#4665,#3003,.T.);
#7169=EDGE_CURVE('',#4649,#5456,#3004,.T.);
#7170=EDGE_CURVE('',#4661,#5554,#3005,.T.);
#7171=EDGE_CURVE('',#5554,#5555,#3006,.T.);
#7172=EDGE_CURVE('',#5555,#4650,#3007,.T.);
#7173=EDGE_CURVE('',#5556,#4653,#3008,.T.);
#7174=EDGE_CURVE('',#5557,#5556,#3009,.T.);
#7175=EDGE_CURVE('',#5147,#5557,#3010,.T.);
#7176=EDGE_CURVE('',#5554,#5557,#3011,.T.);
#7177=EDGE_CURVE('',#5555,#5556,#3012,.T.);
#7178=EDGE_CURVE('',#5151,#5558,#3013,.T.);
#7179=EDGE_CURVE('',#5457,#5558,#3014,.T.);
#7180=EDGE_CURVE('',#5558,#5559,#3015,.T.);
#7181=EDGE_CURVE('',#5458,#5559,#3016,.T.);
#7182=EDGE_CURVE('',#5459,#4639,#3017,.T.);
#7183=EDGE_CURVE('',#5559,#4641,#3018,.T.);
#7184=EDGE_CURVE('',#4624,#5560,#3019,.T.);
#7185=EDGE_CURVE('',#5460,#5560,#3020,.T.);
#7186=EDGE_CURVE('',#4636,#5561,#3021,.T.);
#7187=EDGE_CURVE('',#5561,#5562,#3022,.T.);
#7188=EDGE_CURVE('',#5562,#4627,#3023,.T.);
#7189=EDGE_CURVE('',#5561,#5563,#3024,.T.);
#7190=EDGE_CURVE('',#5563,#5564,#3025,.T.);
#7191=EDGE_CURVE('',#5562,#5564,#3026,.T.);
#7192=EDGE_CURVE('',#4635,#5563,#3027,.T.);
#7193=EDGE_CURVE('',#5564,#4629,#3028,.T.);
#7194=EDGE_CURVE('',#5565,#5566,#31,.T.);
#7195=EDGE_CURVE('',#5565,#5567,#3029,.T.);
#7196=EDGE_CURVE('',#5567,#5568,#3030,.T.);
#7197=EDGE_CURVE('',#5569,#5568,#3031,.T.);
#7198=EDGE_CURVE('',#5570,#5569,#3032,.T.);
#7199=EDGE_CURVE('',#5566,#5570,#3033,.T.);
#7200=EDGE_CURVE('',#5571,#4616,#3034,.T.);
#7201=EDGE_CURVE('',#5569,#5571,#157,.T.);
#7202=EDGE_CURVE('',#5568,#4617,#3035,.T.);
#7203=EDGE_CURVE('',#4623,#5567,#3036,.T.);
#7204=EDGE_CURVE('',#5572,#5565,#158,.T.);
#7205=EDGE_CURVE('',#5560,#5572,#159,.T.);
#7206=EDGE_CURVE('',#5573,#5177,#3037,.T.);
#7207=EDGE_CURVE('',#5574,#5573,#160,.T.);
#7208=EDGE_CURVE('',#5575,#5574,#3038,.T.);
#7209=EDGE_CURVE('',#5576,#5575,#161,.T.);
#7210=EDGE_CURVE('',#5577,#5576,#3039,.T.);
#7211=EDGE_CURVE('',#5578,#5577,#162,.T.);
#7212=EDGE_CURVE('',#5566,#5578,#163,.T.);
#7213=EDGE_CURVE('',#5579,#5570,#164,.T.);
#7214=EDGE_CURVE('',#5580,#5579,#3040,.T.);
#7215=EDGE_CURVE('',#5581,#5580,#165,.T.);
#7216=EDGE_CURVE('',#5582,#5581,#3041,.T.);
#7217=EDGE_CURVE('',#5583,#5582,#166,.T.);
#7218=EDGE_CURVE('',#5169,#5583,#3042,.T.);
#7219=EDGE_CURVE('',#5571,#5584,#3043,.T.);
#7220=EDGE_CURVE('',#5585,#5584,#167,.T.);
#7221=EDGE_CURVE('',#5585,#5579,#3044,.T.);
#7222=EDGE_CURVE('',#5584,#4615,#3045,.T.);
#7223=EDGE_CURVE('',#5175,#5586,#3046,.T.);
#7224=EDGE_CURVE('',#5586,#5573,#168,.T.);
#7225=EDGE_CURVE('',#5587,#5574,#169,.T.);
#7226=EDGE_CURVE('',#5586,#5587,#170,.T.);
#7227=EDGE_CURVE('',#5588,#5575,#171,.T.);
#7228=EDGE_CURVE('',#5587,#5588,#3047,.T.);
#7229=EDGE_CURVE('',#5589,#5576,#172,.T.);
#7230=EDGE_CURVE('',#5588,#5589,#173,.T.);
#7231=EDGE_CURVE('',#5590,#5577,#174,.T.);
#7232=EDGE_CURVE('',#5589,#5590,#3048,.T.);
#7233=EDGE_CURVE('',#5461,#5578,#175,.T.);
#7234=EDGE_CURVE('',#5590,#5461,#176,.T.);
#7235=EDGE_CURVE('',#5460,#5572,#32,.F.);
#7236=EDGE_CURVE('',#5591,#5590,#3049,.T.);
#7237=EDGE_CURVE('',#5385,#5591,#177,.T.);
#7238=EDGE_CURVE('',#5592,#5589,#3050,.T.);
#7239=EDGE_CURVE('',#5591,#5592,#3051,.T.);
#7240=EDGE_CURVE('',#5593,#5588,#3052,.T.);
#7241=EDGE_CURVE('',#5592,#5593,#178,.T.);
#7242=EDGE_CURVE('',#5594,#5587,#3053,.T.);
#7243=EDGE_CURVE('',#5593,#5594,#3054,.T.);
#7244=EDGE_CURVE('',#5595,#5586,#3055,.T.);
#7245=EDGE_CURVE('',#5594,#5595,#179,.T.);
#7246=EDGE_CURVE('',#5595,#5173,#3056,.T.);
#7247=EDGE_CURVE('',#5164,#5596,#3057,.T.);
#7248=EDGE_CURVE('',#5596,#5584,#180,.T.);
#7249=EDGE_CURVE('',#5597,#5585,#181,.T.);
#7250=EDGE_CURVE('',#5596,#5597,#182,.T.);
#7251=EDGE_CURVE('',#5598,#5599,#183,.T.);
#7252=EDGE_CURVE('',#5599,#5585,#3058,.T.);
#7253=EDGE_CURVE('',#5597,#5598,#3059,.T.);
#7254=EDGE_CURVE('',#5600,#5601,#184,.T.);
#7255=EDGE_CURVE('',#5601,#5599,#185,.T.);
#7256=EDGE_CURVE('',#5598,#5600,#186,.T.);
#7257=EDGE_CURVE('',#5602,#5603,#187,.T.);
#7258=EDGE_CURVE('',#5603,#5601,#3060,.T.);
#7259=EDGE_CURVE('',#5600,#5602,#3061,.T.);
#7260=EDGE_CURVE('',#5604,#5605,#188,.T.);
#7261=EDGE_CURVE('',#5605,#5603,#189,.T.);
#7262=EDGE_CURVE('',#5602,#5604,#190,.T.);
#7263=EDGE_CURVE('',#5168,#5605,#3062,.T.);
#7264=EDGE_CURVE('',#5604,#5166,#3063,.T.);
#7265=EDGE_CURVE('',#5606,#5189,#191,.T.);
#7266=EDGE_CURVE('',#5193,#5606,#192,.T.);
#7267=EDGE_CURVE('',#5607,#5190,#193,.T.);
#7268=EDGE_CURVE('',#5606,#5607,#3064,.T.);
#7269=EDGE_CURVE('',#5608,#5191,#194,.T.);
#7270=EDGE_CURVE('',#5607,#5608,#195,.T.);
#7271=EDGE_CURVE('',#5609,#5192,#196,.T.);
#7272=EDGE_CURVE('',#5608,#5609,#3065,.T.);
#7273=EDGE_CURVE('',#5609,#5185,#197,.T.);
#7274=EDGE_CURVE('',#5609,#5610,#3066,.T.);
#7275=EDGE_CURVE('',#5610,#5186,#198,.T.);
#7276=EDGE_CURVE('',#5611,#5608,#3067,.T.);
#7277=EDGE_CURVE('',#5611,#5610,#3068,.T.);
#7278=EDGE_CURVE('',#5607,#5612,#3069,.T.);
#7279=EDGE_CURVE('',#5612,#5611,#199,.T.);
#7280=EDGE_CURVE('',#5613,#5606,#3070,.T.);
#7281=EDGE_CURVE('',#5613,#5612,#3071,.T.);
#7282=EDGE_CURVE('',#5387,#5613,#200,.T.);
#7283=EDGE_CURVE('',#5171,#5614,#3072,.T.);
#7284=EDGE_CURVE('',#5614,#5595,#201,.T.);
#7285=EDGE_CURVE('',#5615,#5594,#202,.T.);
#7286=EDGE_CURVE('',#5614,#5615,#203,.T.);
#7287=EDGE_CURVE('',#5616,#5593,#204,.T.);
#7288=EDGE_CURVE('',#5615,#5616,#3073,.T.);
#7289=EDGE_CURVE('',#5617,#5592,#205,.T.);
#7290=EDGE_CURVE('',#5616,#5617,#206,.T.);
#7291=EDGE_CURVE('',#5618,#5591,#207,.T.);
#7292=EDGE_CURVE('',#5617,#5618,#3074,.T.);
#7293=EDGE_CURVE('',#5618,#5386,#208,.T.);
#7294=EDGE_CURVE('',#5605,#5583,#3075,.T.);
#7295=EDGE_CURVE('',#5582,#5603,#3076,.T.);
#7296=EDGE_CURVE('',#5601,#5581,#3077,.T.);
#7297=EDGE_CURVE('',#5580,#5599,#3078,.T.);
#7298=ORIENTED_EDGE('',*,*,#5619,.T.);
#7299=ORIENTED_EDGE('',*,*,#5620,.T.);
#7300=ORIENTED_EDGE('',*,*,#5621,.T.);
#7301=ORIENTED_EDGE('',*,*,#5622,.T.);
#7302=ORIENTED_EDGE('',*,*,#5623,.T.);
#7303=ORIENTED_EDGE('',*,*,#5624,.T.);
#7304=ORIENTED_EDGE('',*,*,#5625,.T.);
#7305=ORIENTED_EDGE('',*,*,#5626,.F.);
#7306=ORIENTED_EDGE('',*,*,#5627,.T.);
#7307=ORIENTED_EDGE('',*,*,#5628,.T.);
#7308=ORIENTED_EDGE('',*,*,#5629,.T.);
#7309=ORIENTED_EDGE('',*,*,#5630,.T.);
#7310=ORIENTED_EDGE('',*,*,#5631,.T.);
#7311=ORIENTED_EDGE('',*,*,#5632,.T.);
#7312=ORIENTED_EDGE('',*,*,#5633,.T.);
#7313=ORIENTED_EDGE('',*,*,#5630,.F.);
#7314=ORIENTED_EDGE('',*,*,#5634,.T.);
#7315=ORIENTED_EDGE('',*,*,#5635,.T.);
#7316=ORIENTED_EDGE('',*,*,#5636,.T.);
#7317=ORIENTED_EDGE('',*,*,#5637,.T.);
#7318=ORIENTED_EDGE('',*,*,#5638,.T.);
#7319=ORIENTED_EDGE('',*,*,#5639,.T.);
#7320=ORIENTED_EDGE('',*,*,#5640,.T.);
#7321=ORIENTED_EDGE('',*,*,#5641,.T.);
#7322=ORIENTED_EDGE('',*,*,#5642,.T.);
#7323=ORIENTED_EDGE('',*,*,#5643,.T.);
#7324=ORIENTED_EDGE('',*,*,#5644,.T.);
#7325=ORIENTED_EDGE('',*,*,#5639,.F.);
#7326=ORIENTED_EDGE('',*,*,#5645,.T.);
#7327=ORIENTED_EDGE('',*,*,#5646,.T.);
#7328=ORIENTED_EDGE('',*,*,#5647,.T.);
#7329=ORIENTED_EDGE('',*,*,#5643,.F.);
#7330=ORIENTED_EDGE('',*,*,#5648,.T.);
#7331=ORIENTED_EDGE('',*,*,#5649,.T.);
#7332=ORIENTED_EDGE('',*,*,#5650,.T.);
#7333=ORIENTED_EDGE('',*,*,#5651,.T.);
#7334=ORIENTED_EDGE('',*,*,#5652,.T.);
#7335=ORIENTED_EDGE('',*,*,#5653,.T.);
#7336=ORIENTED_EDGE('',*,*,#5654,.T.);
#7337=ORIENTED_EDGE('',*,*,#5655,.T.);
#7338=ORIENTED_EDGE('',*,*,#5656,.T.);
#7339=ORIENTED_EDGE('',*,*,#5657,.T.);
#7340=ORIENTED_EDGE('',*,*,#5658,.T.);
#7341=ORIENTED_EDGE('',*,*,#5653,.F.);
#7342=ORIENTED_EDGE('',*,*,#5659,.T.);
#7343=ORIENTED_EDGE('',*,*,#5660,.T.);
#7344=ORIENTED_EDGE('',*,*,#5661,.T.);
#7345=ORIENTED_EDGE('',*,*,#5657,.F.);
#7346=ORIENTED_EDGE('',*,*,#5662,.T.);
#7347=ORIENTED_EDGE('',*,*,#5663,.T.);
#7348=ORIENTED_EDGE('',*,*,#5664,.T.);
#7349=ORIENTED_EDGE('',*,*,#5665,.T.);
#7350=ORIENTED_EDGE('',*,*,#5666,.T.);
#7351=ORIENTED_EDGE('',*,*,#5667,.T.);
#7352=ORIENTED_EDGE('',*,*,#5668,.T.);
#7353=ORIENTED_EDGE('',*,*,#5663,.F.);
#7354=ORIENTED_EDGE('',*,*,#5669,.T.);
#7355=ORIENTED_EDGE('',*,*,#5670,.T.);
#7356=ORIENTED_EDGE('',*,*,#5671,.T.);
#7357=ORIENTED_EDGE('',*,*,#5672,.T.);
#7358=ORIENTED_EDGE('',*,*,#5673,.T.);
#7359=ORIENTED_EDGE('',*,*,#5674,.T.);
#7360=ORIENTED_EDGE('',*,*,#5675,.T.);
#7361=ORIENTED_EDGE('',*,*,#5670,.F.);
#7362=ORIENTED_EDGE('',*,*,#5676,.T.);
#7363=ORIENTED_EDGE('',*,*,#5677,.T.);
#7364=ORIENTED_EDGE('',*,*,#5678,.T.);
#7365=ORIENTED_EDGE('',*,*,#5679,.T.);
#7366=ORIENTED_EDGE('',*,*,#5680,.T.);
#7367=ORIENTED_EDGE('',*,*,#5681,.T.);
#7368=ORIENTED_EDGE('',*,*,#5682,.T.);
#7369=ORIENTED_EDGE('',*,*,#5677,.F.);
#7370=ORIENTED_EDGE('',*,*,#5683,.T.);
#7371=ORIENTED_EDGE('',*,*,#5684,.T.);
#7372=ORIENTED_EDGE('',*,*,#5685,.T.);
#7373=ORIENTED_EDGE('',*,*,#5686,.T.);
#7374=ORIENTED_EDGE('',*,*,#5687,.T.);
#7375=ORIENTED_EDGE('',*,*,#5688,.T.);
#7376=ORIENTED_EDGE('',*,*,#5689,.T.);
#7377=ORIENTED_EDGE('',*,*,#5684,.F.);
#7378=ORIENTED_EDGE('',*,*,#5690,.T.);
#7379=ORIENTED_EDGE('',*,*,#5691,.T.);
#7380=ORIENTED_EDGE('',*,*,#5692,.T.);
#7381=ORIENTED_EDGE('',*,*,#5693,.T.);
#7382=ORIENTED_EDGE('',*,*,#5694,.T.);
#7383=ORIENTED_EDGE('',*,*,#5695,.T.);
#7384=ORIENTED_EDGE('',*,*,#5696,.T.);
#7385=ORIENTED_EDGE('',*,*,#5691,.F.);
#7386=ORIENTED_EDGE('',*,*,#5697,.T.);
#7387=ORIENTED_EDGE('',*,*,#5698,.T.);
#7388=ORIENTED_EDGE('',*,*,#5699,.T.);
#7389=ORIENTED_EDGE('',*,*,#5700,.T.);
#7390=ORIENTED_EDGE('',*,*,#5701,.T.);
#7391=ORIENTED_EDGE('',*,*,#5702,.T.);
#7392=ORIENTED_EDGE('',*,*,#5703,.T.);
#7393=ORIENTED_EDGE('',*,*,#5698,.F.);
#7394=ORIENTED_EDGE('',*,*,#5704,.T.);
#7395=ORIENTED_EDGE('',*,*,#5705,.T.);
#7396=ORIENTED_EDGE('',*,*,#5706,.T.);
#7397=ORIENTED_EDGE('',*,*,#5707,.T.);
#7398=ORIENTED_EDGE('',*,*,#5708,.T.);
#7399=ORIENTED_EDGE('',*,*,#5709,.T.);
#7400=ORIENTED_EDGE('',*,*,#5710,.T.);
#7401=ORIENTED_EDGE('',*,*,#5705,.F.);
#7402=ORIENTED_EDGE('',*,*,#5711,.T.);
#7403=ORIENTED_EDGE('',*,*,#5712,.T.);
#7404=ORIENTED_EDGE('',*,*,#5713,.T.);
#7405=ORIENTED_EDGE('',*,*,#5714,.T.);
#7406=ORIENTED_EDGE('',*,*,#5715,.T.);
#7407=ORIENTED_EDGE('',*,*,#5716,.T.);
#7408=ORIENTED_EDGE('',*,*,#5717,.T.);
#7409=ORIENTED_EDGE('',*,*,#5712,.F.);
#7410=ORIENTED_EDGE('',*,*,#5718,.T.);
#7411=ORIENTED_EDGE('',*,*,#5719,.T.);
#7412=ORIENTED_EDGE('',*,*,#5720,.T.);
#7413=ORIENTED_EDGE('',*,*,#5721,.T.);
#7414=ORIENTED_EDGE('',*,*,#5722,.T.);
#7415=ORIENTED_EDGE('',*,*,#5723,.T.);
#7416=ORIENTED_EDGE('',*,*,#5724,.T.);
#7417=ORIENTED_EDGE('',*,*,#5725,.T.);
#7418=ORIENTED_EDGE('',*,*,#5726,.T.);
#7419=ORIENTED_EDGE('',*,*,#5727,.T.);
#7420=ORIENTED_EDGE('',*,*,#5728,.T.);
#7421=ORIENTED_EDGE('',*,*,#5723,.F.);
#7422=ORIENTED_EDGE('',*,*,#5729,.T.);
#7423=ORIENTED_EDGE('',*,*,#5730,.T.);
#7424=ORIENTED_EDGE('',*,*,#5731,.T.);
#7425=ORIENTED_EDGE('',*,*,#5727,.F.);
#7426=ORIENTED_EDGE('',*,*,#5732,.T.);
#7427=ORIENTED_EDGE('',*,*,#5733,.T.);
#7428=ORIENTED_EDGE('',*,*,#5734,.T.);
#7429=ORIENTED_EDGE('',*,*,#5735,.T.);
#7430=ORIENTED_EDGE('',*,*,#5736,.T.);
#7431=ORIENTED_EDGE('',*,*,#5737,.T.);
#7432=ORIENTED_EDGE('',*,*,#5738,.T.);
#7433=ORIENTED_EDGE('',*,*,#5739,.T.);
#7434=ORIENTED_EDGE('',*,*,#5740,.T.);
#7435=ORIENTED_EDGE('',*,*,#5741,.T.);
#7436=ORIENTED_EDGE('',*,*,#5742,.T.);
#7437=ORIENTED_EDGE('',*,*,#5737,.F.);
#7438=ORIENTED_EDGE('',*,*,#5743,.T.);
#7439=ORIENTED_EDGE('',*,*,#5744,.T.);
#7440=ORIENTED_EDGE('',*,*,#5745,.T.);
#7441=ORIENTED_EDGE('',*,*,#5741,.F.);
#7442=ORIENTED_EDGE('',*,*,#5746,.T.);
#7443=ORIENTED_EDGE('',*,*,#5747,.T.);
#7444=ORIENTED_EDGE('',*,*,#5748,.T.);
#7445=ORIENTED_EDGE('',*,*,#5749,.T.);
#7446=ORIENTED_EDGE('',*,*,#5750,.T.);
#7447=ORIENTED_EDGE('',*,*,#5751,.T.);
#7448=ORIENTED_EDGE('',*,*,#5752,.T.);
#7449=ORIENTED_EDGE('',*,*,#5747,.F.);
#7450=ORIENTED_EDGE('',*,*,#5753,.T.);
#7451=ORIENTED_EDGE('',*,*,#5754,.T.);
#7452=ORIENTED_EDGE('',*,*,#5755,.T.);
#7453=ORIENTED_EDGE('',*,*,#5756,.T.);
#7454=ORIENTED_EDGE('',*,*,#5757,.T.);
#7455=ORIENTED_EDGE('',*,*,#5758,.T.);
#7456=ORIENTED_EDGE('',*,*,#5759,.T.);
#7457=ORIENTED_EDGE('',*,*,#5754,.F.);
#7458=ORIENTED_EDGE('',*,*,#5760,.T.);
#7459=ORIENTED_EDGE('',*,*,#5761,.T.);
#7460=ORIENTED_EDGE('',*,*,#5762,.T.);
#7461=ORIENTED_EDGE('',*,*,#5763,.T.);
#7462=ORIENTED_EDGE('',*,*,#5764,.T.);
#7463=ORIENTED_EDGE('',*,*,#5765,.T.);
#7464=ORIENTED_EDGE('',*,*,#5766,.T.);
#7465=ORIENTED_EDGE('',*,*,#5761,.F.);
#7466=ORIENTED_EDGE('',*,*,#5767,.T.);
#7467=ORIENTED_EDGE('',*,*,#5768,.T.);
#7468=ORIENTED_EDGE('',*,*,#5769,.T.);
#7469=ORIENTED_EDGE('',*,*,#5770,.T.);
#7470=ORIENTED_EDGE('',*,*,#5771,.T.);
#7471=ORIENTED_EDGE('',*,*,#5772,.T.);
#7472=ORIENTED_EDGE('',*,*,#5773,.T.);
#7473=ORIENTED_EDGE('',*,*,#5768,.F.);
#7474=ORIENTED_EDGE('',*,*,#5774,.T.);
#7475=ORIENTED_EDGE('',*,*,#5775,.T.);
#7476=ORIENTED_EDGE('',*,*,#5776,.T.);
#7477=ORIENTED_EDGE('',*,*,#5777,.T.);
#7478=ORIENTED_EDGE('',*,*,#5778,.T.);
#7479=ORIENTED_EDGE('',*,*,#5779,.T.);
#7480=ORIENTED_EDGE('',*,*,#5780,.T.);
#7481=ORIENTED_EDGE('',*,*,#5775,.F.);
#7482=ORIENTED_EDGE('',*,*,#5781,.T.);
#7483=ORIENTED_EDGE('',*,*,#5782,.T.);
#7484=ORIENTED_EDGE('',*,*,#5783,.T.);
#7485=ORIENTED_EDGE('',*,*,#5784,.T.);
#7486=ORIENTED_EDGE('',*,*,#5785,.T.);
#7487=ORIENTED_EDGE('',*,*,#5786,.T.);
#7488=ORIENTED_EDGE('',*,*,#5787,.T.);
#7489=ORIENTED_EDGE('',*,*,#5782,.F.);
#7490=ORIENTED_EDGE('',*,*,#5788,.T.);
#7491=ORIENTED_EDGE('',*,*,#5789,.T.);
#7492=ORIENTED_EDGE('',*,*,#5790,.T.);
#7493=ORIENTED_EDGE('',*,*,#5791,.T.);
#7494=ORIENTED_EDGE('',*,*,#5792,.T.);
#7495=ORIENTED_EDGE('',*,*,#5793,.T.);
#7496=ORIENTED_EDGE('',*,*,#5794,.T.);
#7497=ORIENTED_EDGE('',*,*,#5789,.F.);
#7498=ORIENTED_EDGE('',*,*,#5795,.T.);
#7499=ORIENTED_EDGE('',*,*,#5796,.T.);
#7500=ORIENTED_EDGE('',*,*,#5797,.T.);
#7501=ORIENTED_EDGE('',*,*,#5798,.T.);
#7502=ORIENTED_EDGE('',*,*,#5799,.T.);
#7503=ORIENTED_EDGE('',*,*,#5800,.T.);
#7504=ORIENTED_EDGE('',*,*,#5801,.T.);
#7505=ORIENTED_EDGE('',*,*,#5796,.F.);
#7506=ORIENTED_EDGE('',*,*,#5802,.T.);
#7507=ORIENTED_EDGE('',*,*,#5803,.T.);
#7508=ORIENTED_EDGE('',*,*,#5804,.T.);
#7509=ORIENTED_EDGE('',*,*,#5805,.T.);
#7510=ORIENTED_EDGE('',*,*,#5806,.T.);
#7511=ORIENTED_EDGE('',*,*,#5807,.T.);
#7512=ORIENTED_EDGE('',*,*,#5808,.T.);
#7513=ORIENTED_EDGE('',*,*,#5809,.T.);
#7514=ORIENTED_EDGE('',*,*,#5810,.T.);
#7515=ORIENTED_EDGE('',*,*,#5811,.T.);
#7516=ORIENTED_EDGE('',*,*,#5812,.T.);
#7517=ORIENTED_EDGE('',*,*,#5807,.F.);
#7518=ORIENTED_EDGE('',*,*,#5813,.T.);
#7519=ORIENTED_EDGE('',*,*,#5814,.T.);
#7520=ORIENTED_EDGE('',*,*,#5815,.T.);
#7521=ORIENTED_EDGE('',*,*,#5811,.F.);
#7522=ORIENTED_EDGE('',*,*,#5816,.T.);
#7523=ORIENTED_EDGE('',*,*,#5817,.T.);
#7524=ORIENTED_EDGE('',*,*,#5818,.T.);
#7525=ORIENTED_EDGE('',*,*,#5819,.T.);
#7526=ORIENTED_EDGE('',*,*,#5820,.T.);
#7527=ORIENTED_EDGE('',*,*,#5821,.T.);
#7528=ORIENTED_EDGE('',*,*,#5822,.T.);
#7529=ORIENTED_EDGE('',*,*,#5823,.T.);
#7530=ORIENTED_EDGE('',*,*,#5824,.T.);
#7531=ORIENTED_EDGE('',*,*,#5825,.T.);
#7532=ORIENTED_EDGE('',*,*,#5826,.T.);
#7533=ORIENTED_EDGE('',*,*,#5821,.F.);
#7534=ORIENTED_EDGE('',*,*,#5827,.T.);
#7535=ORIENTED_EDGE('',*,*,#5828,.T.);
#7536=ORIENTED_EDGE('',*,*,#5829,.T.);
#7537=ORIENTED_EDGE('',*,*,#5825,.F.);
#7538=ORIENTED_EDGE('',*,*,#5830,.T.);
#7539=ORIENTED_EDGE('',*,*,#5831,.T.);
#7540=ORIENTED_EDGE('',*,*,#5832,.T.);
#7541=ORIENTED_EDGE('',*,*,#5833,.T.);
#7542=ORIENTED_EDGE('',*,*,#5834,.T.);
#7543=ORIENTED_EDGE('',*,*,#5835,.T.);
#7544=ORIENTED_EDGE('',*,*,#5836,.T.);
#7545=ORIENTED_EDGE('',*,*,#5831,.F.);
#7546=ORIENTED_EDGE('',*,*,#5837,.T.);
#7547=ORIENTED_EDGE('',*,*,#5838,.T.);
#7548=ORIENTED_EDGE('',*,*,#5839,.T.);
#7549=ORIENTED_EDGE('',*,*,#5840,.T.);
#7550=ORIENTED_EDGE('',*,*,#5841,.T.);
#7551=ORIENTED_EDGE('',*,*,#5842,.T.);
#7552=ORIENTED_EDGE('',*,*,#5843,.T.);
#7553=ORIENTED_EDGE('',*,*,#5838,.F.);
#7554=ORIENTED_EDGE('',*,*,#5844,.T.);
#7555=ORIENTED_EDGE('',*,*,#5845,.T.);
#7556=ORIENTED_EDGE('',*,*,#5846,.T.);
#7557=ORIENTED_EDGE('',*,*,#5847,.T.);
#7558=ORIENTED_EDGE('',*,*,#5848,.T.);
#7559=ORIENTED_EDGE('',*,*,#5849,.T.);
#7560=ORIENTED_EDGE('',*,*,#5850,.T.);
#7561=ORIENTED_EDGE('',*,*,#5845,.F.);
#7562=ORIENTED_EDGE('',*,*,#5851,.T.);
#7563=ORIENTED_EDGE('',*,*,#5852,.T.);
#7564=ORIENTED_EDGE('',*,*,#5853,.T.);
#7565=ORIENTED_EDGE('',*,*,#5854,.T.);
#7566=ORIENTED_EDGE('',*,*,#5855,.T.);
#7567=ORIENTED_EDGE('',*,*,#5856,.T.);
#7568=ORIENTED_EDGE('',*,*,#5857,.T.);
#7569=ORIENTED_EDGE('',*,*,#5852,.F.);
#7570=ORIENTED_EDGE('',*,*,#5858,.T.);
#7571=ORIENTED_EDGE('',*,*,#5859,.T.);
#7572=ORIENTED_EDGE('',*,*,#5860,.T.);
#7573=ORIENTED_EDGE('',*,*,#5861,.T.);
#7574=ORIENTED_EDGE('',*,*,#5862,.T.);
#7575=ORIENTED_EDGE('',*,*,#5863,.T.);
#7576=ORIENTED_EDGE('',*,*,#5864,.T.);
#7577=ORIENTED_EDGE('',*,*,#5859,.F.);
#7578=ORIENTED_EDGE('',*,*,#5865,.T.);
#7579=ORIENTED_EDGE('',*,*,#5866,.T.);
#7580=ORIENTED_EDGE('',*,*,#5867,.T.);
#7581=ORIENTED_EDGE('',*,*,#5868,.T.);
#7582=ORIENTED_EDGE('',*,*,#5869,.T.);
#7583=ORIENTED_EDGE('',*,*,#5870,.T.);
#7584=ORIENTED_EDGE('',*,*,#5871,.T.);
#7585=ORIENTED_EDGE('',*,*,#5866,.F.);
#7586=ORIENTED_EDGE('',*,*,#5872,.T.);
#7587=ORIENTED_EDGE('',*,*,#5873,.T.);
#7588=ORIENTED_EDGE('',*,*,#5874,.T.);
#7589=ORIENTED_EDGE('',*,*,#5875,.T.);
#7590=ORIENTED_EDGE('',*,*,#5876,.T.);
#7591=ORIENTED_EDGE('',*,*,#5877,.T.);
#7592=ORIENTED_EDGE('',*,*,#5878,.T.);
#7593=ORIENTED_EDGE('',*,*,#5873,.F.);
#7594=ORIENTED_EDGE('',*,*,#5879,.T.);
#7595=ORIENTED_EDGE('',*,*,#5880,.T.);
#7596=ORIENTED_EDGE('',*,*,#5881,.T.);
#7597=ORIENTED_EDGE('',*,*,#5882,.T.);
#7598=ORIENTED_EDGE('',*,*,#5883,.T.);
#7599=ORIENTED_EDGE('',*,*,#5884,.T.);
#7600=ORIENTED_EDGE('',*,*,#5885,.T.);
#7601=ORIENTED_EDGE('',*,*,#5880,.F.);
#7602=ORIENTED_EDGE('',*,*,#5886,.T.);
#7603=ORIENTED_EDGE('',*,*,#5887,.T.);
#7604=ORIENTED_EDGE('',*,*,#5888,.T.);
#7605=ORIENTED_EDGE('',*,*,#5889,.T.);
#7606=ORIENTED_EDGE('',*,*,#5890,.T.);
#7607=ORIENTED_EDGE('',*,*,#5891,.T.);
#7608=ORIENTED_EDGE('',*,*,#5892,.T.);
#7609=ORIENTED_EDGE('',*,*,#5893,.T.);
#7610=ORIENTED_EDGE('',*,*,#5894,.T.);
#7611=ORIENTED_EDGE('',*,*,#5895,.T.);
#7612=ORIENTED_EDGE('',*,*,#5896,.T.);
#7613=ORIENTED_EDGE('',*,*,#5891,.F.);
#7614=ORIENTED_EDGE('',*,*,#5897,.T.);
#7615=ORIENTED_EDGE('',*,*,#5898,.T.);
#7616=ORIENTED_EDGE('',*,*,#5899,.T.);
#7617=ORIENTED_EDGE('',*,*,#5895,.F.);
#7618=ORIENTED_EDGE('',*,*,#5900,.T.);
#7619=ORIENTED_EDGE('',*,*,#5901,.T.);
#7620=ORIENTED_EDGE('',*,*,#5902,.T.);
#7621=ORIENTED_EDGE('',*,*,#5903,.T.);
#7622=ORIENTED_EDGE('',*,*,#5904,.T.);
#7623=ORIENTED_EDGE('',*,*,#5905,.T.);
#7624=ORIENTED_EDGE('',*,*,#5906,.T.);
#7625=ORIENTED_EDGE('',*,*,#5907,.T.);
#7626=ORIENTED_EDGE('',*,*,#5908,.T.);
#7627=ORIENTED_EDGE('',*,*,#5909,.T.);
#7628=ORIENTED_EDGE('',*,*,#5910,.T.);
#7629=ORIENTED_EDGE('',*,*,#5905,.F.);
#7630=ORIENTED_EDGE('',*,*,#5911,.T.);
#7631=ORIENTED_EDGE('',*,*,#5912,.T.);
#7632=ORIENTED_EDGE('',*,*,#5913,.T.);
#7633=ORIENTED_EDGE('',*,*,#5909,.F.);
#7634=ORIENTED_EDGE('',*,*,#5914,.T.);
#7635=ORIENTED_EDGE('',*,*,#5915,.T.);
#7636=ORIENTED_EDGE('',*,*,#5916,.T.);
#7637=ORIENTED_EDGE('',*,*,#5917,.T.);
#7638=ORIENTED_EDGE('',*,*,#5918,.T.);
#7639=ORIENTED_EDGE('',*,*,#5919,.T.);
#7640=ORIENTED_EDGE('',*,*,#5920,.T.);
#7641=ORIENTED_EDGE('',*,*,#5915,.F.);
#7642=ORIENTED_EDGE('',*,*,#5921,.T.);
#7643=ORIENTED_EDGE('',*,*,#5922,.T.);
#7644=ORIENTED_EDGE('',*,*,#5923,.T.);
#7645=ORIENTED_EDGE('',*,*,#5924,.T.);
#7646=ORIENTED_EDGE('',*,*,#5925,.T.);
#7647=ORIENTED_EDGE('',*,*,#5926,.T.);
#7648=ORIENTED_EDGE('',*,*,#5927,.T.);
#7649=ORIENTED_EDGE('',*,*,#5922,.F.);
#7650=ORIENTED_EDGE('',*,*,#5928,.T.);
#7651=ORIENTED_EDGE('',*,*,#5929,.T.);
#7652=ORIENTED_EDGE('',*,*,#5930,.T.);
#7653=ORIENTED_EDGE('',*,*,#5931,.T.);
#7654=ORIENTED_EDGE('',*,*,#5932,.T.);
#7655=ORIENTED_EDGE('',*,*,#5933,.T.);
#7656=ORIENTED_EDGE('',*,*,#5934,.T.);
#7657=ORIENTED_EDGE('',*,*,#5929,.F.);
#7658=ORIENTED_EDGE('',*,*,#5935,.T.);
#7659=ORIENTED_EDGE('',*,*,#5936,.T.);
#7660=ORIENTED_EDGE('',*,*,#5937,.T.);
#7661=ORIENTED_EDGE('',*,*,#5938,.T.);
#7662=ORIENTED_EDGE('',*,*,#5939,.T.);
#7663=ORIENTED_EDGE('',*,*,#5940,.T.);
#7664=ORIENTED_EDGE('',*,*,#5941,.T.);
#7665=ORIENTED_EDGE('',*,*,#5936,.F.);
#7666=ORIENTED_EDGE('',*,*,#5942,.T.);
#7667=ORIENTED_EDGE('',*,*,#5943,.T.);
#7668=ORIENTED_EDGE('',*,*,#5944,.T.);
#7669=ORIENTED_EDGE('',*,*,#5945,.T.);
#7670=ORIENTED_EDGE('',*,*,#5946,.T.);
#7671=ORIENTED_EDGE('',*,*,#5947,.T.);
#7672=ORIENTED_EDGE('',*,*,#5948,.T.);
#7673=ORIENTED_EDGE('',*,*,#5943,.F.);
#7674=ORIENTED_EDGE('',*,*,#5949,.T.);
#7675=ORIENTED_EDGE('',*,*,#5950,.T.);
#7676=ORIENTED_EDGE('',*,*,#5951,.T.);
#7677=ORIENTED_EDGE('',*,*,#5952,.T.);
#7678=ORIENTED_EDGE('',*,*,#5953,.T.);
#7679=ORIENTED_EDGE('',*,*,#5954,.T.);
#7680=ORIENTED_EDGE('',*,*,#5955,.T.);
#7681=ORIENTED_EDGE('',*,*,#5950,.F.);
#7682=ORIENTED_EDGE('',*,*,#5956,.T.);
#7683=ORIENTED_EDGE('',*,*,#5957,.T.);
#7684=ORIENTED_EDGE('',*,*,#5958,.T.);
#7685=ORIENTED_EDGE('',*,*,#5959,.T.);
#7686=ORIENTED_EDGE('',*,*,#5960,.T.);
#7687=ORIENTED_EDGE('',*,*,#5961,.T.);
#7688=ORIENTED_EDGE('',*,*,#5962,.T.);
#7689=ORIENTED_EDGE('',*,*,#5957,.F.);
#7690=ORIENTED_EDGE('',*,*,#5963,.T.);
#7691=ORIENTED_EDGE('',*,*,#5964,.T.);
#7692=ORIENTED_EDGE('',*,*,#5965,.T.);
#7693=ORIENTED_EDGE('',*,*,#5966,.T.);
#7694=ORIENTED_EDGE('',*,*,#5967,.T.);
#7695=ORIENTED_EDGE('',*,*,#5968,.T.);
#7696=ORIENTED_EDGE('',*,*,#5969,.T.);
#7697=ORIENTED_EDGE('',*,*,#5964,.F.);
#7698=ORIENTED_EDGE('',*,*,#5970,.T.);
#7699=ORIENTED_EDGE('',*,*,#5971,.T.);
#7700=ORIENTED_EDGE('',*,*,#5972,.T.);
#7701=ORIENTED_EDGE('',*,*,#5973,.T.);
#7702=ORIENTED_EDGE('',*,*,#5974,.T.);
#7703=ORIENTED_EDGE('',*,*,#5975,.T.);
#7704=ORIENTED_EDGE('',*,*,#5976,.T.);
#7705=ORIENTED_EDGE('',*,*,#5977,.T.);
#7706=ORIENTED_EDGE('',*,*,#5978,.T.);
#7707=ORIENTED_EDGE('',*,*,#5979,.T.);
#7708=ORIENTED_EDGE('',*,*,#5980,.T.);
#7709=ORIENTED_EDGE('',*,*,#5975,.F.);
#7710=ORIENTED_EDGE('',*,*,#5981,.T.);
#7711=ORIENTED_EDGE('',*,*,#5982,.T.);
#7712=ORIENTED_EDGE('',*,*,#5983,.T.);
#7713=ORIENTED_EDGE('',*,*,#5979,.F.);
#7714=ORIENTED_EDGE('',*,*,#5984,.T.);
#7715=ORIENTED_EDGE('',*,*,#5985,.T.);
#7716=ORIENTED_EDGE('',*,*,#5986,.T.);
#7717=ORIENTED_EDGE('',*,*,#5987,.T.);
#7718=ORIENTED_EDGE('',*,*,#5988,.T.);
#7719=ORIENTED_EDGE('',*,*,#5989,.T.);
#7720=ORIENTED_EDGE('',*,*,#5990,.T.);
#7721=ORIENTED_EDGE('',*,*,#5991,.T.);
#7722=ORIENTED_EDGE('',*,*,#5992,.T.);
#7723=ORIENTED_EDGE('',*,*,#5993,.T.);
#7724=ORIENTED_EDGE('',*,*,#5994,.T.);
#7725=ORIENTED_EDGE('',*,*,#5989,.F.);
#7726=ORIENTED_EDGE('',*,*,#5995,.T.);
#7727=ORIENTED_EDGE('',*,*,#5996,.T.);
#7728=ORIENTED_EDGE('',*,*,#5997,.T.);
#7729=ORIENTED_EDGE('',*,*,#5993,.F.);
#7730=ORIENTED_EDGE('',*,*,#5998,.T.);
#7731=ORIENTED_EDGE('',*,*,#5999,.T.);
#7732=ORIENTED_EDGE('',*,*,#6000,.T.);
#7733=ORIENTED_EDGE('',*,*,#6001,.T.);
#7734=ORIENTED_EDGE('',*,*,#6002,.T.);
#7735=ORIENTED_EDGE('',*,*,#6003,.T.);
#7736=ORIENTED_EDGE('',*,*,#6004,.T.);
#7737=ORIENTED_EDGE('',*,*,#5999,.F.);
#7738=ORIENTED_EDGE('',*,*,#6005,.T.);
#7739=ORIENTED_EDGE('',*,*,#6006,.T.);
#7740=ORIENTED_EDGE('',*,*,#6007,.T.);
#7741=ORIENTED_EDGE('',*,*,#6008,.T.);
#7742=ORIENTED_EDGE('',*,*,#6009,.T.);
#7743=ORIENTED_EDGE('',*,*,#6010,.T.);
#7744=ORIENTED_EDGE('',*,*,#6011,.T.);
#7745=ORIENTED_EDGE('',*,*,#6006,.F.);
#7746=ORIENTED_EDGE('',*,*,#6012,.T.);
#7747=ORIENTED_EDGE('',*,*,#6013,.T.);
#7748=ORIENTED_EDGE('',*,*,#6014,.T.);
#7749=ORIENTED_EDGE('',*,*,#6015,.T.);
#7750=ORIENTED_EDGE('',*,*,#6016,.T.);
#7751=ORIENTED_EDGE('',*,*,#6017,.T.);
#7752=ORIENTED_EDGE('',*,*,#6018,.T.);
#7753=ORIENTED_EDGE('',*,*,#6013,.F.);
#7754=ORIENTED_EDGE('',*,*,#6019,.T.);
#7755=ORIENTED_EDGE('',*,*,#6020,.T.);
#7756=ORIENTED_EDGE('',*,*,#6021,.T.);
#7757=ORIENTED_EDGE('',*,*,#6022,.T.);
#7758=ORIENTED_EDGE('',*,*,#6023,.T.);
#7759=ORIENTED_EDGE('',*,*,#6024,.T.);
#7760=ORIENTED_EDGE('',*,*,#6025,.T.);
#7761=ORIENTED_EDGE('',*,*,#6020,.F.);
#7762=ORIENTED_EDGE('',*,*,#6026,.T.);
#7763=ORIENTED_EDGE('',*,*,#6027,.T.);
#7764=ORIENTED_EDGE('',*,*,#6028,.T.);
#7765=ORIENTED_EDGE('',*,*,#6029,.T.);
#7766=ORIENTED_EDGE('',*,*,#6030,.T.);
#7767=ORIENTED_EDGE('',*,*,#6031,.T.);
#7768=ORIENTED_EDGE('',*,*,#6032,.T.);
#7769=ORIENTED_EDGE('',*,*,#6027,.F.);
#7770=ORIENTED_EDGE('',*,*,#6033,.T.);
#7771=ORIENTED_EDGE('',*,*,#6034,.T.);
#7772=ORIENTED_EDGE('',*,*,#6035,.T.);
#7773=ORIENTED_EDGE('',*,*,#6036,.T.);
#7774=ORIENTED_EDGE('',*,*,#6037,.T.);
#7775=ORIENTED_EDGE('',*,*,#6038,.T.);
#7776=ORIENTED_EDGE('',*,*,#6039,.T.);
#7777=ORIENTED_EDGE('',*,*,#6034,.F.);
#7778=ORIENTED_EDGE('',*,*,#6040,.T.);
#7779=ORIENTED_EDGE('',*,*,#6041,.T.);
#7780=ORIENTED_EDGE('',*,*,#6042,.T.);
#7781=ORIENTED_EDGE('',*,*,#6043,.T.);
#7782=ORIENTED_EDGE('',*,*,#6044,.T.);
#7783=ORIENTED_EDGE('',*,*,#6045,.T.);
#7784=ORIENTED_EDGE('',*,*,#6046,.T.);
#7785=ORIENTED_EDGE('',*,*,#6041,.F.);
#7786=ORIENTED_EDGE('',*,*,#6047,.T.);
#7787=ORIENTED_EDGE('',*,*,#6048,.T.);
#7788=ORIENTED_EDGE('',*,*,#6049,.T.);
#7789=ORIENTED_EDGE('',*,*,#6050,.T.);
#7790=ORIENTED_EDGE('',*,*,#6051,.T.);
#7791=ORIENTED_EDGE('',*,*,#6052,.T.);
#7792=ORIENTED_EDGE('',*,*,#6053,.T.);
#7793=ORIENTED_EDGE('',*,*,#6048,.F.);
#7794=ORIENTED_EDGE('',*,*,#6054,.T.);
#7795=ORIENTED_EDGE('',*,*,#6055,.T.);
#7796=ORIENTED_EDGE('',*,*,#6056,.T.);
#7797=ORIENTED_EDGE('',*,*,#6057,.T.);
#7798=ORIENTED_EDGE('',*,*,#6058,.T.);
#7799=ORIENTED_EDGE('',*,*,#6059,.T.);
#7800=ORIENTED_EDGE('',*,*,#6060,.T.);
#7801=ORIENTED_EDGE('',*,*,#6061,.T.);
#7802=ORIENTED_EDGE('',*,*,#6062,.T.);
#7803=ORIENTED_EDGE('',*,*,#6063,.T.);
#7804=ORIENTED_EDGE('',*,*,#6064,.T.);
#7805=ORIENTED_EDGE('',*,*,#6059,.F.);
#7806=ORIENTED_EDGE('',*,*,#6065,.T.);
#7807=ORIENTED_EDGE('',*,*,#6066,.T.);
#7808=ORIENTED_EDGE('',*,*,#6067,.T.);
#7809=ORIENTED_EDGE('',*,*,#6063,.F.);
#7810=ORIENTED_EDGE('',*,*,#6068,.T.);
#7811=ORIENTED_EDGE('',*,*,#6069,.T.);
#7812=ORIENTED_EDGE('',*,*,#6070,.T.);
#7813=ORIENTED_EDGE('',*,*,#6071,.T.);
#7814=ORIENTED_EDGE('',*,*,#6072,.T.);
#7815=ORIENTED_EDGE('',*,*,#6073,.T.);
#7816=ORIENTED_EDGE('',*,*,#6074,.T.);
#7817=ORIENTED_EDGE('',*,*,#6075,.T.);
#7818=ORIENTED_EDGE('',*,*,#6076,.T.);
#7819=ORIENTED_EDGE('',*,*,#6077,.T.);
#7820=ORIENTED_EDGE('',*,*,#6078,.T.);
#7821=ORIENTED_EDGE('',*,*,#6073,.F.);
#7822=ORIENTED_EDGE('',*,*,#6079,.T.);
#7823=ORIENTED_EDGE('',*,*,#6080,.T.);
#7824=ORIENTED_EDGE('',*,*,#6081,.T.);
#7825=ORIENTED_EDGE('',*,*,#6077,.F.);
#7826=ORIENTED_EDGE('',*,*,#6082,.T.);
#7827=ORIENTED_EDGE('',*,*,#6083,.T.);
#7828=ORIENTED_EDGE('',*,*,#6084,.T.);
#7829=ORIENTED_EDGE('',*,*,#6085,.T.);
#7830=ORIENTED_EDGE('',*,*,#6086,.T.);
#7831=ORIENTED_EDGE('',*,*,#6087,.T.);
#7832=ORIENTED_EDGE('',*,*,#6088,.T.);
#7833=ORIENTED_EDGE('',*,*,#6083,.F.);
#7834=ORIENTED_EDGE('',*,*,#6089,.T.);
#7835=ORIENTED_EDGE('',*,*,#6090,.T.);
#7836=ORIENTED_EDGE('',*,*,#6091,.T.);
#7837=ORIENTED_EDGE('',*,*,#6092,.T.);
#7838=ORIENTED_EDGE('',*,*,#6093,.T.);
#7839=ORIENTED_EDGE('',*,*,#6094,.T.);
#7840=ORIENTED_EDGE('',*,*,#6095,.T.);
#7841=ORIENTED_EDGE('',*,*,#6090,.F.);
#7842=ORIENTED_EDGE('',*,*,#6096,.T.);
#7843=ORIENTED_EDGE('',*,*,#6097,.T.);
#7844=ORIENTED_EDGE('',*,*,#6098,.T.);
#7845=ORIENTED_EDGE('',*,*,#6099,.T.);
#7846=ORIENTED_EDGE('',*,*,#6100,.T.);
#7847=ORIENTED_EDGE('',*,*,#6101,.T.);
#7848=ORIENTED_EDGE('',*,*,#6102,.T.);
#7849=ORIENTED_EDGE('',*,*,#6097,.F.);
#7850=ORIENTED_EDGE('',*,*,#6103,.T.);
#7851=ORIENTED_EDGE('',*,*,#6104,.T.);
#7852=ORIENTED_EDGE('',*,*,#6105,.T.);
#7853=ORIENTED_EDGE('',*,*,#6106,.T.);
#7854=ORIENTED_EDGE('',*,*,#6107,.T.);
#7855=ORIENTED_EDGE('',*,*,#6104,.F.);
#7856=ORIENTED_EDGE('',*,*,#6108,.T.);
#7857=ORIENTED_EDGE('',*,*,#6109,.T.);
#7858=ORIENTED_EDGE('',*,*,#6110,.T.);
#7859=ORIENTED_EDGE('',*,*,#6109,.F.);
#7860=ORIENTED_EDGE('',*,*,#6111,.T.);
#7861=ORIENTED_EDGE('',*,*,#6101,.F.);
#7862=ORIENTED_EDGE('',*,*,#6112,.T.);
#7863=ORIENTED_EDGE('',*,*,#6106,.F.);
#7864=ORIENTED_EDGE('',*,*,#6113,.T.);
#7865=ORIENTED_EDGE('',*,*,#6114,.T.);
#7866=ORIENTED_EDGE('',*,*,#6115,.T.);
#7867=ORIENTED_EDGE('',*,*,#6114,.F.);
#7868=ORIENTED_EDGE('',*,*,#6116,.T.);
#7869=ORIENTED_EDGE('',*,*,#6094,.F.);
#7870=ORIENTED_EDGE('',*,*,#6117,.T.);
#7871=ORIENTED_EDGE('',*,*,#6099,.F.);
#7872=ORIENTED_EDGE('',*,*,#6118,.T.);
#7873=ORIENTED_EDGE('',*,*,#6119,.T.);
#7874=ORIENTED_EDGE('',*,*,#6120,.T.);
#7875=ORIENTED_EDGE('',*,*,#6119,.F.);
#7876=ORIENTED_EDGE('',*,*,#6121,.T.);
#7877=ORIENTED_EDGE('',*,*,#6087,.F.);
#7878=ORIENTED_EDGE('',*,*,#6122,.T.);
#7879=ORIENTED_EDGE('',*,*,#6092,.F.);
#7880=ORIENTED_EDGE('',*,*,#6123,.T.);
#7881=ORIENTED_EDGE('',*,*,#6124,.T.);
#7882=ORIENTED_EDGE('',*,*,#6125,.T.);
#7883=ORIENTED_EDGE('',*,*,#6124,.F.);
#7884=ORIENTED_EDGE('',*,*,#6126,.T.);
#7885=ORIENTED_EDGE('',*,*,#6080,.F.);
#7886=ORIENTED_EDGE('',*,*,#6127,.T.);
#7887=ORIENTED_EDGE('',*,*,#6085,.F.);
#7888=ORIENTED_EDGE('',*,*,#6128,.T.);
#7889=ORIENTED_EDGE('',*,*,#6129,.T.);
#7890=ORIENTED_EDGE('',*,*,#6130,.T.);
#7891=ORIENTED_EDGE('',*,*,#6129,.F.);
#7892=ORIENTED_EDGE('',*,*,#6131,.T.);
#7893=ORIENTED_EDGE('',*,*,#6069,.F.);
#7894=ORIENTED_EDGE('',*,*,#6132,.T.);
#7895=ORIENTED_EDGE('',*,*,#6075,.F.);
#7896=ORIENTED_EDGE('',*,*,#6133,.T.);
#7897=ORIENTED_EDGE('',*,*,#6066,.F.);
#7898=ORIENTED_EDGE('',*,*,#6134,.T.);
#7899=ORIENTED_EDGE('',*,*,#6071,.F.);
#7900=ORIENTED_EDGE('',*,*,#6135,.T.);
#7901=ORIENTED_EDGE('',*,*,#6136,.T.);
#7902=ORIENTED_EDGE('',*,*,#6137,.T.);
#7903=ORIENTED_EDGE('',*,*,#6136,.F.);
#7904=ORIENTED_EDGE('',*,*,#6138,.T.);
#7905=ORIENTED_EDGE('',*,*,#6139,.T.);
#7906=ORIENTED_EDGE('',*,*,#6140,.T.);
#7907=ORIENTED_EDGE('',*,*,#6139,.F.);
#7908=ORIENTED_EDGE('',*,*,#6141,.T.);
#7909=ORIENTED_EDGE('',*,*,#6055,.F.);
#7910=ORIENTED_EDGE('',*,*,#6142,.T.);
#7911=ORIENTED_EDGE('',*,*,#6061,.F.);
#7912=ORIENTED_EDGE('',*,*,#6143,.T.);
#7913=ORIENTED_EDGE('',*,*,#6052,.F.);
#7914=ORIENTED_EDGE('',*,*,#6144,.T.);
#7915=ORIENTED_EDGE('',*,*,#6057,.F.);
#7916=ORIENTED_EDGE('',*,*,#6145,.T.);
#7917=ORIENTED_EDGE('',*,*,#6146,.T.);
#7918=ORIENTED_EDGE('',*,*,#6147,.T.);
#7919=ORIENTED_EDGE('',*,*,#6146,.F.);
#7920=ORIENTED_EDGE('',*,*,#6148,.T.);
#7921=ORIENTED_EDGE('',*,*,#6149,.T.);
#7922=ORIENTED_EDGE('',*,*,#6150,.T.);
#7923=ORIENTED_EDGE('',*,*,#6149,.F.);
#7924=ORIENTED_EDGE('',*,*,#6151,.T.);
#7925=ORIENTED_EDGE('',*,*,#6045,.F.);
#7926=ORIENTED_EDGE('',*,*,#6152,.T.);
#7927=ORIENTED_EDGE('',*,*,#6050,.F.);
#7928=ORIENTED_EDGE('',*,*,#6153,.T.);
#7929=ORIENTED_EDGE('',*,*,#6154,.T.);
#7930=ORIENTED_EDGE('',*,*,#6155,.T.);
#7931=ORIENTED_EDGE('',*,*,#6154,.F.);
#7932=ORIENTED_EDGE('',*,*,#6156,.T.);
#7933=ORIENTED_EDGE('',*,*,#6038,.F.);
#7934=ORIENTED_EDGE('',*,*,#6157,.T.);
#7935=ORIENTED_EDGE('',*,*,#6043,.F.);
#7936=ORIENTED_EDGE('',*,*,#6158,.T.);
#7937=ORIENTED_EDGE('',*,*,#6159,.T.);
#7938=ORIENTED_EDGE('',*,*,#6160,.T.);
#7939=ORIENTED_EDGE('',*,*,#6159,.F.);
#7940=ORIENTED_EDGE('',*,*,#6161,.T.);
#7941=ORIENTED_EDGE('',*,*,#6031,.F.);
#7942=ORIENTED_EDGE('',*,*,#6162,.T.);
#7943=ORIENTED_EDGE('',*,*,#6036,.F.);
#7944=ORIENTED_EDGE('',*,*,#6163,.T.);
#7945=ORIENTED_EDGE('',*,*,#6164,.T.);
#7946=ORIENTED_EDGE('',*,*,#6165,.T.);
#7947=ORIENTED_EDGE('',*,*,#6164,.F.);
#7948=ORIENTED_EDGE('',*,*,#6166,.T.);
#7949=ORIENTED_EDGE('',*,*,#6024,.F.);
#7950=ORIENTED_EDGE('',*,*,#6167,.T.);
#7951=ORIENTED_EDGE('',*,*,#6029,.F.);
#7952=ORIENTED_EDGE('',*,*,#6168,.T.);
#7953=ORIENTED_EDGE('',*,*,#6169,.T.);
#7954=ORIENTED_EDGE('',*,*,#6170,.T.);
#7955=ORIENTED_EDGE('',*,*,#6169,.F.);
#7956=ORIENTED_EDGE('',*,*,#6171,.T.);
#7957=ORIENTED_EDGE('',*,*,#6017,.F.);
#7958=ORIENTED_EDGE('',*,*,#6172,.T.);
#7959=ORIENTED_EDGE('',*,*,#6022,.F.);
#7960=ORIENTED_EDGE('',*,*,#6173,.T.);
#7961=ORIENTED_EDGE('',*,*,#6174,.T.);
#7962=ORIENTED_EDGE('',*,*,#6175,.T.);
#7963=ORIENTED_EDGE('',*,*,#6174,.F.);
#7964=ORIENTED_EDGE('',*,*,#6176,.T.);
#7965=ORIENTED_EDGE('',*,*,#6010,.F.);
#7966=ORIENTED_EDGE('',*,*,#6177,.T.);
#7967=ORIENTED_EDGE('',*,*,#6015,.F.);
#7968=ORIENTED_EDGE('',*,*,#6178,.T.);
#7969=ORIENTED_EDGE('',*,*,#6179,.T.);
#7970=ORIENTED_EDGE('',*,*,#6180,.T.);
#7971=ORIENTED_EDGE('',*,*,#6179,.F.);
#7972=ORIENTED_EDGE('',*,*,#6181,.T.);
#7973=ORIENTED_EDGE('',*,*,#6003,.F.);
#7974=ORIENTED_EDGE('',*,*,#6182,.T.);
#7975=ORIENTED_EDGE('',*,*,#6008,.F.);
#7976=ORIENTED_EDGE('',*,*,#6183,.T.);
#7977=ORIENTED_EDGE('',*,*,#6184,.T.);
#7978=ORIENTED_EDGE('',*,*,#6185,.T.);
#7979=ORIENTED_EDGE('',*,*,#6184,.F.);
#7980=ORIENTED_EDGE('',*,*,#6186,.T.);
#7981=ORIENTED_EDGE('',*,*,#5996,.F.);
#7982=ORIENTED_EDGE('',*,*,#6187,.T.);
#7983=ORIENTED_EDGE('',*,*,#6001,.F.);
#7984=ORIENTED_EDGE('',*,*,#6188,.T.);
#7985=ORIENTED_EDGE('',*,*,#6189,.T.);
#7986=ORIENTED_EDGE('',*,*,#6190,.T.);
#7987=ORIENTED_EDGE('',*,*,#6189,.F.);
#7988=ORIENTED_EDGE('',*,*,#6191,.T.);
#7989=ORIENTED_EDGE('',*,*,#5985,.F.);
#7990=ORIENTED_EDGE('',*,*,#6192,.T.);
#7991=ORIENTED_EDGE('',*,*,#5991,.F.);
#7992=ORIENTED_EDGE('',*,*,#6193,.T.);
#7993=ORIENTED_EDGE('',*,*,#5982,.F.);
#7994=ORIENTED_EDGE('',*,*,#6194,.T.);
#7995=ORIENTED_EDGE('',*,*,#5987,.F.);
#7996=ORIENTED_EDGE('',*,*,#6195,.T.);
#7997=ORIENTED_EDGE('',*,*,#6196,.T.);
#7998=ORIENTED_EDGE('',*,*,#6197,.T.);
#7999=ORIENTED_EDGE('',*,*,#6196,.F.);
#8000=ORIENTED_EDGE('',*,*,#6198,.T.);
#8001=ORIENTED_EDGE('',*,*,#6199,.T.);
#8002=ORIENTED_EDGE('',*,*,#6200,.T.);
#8003=ORIENTED_EDGE('',*,*,#6199,.F.);
#8004=ORIENTED_EDGE('',*,*,#6201,.T.);
#8005=ORIENTED_EDGE('',*,*,#5971,.F.);
#8006=ORIENTED_EDGE('',*,*,#6202,.T.);
#8007=ORIENTED_EDGE('',*,*,#5977,.F.);
#8008=ORIENTED_EDGE('',*,*,#6203,.T.);
#8009=ORIENTED_EDGE('',*,*,#5968,.F.);
#8010=ORIENTED_EDGE('',*,*,#6204,.T.);
#8011=ORIENTED_EDGE('',*,*,#5973,.F.);
#8012=ORIENTED_EDGE('',*,*,#6205,.T.);
#8013=ORIENTED_EDGE('',*,*,#6206,.T.);
#8014=ORIENTED_EDGE('',*,*,#6207,.T.);
#8015=ORIENTED_EDGE('',*,*,#6206,.F.);
#8016=ORIENTED_EDGE('',*,*,#6208,.T.);
#8017=ORIENTED_EDGE('',*,*,#6209,.T.);
#8018=ORIENTED_EDGE('',*,*,#6210,.T.);
#8019=ORIENTED_EDGE('',*,*,#6209,.F.);
#8020=ORIENTED_EDGE('',*,*,#6211,.T.);
#8021=ORIENTED_EDGE('',*,*,#5961,.F.);
#8022=ORIENTED_EDGE('',*,*,#6212,.T.);
#8023=ORIENTED_EDGE('',*,*,#5966,.F.);
#8024=ORIENTED_EDGE('',*,*,#6213,.T.);
#8025=ORIENTED_EDGE('',*,*,#6214,.T.);
#8026=ORIENTED_EDGE('',*,*,#6215,.T.);
#8027=ORIENTED_EDGE('',*,*,#6214,.F.);
#8028=ORIENTED_EDGE('',*,*,#6216,.T.);
#8029=ORIENTED_EDGE('',*,*,#5954,.F.);
#8030=ORIENTED_EDGE('',*,*,#6217,.T.);
#8031=ORIENTED_EDGE('',*,*,#5959,.F.);
#8032=ORIENTED_EDGE('',*,*,#6218,.T.);
#8033=ORIENTED_EDGE('',*,*,#6219,.T.);
#8034=ORIENTED_EDGE('',*,*,#6220,.T.);
#8035=ORIENTED_EDGE('',*,*,#6219,.F.);
#8036=ORIENTED_EDGE('',*,*,#6221,.T.);
#8037=ORIENTED_EDGE('',*,*,#5947,.F.);
#8038=ORIENTED_EDGE('',*,*,#6222,.T.);
#8039=ORIENTED_EDGE('',*,*,#5952,.F.);
#8040=ORIENTED_EDGE('',*,*,#6223,.T.);
#8041=ORIENTED_EDGE('',*,*,#6224,.T.);
#8042=ORIENTED_EDGE('',*,*,#6225,.T.);
#8043=ORIENTED_EDGE('',*,*,#6224,.F.);
#8044=ORIENTED_EDGE('',*,*,#6226,.T.);
#8045=ORIENTED_EDGE('',*,*,#5940,.F.);
#8046=ORIENTED_EDGE('',*,*,#6227,.T.);
#8047=ORIENTED_EDGE('',*,*,#5945,.F.);
#8048=ORIENTED_EDGE('',*,*,#6228,.T.);
#8049=ORIENTED_EDGE('',*,*,#6229,.T.);
#8050=ORIENTED_EDGE('',*,*,#6230,.T.);
#8051=ORIENTED_EDGE('',*,*,#6229,.F.);
#8052=ORIENTED_EDGE('',*,*,#6231,.T.);
#8053=ORIENTED_EDGE('',*,*,#5933,.F.);
#8054=ORIENTED_EDGE('',*,*,#6232,.T.);
#8055=ORIENTED_EDGE('',*,*,#5938,.F.);
#8056=ORIENTED_EDGE('',*,*,#6233,.T.);
#8057=ORIENTED_EDGE('',*,*,#6234,.T.);
#8058=ORIENTED_EDGE('',*,*,#6235,.T.);
#8059=ORIENTED_EDGE('',*,*,#6234,.F.);
#8060=ORIENTED_EDGE('',*,*,#6236,.T.);
#8061=ORIENTED_EDGE('',*,*,#5926,.F.);
#8062=ORIENTED_EDGE('',*,*,#6237,.T.);
#8063=ORIENTED_EDGE('',*,*,#5931,.F.);
#8064=ORIENTED_EDGE('',*,*,#6238,.T.);
#8065=ORIENTED_EDGE('',*,*,#6239,.T.);
#8066=ORIENTED_EDGE('',*,*,#6240,.T.);
#8067=ORIENTED_EDGE('',*,*,#6239,.F.);
#8068=ORIENTED_EDGE('',*,*,#6241,.T.);
#8069=ORIENTED_EDGE('',*,*,#5919,.F.);
#8070=ORIENTED_EDGE('',*,*,#6242,.T.);
#8071=ORIENTED_EDGE('',*,*,#5924,.F.);
#8072=ORIENTED_EDGE('',*,*,#6243,.T.);
#8073=ORIENTED_EDGE('',*,*,#6244,.T.);
#8074=ORIENTED_EDGE('',*,*,#6245,.T.);
#8075=ORIENTED_EDGE('',*,*,#6244,.F.);
#8076=ORIENTED_EDGE('',*,*,#6246,.T.);
#8077=ORIENTED_EDGE('',*,*,#5912,.F.);
#8078=ORIENTED_EDGE('',*,*,#6247,.T.);
#8079=ORIENTED_EDGE('',*,*,#5917,.F.);
#8080=ORIENTED_EDGE('',*,*,#6248,.T.);
#8081=ORIENTED_EDGE('',*,*,#6249,.T.);
#8082=ORIENTED_EDGE('',*,*,#6250,.T.);
#8083=ORIENTED_EDGE('',*,*,#6249,.F.);
#8084=ORIENTED_EDGE('',*,*,#6251,.T.);
#8085=ORIENTED_EDGE('',*,*,#5901,.F.);
#8086=ORIENTED_EDGE('',*,*,#6252,.T.);
#8087=ORIENTED_EDGE('',*,*,#5907,.F.);
#8088=ORIENTED_EDGE('',*,*,#6253,.T.);
#8089=ORIENTED_EDGE('',*,*,#5898,.F.);
#8090=ORIENTED_EDGE('',*,*,#6254,.T.);
#8091=ORIENTED_EDGE('',*,*,#5903,.F.);
#8092=ORIENTED_EDGE('',*,*,#6255,.T.);
#8093=ORIENTED_EDGE('',*,*,#6256,.T.);
#8094=ORIENTED_EDGE('',*,*,#6257,.T.);
#8095=ORIENTED_EDGE('',*,*,#6256,.F.);
#8096=ORIENTED_EDGE('',*,*,#6258,.T.);
#8097=ORIENTED_EDGE('',*,*,#6259,.T.);
#8098=ORIENTED_EDGE('',*,*,#6260,.T.);
#8099=ORIENTED_EDGE('',*,*,#6259,.F.);
#8100=ORIENTED_EDGE('',*,*,#6261,.T.);
#8101=ORIENTED_EDGE('',*,*,#5887,.F.);
#8102=ORIENTED_EDGE('',*,*,#6262,.T.);
#8103=ORIENTED_EDGE('',*,*,#5893,.F.);
#8104=ORIENTED_EDGE('',*,*,#6263,.T.);
#8105=ORIENTED_EDGE('',*,*,#5884,.F.);
#8106=ORIENTED_EDGE('',*,*,#6264,.T.);
#8107=ORIENTED_EDGE('',*,*,#5889,.F.);
#8108=ORIENTED_EDGE('',*,*,#6265,.T.);
#8109=ORIENTED_EDGE('',*,*,#6266,.T.);
#8110=ORIENTED_EDGE('',*,*,#6267,.T.);
#8111=ORIENTED_EDGE('',*,*,#6266,.F.);
#8112=ORIENTED_EDGE('',*,*,#6268,.T.);
#8113=ORIENTED_EDGE('',*,*,#6269,.T.);
#8114=ORIENTED_EDGE('',*,*,#6270,.T.);
#8115=ORIENTED_EDGE('',*,*,#6269,.F.);
#8116=ORIENTED_EDGE('',*,*,#6271,.T.);
#8117=ORIENTED_EDGE('',*,*,#5877,.F.);
#8118=ORIENTED_EDGE('',*,*,#6272,.T.);
#8119=ORIENTED_EDGE('',*,*,#5882,.F.);
#8120=ORIENTED_EDGE('',*,*,#6273,.T.);
#8121=ORIENTED_EDGE('',*,*,#6274,.T.);
#8122=ORIENTED_EDGE('',*,*,#6275,.T.);
#8123=ORIENTED_EDGE('',*,*,#6274,.F.);
#8124=ORIENTED_EDGE('',*,*,#6276,.T.);
#8125=ORIENTED_EDGE('',*,*,#5870,.F.);
#8126=ORIENTED_EDGE('',*,*,#6277,.T.);
#8127=ORIENTED_EDGE('',*,*,#5875,.F.);
#8128=ORIENTED_EDGE('',*,*,#6278,.T.);
#8129=ORIENTED_EDGE('',*,*,#6279,.T.);
#8130=ORIENTED_EDGE('',*,*,#6280,.T.);
#8131=ORIENTED_EDGE('',*,*,#6279,.F.);
#8132=ORIENTED_EDGE('',*,*,#6281,.T.);
#8133=ORIENTED_EDGE('',*,*,#5863,.F.);
#8134=ORIENTED_EDGE('',*,*,#6282,.T.);
#8135=ORIENTED_EDGE('',*,*,#5868,.F.);
#8136=ORIENTED_EDGE('',*,*,#6283,.T.);
#8137=ORIENTED_EDGE('',*,*,#6284,.T.);
#8138=ORIENTED_EDGE('',*,*,#6285,.T.);
#8139=ORIENTED_EDGE('',*,*,#6284,.F.);
#8140=ORIENTED_EDGE('',*,*,#6286,.T.);
#8141=ORIENTED_EDGE('',*,*,#5856,.F.);
#8142=ORIENTED_EDGE('',*,*,#6287,.T.);
#8143=ORIENTED_EDGE('',*,*,#5861,.F.);
#8144=ORIENTED_EDGE('',*,*,#6288,.T.);
#8145=ORIENTED_EDGE('',*,*,#6289,.T.);
#8146=ORIENTED_EDGE('',*,*,#6290,.T.);
#8147=ORIENTED_EDGE('',*,*,#6289,.F.);
#8148=ORIENTED_EDGE('',*,*,#6291,.T.);
#8149=ORIENTED_EDGE('',*,*,#5849,.F.);
#8150=ORIENTED_EDGE('',*,*,#6292,.T.);
#8151=ORIENTED_EDGE('',*,*,#5854,.F.);
#8152=ORIENTED_EDGE('',*,*,#6293,.T.);
#8153=ORIENTED_EDGE('',*,*,#6294,.T.);
#8154=ORIENTED_EDGE('',*,*,#6295,.T.);
#8155=ORIENTED_EDGE('',*,*,#6294,.F.);
#8156=ORIENTED_EDGE('',*,*,#6296,.T.);
#8157=ORIENTED_EDGE('',*,*,#5842,.F.);
#8158=ORIENTED_EDGE('',*,*,#6297,.T.);
#8159=ORIENTED_EDGE('',*,*,#5847,.F.);
#8160=ORIENTED_EDGE('',*,*,#6298,.T.);
#8161=ORIENTED_EDGE('',*,*,#6299,.T.);
#8162=ORIENTED_EDGE('',*,*,#6300,.T.);
#8163=ORIENTED_EDGE('',*,*,#6299,.F.);
#8164=ORIENTED_EDGE('',*,*,#6301,.T.);
#8165=ORIENTED_EDGE('',*,*,#5835,.F.);
#8166=ORIENTED_EDGE('',*,*,#6302,.T.);
#8167=ORIENTED_EDGE('',*,*,#5840,.F.);
#8168=ORIENTED_EDGE('',*,*,#6303,.T.);
#8169=ORIENTED_EDGE('',*,*,#6304,.T.);
#8170=ORIENTED_EDGE('',*,*,#6305,.T.);
#8171=ORIENTED_EDGE('',*,*,#6304,.F.);
#8172=ORIENTED_EDGE('',*,*,#6306,.T.);
#8173=ORIENTED_EDGE('',*,*,#5828,.F.);
#8174=ORIENTED_EDGE('',*,*,#6307,.T.);
#8175=ORIENTED_EDGE('',*,*,#5833,.F.);
#8176=ORIENTED_EDGE('',*,*,#6308,.T.);
#8177=ORIENTED_EDGE('',*,*,#6309,.T.);
#8178=ORIENTED_EDGE('',*,*,#6310,.T.);
#8179=ORIENTED_EDGE('',*,*,#6309,.F.);
#8180=ORIENTED_EDGE('',*,*,#6311,.T.);
#8181=ORIENTED_EDGE('',*,*,#5817,.F.);
#8182=ORIENTED_EDGE('',*,*,#6312,.T.);
#8183=ORIENTED_EDGE('',*,*,#5823,.F.);
#8184=ORIENTED_EDGE('',*,*,#6313,.T.);
#8185=ORIENTED_EDGE('',*,*,#5814,.F.);
#8186=ORIENTED_EDGE('',*,*,#6314,.T.);
#8187=ORIENTED_EDGE('',*,*,#5819,.F.);
#8188=ORIENTED_EDGE('',*,*,#6315,.T.);
#8189=ORIENTED_EDGE('',*,*,#6316,.T.);
#8190=ORIENTED_EDGE('',*,*,#6317,.T.);
#8191=ORIENTED_EDGE('',*,*,#6316,.F.);
#8192=ORIENTED_EDGE('',*,*,#6318,.T.);
#8193=ORIENTED_EDGE('',*,*,#6319,.T.);
#8194=ORIENTED_EDGE('',*,*,#6320,.T.);
#8195=ORIENTED_EDGE('',*,*,#6319,.F.);
#8196=ORIENTED_EDGE('',*,*,#6321,.T.);
#8197=ORIENTED_EDGE('',*,*,#5803,.F.);
#8198=ORIENTED_EDGE('',*,*,#6322,.T.);
#8199=ORIENTED_EDGE('',*,*,#5809,.F.);
#8200=ORIENTED_EDGE('',*,*,#6323,.T.);
#8201=ORIENTED_EDGE('',*,*,#5800,.F.);
#8202=ORIENTED_EDGE('',*,*,#6324,.T.);
#8203=ORIENTED_EDGE('',*,*,#5805,.F.);
#8204=ORIENTED_EDGE('',*,*,#6325,.T.);
#8205=ORIENTED_EDGE('',*,*,#6326,.T.);
#8206=ORIENTED_EDGE('',*,*,#6327,.T.);
#8207=ORIENTED_EDGE('',*,*,#6326,.F.);
#8208=ORIENTED_EDGE('',*,*,#6328,.T.);
#8209=ORIENTED_EDGE('',*,*,#6329,.T.);
#8210=ORIENTED_EDGE('',*,*,#6330,.T.);
#8211=ORIENTED_EDGE('',*,*,#6329,.F.);
#8212=ORIENTED_EDGE('',*,*,#6331,.T.);
#8213=ORIENTED_EDGE('',*,*,#5793,.F.);
#8214=ORIENTED_EDGE('',*,*,#6332,.T.);
#8215=ORIENTED_EDGE('',*,*,#5798,.F.);
#8216=ORIENTED_EDGE('',*,*,#6333,.T.);
#8217=ORIENTED_EDGE('',*,*,#6334,.T.);
#8218=ORIENTED_EDGE('',*,*,#6335,.T.);
#8219=ORIENTED_EDGE('',*,*,#6334,.F.);
#8220=ORIENTED_EDGE('',*,*,#6336,.T.);
#8221=ORIENTED_EDGE('',*,*,#5786,.F.);
#8222=ORIENTED_EDGE('',*,*,#6337,.T.);
#8223=ORIENTED_EDGE('',*,*,#5791,.F.);
#8224=ORIENTED_EDGE('',*,*,#6338,.T.);
#8225=ORIENTED_EDGE('',*,*,#6339,.T.);
#8226=ORIENTED_EDGE('',*,*,#6340,.T.);
#8227=ORIENTED_EDGE('',*,*,#6339,.F.);
#8228=ORIENTED_EDGE('',*,*,#6341,.T.);
#8229=ORIENTED_EDGE('',*,*,#5779,.F.);
#8230=ORIENTED_EDGE('',*,*,#6342,.T.);
#8231=ORIENTED_EDGE('',*,*,#5784,.F.);
#8232=ORIENTED_EDGE('',*,*,#6343,.T.);
#8233=ORIENTED_EDGE('',*,*,#6344,.T.);
#8234=ORIENTED_EDGE('',*,*,#6345,.T.);
#8235=ORIENTED_EDGE('',*,*,#6344,.F.);
#8236=ORIENTED_EDGE('',*,*,#6346,.T.);
#8237=ORIENTED_EDGE('',*,*,#5772,.F.);
#8238=ORIENTED_EDGE('',*,*,#6347,.T.);
#8239=ORIENTED_EDGE('',*,*,#5777,.F.);
#8240=ORIENTED_EDGE('',*,*,#6348,.T.);
#8241=ORIENTED_EDGE('',*,*,#6349,.T.);
#8242=ORIENTED_EDGE('',*,*,#6350,.T.);
#8243=ORIENTED_EDGE('',*,*,#6349,.F.);
#8244=ORIENTED_EDGE('',*,*,#6351,.T.);
#8245=ORIENTED_EDGE('',*,*,#5765,.F.);
#8246=ORIENTED_EDGE('',*,*,#6352,.T.);
#8247=ORIENTED_EDGE('',*,*,#5770,.F.);
#8248=ORIENTED_EDGE('',*,*,#6353,.T.);
#8249=ORIENTED_EDGE('',*,*,#6354,.T.);
#8250=ORIENTED_EDGE('',*,*,#6355,.T.);
#8251=ORIENTED_EDGE('',*,*,#6354,.F.);
#8252=ORIENTED_EDGE('',*,*,#6356,.T.);
#8253=ORIENTED_EDGE('',*,*,#5758,.F.);
#8254=ORIENTED_EDGE('',*,*,#6357,.T.);
#8255=ORIENTED_EDGE('',*,*,#5763,.F.);
#8256=ORIENTED_EDGE('',*,*,#6358,.T.);
#8257=ORIENTED_EDGE('',*,*,#6359,.T.);
#8258=ORIENTED_EDGE('',*,*,#6360,.T.);
#8259=ORIENTED_EDGE('',*,*,#6359,.F.);
#8260=ORIENTED_EDGE('',*,*,#6361,.T.);
#8261=ORIENTED_EDGE('',*,*,#5751,.F.);
#8262=ORIENTED_EDGE('',*,*,#6362,.T.);
#8263=ORIENTED_EDGE('',*,*,#5756,.F.);
#8264=ORIENTED_EDGE('',*,*,#6363,.T.);
#8265=ORIENTED_EDGE('',*,*,#6364,.T.);
#8266=ORIENTED_EDGE('',*,*,#6365,.T.);
#8267=ORIENTED_EDGE('',*,*,#6364,.F.);
#8268=ORIENTED_EDGE('',*,*,#6366,.T.);
#8269=ORIENTED_EDGE('',*,*,#5744,.F.);
#8270=ORIENTED_EDGE('',*,*,#6367,.T.);
#8271=ORIENTED_EDGE('',*,*,#5749,.F.);
#8272=ORIENTED_EDGE('',*,*,#6368,.T.);
#8273=ORIENTED_EDGE('',*,*,#6369,.T.);
#8274=ORIENTED_EDGE('',*,*,#6370,.T.);
#8275=ORIENTED_EDGE('',*,*,#6369,.F.);
#8276=ORIENTED_EDGE('',*,*,#6371,.T.);
#8277=ORIENTED_EDGE('',*,*,#5733,.F.);
#8278=ORIENTED_EDGE('',*,*,#6372,.T.);
#8279=ORIENTED_EDGE('',*,*,#5739,.F.);
#8280=ORIENTED_EDGE('',*,*,#6373,.T.);
#8281=ORIENTED_EDGE('',*,*,#5730,.F.);
#8282=ORIENTED_EDGE('',*,*,#6374,.T.);
#8283=ORIENTED_EDGE('',*,*,#5735,.F.);
#8284=ORIENTED_EDGE('',*,*,#6375,.T.);
#8285=ORIENTED_EDGE('',*,*,#6376,.T.);
#8286=ORIENTED_EDGE('',*,*,#6377,.T.);
#8287=ORIENTED_EDGE('',*,*,#6376,.F.);
#8288=ORIENTED_EDGE('',*,*,#6378,.T.);
#8289=ORIENTED_EDGE('',*,*,#6379,.T.);
#8290=ORIENTED_EDGE('',*,*,#6380,.T.);
#8291=ORIENTED_EDGE('',*,*,#6379,.F.);
#8292=ORIENTED_EDGE('',*,*,#6381,.T.);
#8293=ORIENTED_EDGE('',*,*,#5719,.F.);
#8294=ORIENTED_EDGE('',*,*,#6382,.T.);
#8295=ORIENTED_EDGE('',*,*,#5725,.F.);
#8296=ORIENTED_EDGE('',*,*,#6383,.T.);
#8297=ORIENTED_EDGE('',*,*,#5716,.F.);
#8298=ORIENTED_EDGE('',*,*,#6384,.T.);
#8299=ORIENTED_EDGE('',*,*,#5721,.F.);
#8300=ORIENTED_EDGE('',*,*,#6385,.T.);
#8301=ORIENTED_EDGE('',*,*,#6386,.T.);
#8302=ORIENTED_EDGE('',*,*,#6387,.T.);
#8303=ORIENTED_EDGE('',*,*,#6386,.F.);
#8304=ORIENTED_EDGE('',*,*,#6388,.T.);
#8305=ORIENTED_EDGE('',*,*,#6389,.T.);
#8306=ORIENTED_EDGE('',*,*,#6390,.T.);
#8307=ORIENTED_EDGE('',*,*,#6389,.F.);
#8308=ORIENTED_EDGE('',*,*,#6391,.T.);
#8309=ORIENTED_EDGE('',*,*,#5709,.F.);
#8310=ORIENTED_EDGE('',*,*,#6392,.T.);
#8311=ORIENTED_EDGE('',*,*,#5714,.F.);
#8312=ORIENTED_EDGE('',*,*,#6393,.T.);
#8313=ORIENTED_EDGE('',*,*,#6394,.T.);
#8314=ORIENTED_EDGE('',*,*,#6395,.T.);
#8315=ORIENTED_EDGE('',*,*,#6394,.F.);
#8316=ORIENTED_EDGE('',*,*,#6396,.T.);
#8317=ORIENTED_EDGE('',*,*,#5702,.F.);
#8318=ORIENTED_EDGE('',*,*,#6397,.T.);
#8319=ORIENTED_EDGE('',*,*,#5707,.F.);
#8320=ORIENTED_EDGE('',*,*,#6398,.T.);
#8321=ORIENTED_EDGE('',*,*,#6399,.T.);
#8322=ORIENTED_EDGE('',*,*,#6400,.T.);
#8323=ORIENTED_EDGE('',*,*,#6399,.F.);
#8324=ORIENTED_EDGE('',*,*,#6401,.T.);
#8325=ORIENTED_EDGE('',*,*,#5695,.F.);
#8326=ORIENTED_EDGE('',*,*,#6402,.T.);
#8327=ORIENTED_EDGE('',*,*,#5700,.F.);
#8328=ORIENTED_EDGE('',*,*,#6403,.T.);
#8329=ORIENTED_EDGE('',*,*,#6404,.T.);
#8330=ORIENTED_EDGE('',*,*,#6405,.T.);
#8331=ORIENTED_EDGE('',*,*,#6404,.F.);
#8332=ORIENTED_EDGE('',*,*,#6406,.T.);
#8333=ORIENTED_EDGE('',*,*,#5688,.F.);
#8334=ORIENTED_EDGE('',*,*,#6407,.T.);
#8335=ORIENTED_EDGE('',*,*,#5693,.F.);
#8336=ORIENTED_EDGE('',*,*,#6408,.T.);
#8337=ORIENTED_EDGE('',*,*,#6409,.T.);
#8338=ORIENTED_EDGE('',*,*,#6410,.T.);
#8339=ORIENTED_EDGE('',*,*,#6409,.F.);
#8340=ORIENTED_EDGE('',*,*,#6411,.T.);
#8341=ORIENTED_EDGE('',*,*,#5681,.F.);
#8342=ORIENTED_EDGE('',*,*,#6412,.T.);
#8343=ORIENTED_EDGE('',*,*,#5686,.F.);
#8344=ORIENTED_EDGE('',*,*,#6413,.T.);
#8345=ORIENTED_EDGE('',*,*,#6414,.T.);
#8346=ORIENTED_EDGE('',*,*,#6415,.T.);
#8347=ORIENTED_EDGE('',*,*,#6414,.F.);
#8348=ORIENTED_EDGE('',*,*,#6416,.T.);
#8349=ORIENTED_EDGE('',*,*,#5674,.F.);
#8350=ORIENTED_EDGE('',*,*,#6417,.T.);
#8351=ORIENTED_EDGE('',*,*,#5679,.F.);
#8352=ORIENTED_EDGE('',*,*,#6418,.T.);
#8353=ORIENTED_EDGE('',*,*,#6419,.T.);
#8354=ORIENTED_EDGE('',*,*,#6420,.T.);
#8355=ORIENTED_EDGE('',*,*,#6419,.F.);
#8356=ORIENTED_EDGE('',*,*,#6421,.T.);
#8357=ORIENTED_EDGE('',*,*,#5667,.F.);
#8358=ORIENTED_EDGE('',*,*,#6422,.T.);
#8359=ORIENTED_EDGE('',*,*,#5672,.F.);
#8360=ORIENTED_EDGE('',*,*,#6423,.T.);
#8361=ORIENTED_EDGE('',*,*,#6424,.T.);
#8362=ORIENTED_EDGE('',*,*,#6425,.T.);
#8363=ORIENTED_EDGE('',*,*,#6424,.F.);
#8364=ORIENTED_EDGE('',*,*,#6426,.T.);
#8365=ORIENTED_EDGE('',*,*,#5660,.F.);
#8366=ORIENTED_EDGE('',*,*,#6427,.T.);
#8367=ORIENTED_EDGE('',*,*,#5665,.F.);
#8368=ORIENTED_EDGE('',*,*,#6428,.T.);
#8369=ORIENTED_EDGE('',*,*,#6429,.T.);
#8370=ORIENTED_EDGE('',*,*,#6430,.T.);
#8371=ORIENTED_EDGE('',*,*,#6429,.F.);
#8372=ORIENTED_EDGE('',*,*,#6431,.T.);
#8373=ORIENTED_EDGE('',*,*,#5649,.F.);
#8374=ORIENTED_EDGE('',*,*,#6432,.T.);
#8375=ORIENTED_EDGE('',*,*,#5655,.F.);
#8376=ORIENTED_EDGE('',*,*,#6433,.T.);
#8377=ORIENTED_EDGE('',*,*,#5646,.F.);
#8378=ORIENTED_EDGE('',*,*,#6434,.T.);
#8379=ORIENTED_EDGE('',*,*,#5651,.F.);
#8380=ORIENTED_EDGE('',*,*,#6435,.T.);
#8381=ORIENTED_EDGE('',*,*,#6436,.T.);
#8382=ORIENTED_EDGE('',*,*,#6437,.T.);
#8383=ORIENTED_EDGE('',*,*,#6436,.F.);
#8384=ORIENTED_EDGE('',*,*,#6438,.T.);
#8385=ORIENTED_EDGE('',*,*,#6439,.T.);
#8386=ORIENTED_EDGE('',*,*,#6440,.T.);
#8387=ORIENTED_EDGE('',*,*,#6439,.F.);
#8388=ORIENTED_EDGE('',*,*,#6441,.T.);
#8389=ORIENTED_EDGE('',*,*,#5635,.F.);
#8390=ORIENTED_EDGE('',*,*,#6442,.T.);
#8391=ORIENTED_EDGE('',*,*,#5641,.F.);
#8392=ORIENTED_EDGE('',*,*,#6443,.T.);
#8393=ORIENTED_EDGE('',*,*,#5632,.F.);
#8394=ORIENTED_EDGE('',*,*,#6444,.T.);
#8395=ORIENTED_EDGE('',*,*,#5637,.F.);
#8396=ORIENTED_EDGE('',*,*,#6445,.T.);
#8397=ORIENTED_EDGE('',*,*,#6446,.T.);
#8398=ORIENTED_EDGE('',*,*,#6447,.T.);
#8399=ORIENTED_EDGE('',*,*,#6446,.F.);
#8400=ORIENTED_EDGE('',*,*,#6448,.T.);
#8401=ORIENTED_EDGE('',*,*,#6449,.T.);
#8402=ORIENTED_EDGE('',*,*,#6450,.T.);
#8403=ORIENTED_EDGE('',*,*,#6451,.T.);
#8404=ORIENTED_EDGE('',*,*,#5628,.F.);
#8405=ORIENTED_EDGE('',*,*,#6452,.T.);
#8406=ORIENTED_EDGE('',*,*,#6453,.T.);
#8407=ORIENTED_EDGE('',*,*,#6454,.T.);
#8408=ORIENTED_EDGE('',*,*,#6450,.F.);
#8409=ORIENTED_EDGE('',*,*,#6455,.T.);
#8410=ORIENTED_EDGE('',*,*,#6456,.T.);
#8411=ORIENTED_EDGE('',*,*,#6457,.T.);
#8412=ORIENTED_EDGE('',*,*,#6453,.F.);
#8413=ORIENTED_EDGE('',*,*,#6458,.T.);
#8414=ORIENTED_EDGE('',*,*,#6459,.T.);
#8415=ORIENTED_EDGE('',*,*,#6456,.F.);
#8416=ORIENTED_EDGE('',*,*,#6460,.T.);
#8417=ORIENTED_EDGE('',*,*,#6461,.T.);
#8418=ORIENTED_EDGE('',*,*,#6462,.T.);
#8419=ORIENTED_EDGE('',*,*,#6449,.F.);
#8420=ORIENTED_EDGE('',*,*,#6463,.T.);
#8421=ORIENTED_EDGE('',*,*,#5624,.F.);
#8422=ORIENTED_EDGE('',*,*,#6464,.T.);
#8423=ORIENTED_EDGE('',*,*,#6465,.T.);
#8424=ORIENTED_EDGE('',*,*,#6466,.T.);
#8425=ORIENTED_EDGE('',*,*,#5622,.F.);
#8426=ORIENTED_EDGE('',*,*,#6465,.F.);
#8427=ORIENTED_EDGE('',*,*,#6467,.T.);
#8428=ORIENTED_EDGE('',*,*,#6468,.T.);
#8429=ORIENTED_EDGE('',*,*,#6469,.T.);
#8430=ORIENTED_EDGE('',*,*,#6470,.T.);
#8431=ORIENTED_EDGE('',*,*,#6471,.T.);
#8432=ORIENTED_EDGE('',*,*,#6468,.F.);
#8433=ORIENTED_EDGE('',*,*,#6472,.T.);
#8434=ORIENTED_EDGE('',*,*,#6470,.F.);
#8435=ORIENTED_EDGE('',*,*,#6473,.T.);
#8436=ORIENTED_EDGE('',*,*,#6474,.T.);
#8437=ORIENTED_EDGE('',*,*,#6475,.T.);
#8438=ORIENTED_EDGE('',*,*,#6476,.T.);
#8439=ORIENTED_EDGE('',*,*,#6474,.F.);
#8440=ORIENTED_EDGE('',*,*,#6477,.T.);
#8441=ORIENTED_EDGE('',*,*,#6461,.F.);
#8442=ORIENTED_EDGE('',*,*,#6478,.T.);
#8443=ORIENTED_EDGE('',*,*,#6479,.T.);
#8444=ORIENTED_EDGE('',*,*,#5620,.F.);
#8445=ORIENTED_EDGE('',*,*,#6480,.T.);
#8446=ORIENTED_EDGE('',*,*,#6481,.T.);
#8447=ORIENTED_EDGE('',*,*,#6482,.T.);
#8448=ORIENTED_EDGE('',*,*,#6478,.F.);
#8449=ORIENTED_EDGE('',*,*,#6483,.T.);
#8450=ORIENTED_EDGE('',*,*,#6484,.T.);
#8451=ORIENTED_EDGE('',*,*,#6485,.T.);
#8452=ORIENTED_EDGE('',*,*,#6481,.F.);
#8453=ORIENTED_EDGE('',*,*,#6486,.T.);
#8454=ORIENTED_EDGE('',*,*,#6487,.T.);
#8455=ORIENTED_EDGE('',*,*,#6484,.F.);
#8456=ORIENTED_EDGE('',*,*,#6488,.T.);
#8457=ORIENTED_EDGE('',*,*,#5626,.T.);
#8458=ORIENTED_EDGE('',*,*,#5621,.F.);
#8459=ORIENTED_EDGE('',*,*,#6489,.F.);
#8460=ORIENTED_EDGE('',*,*,#6490,.F.);
#8461=ORIENTED_EDGE('',*,*,#6491,.T.);
#8462=ORIENTED_EDGE('',*,*,#6479,.F.);
#8463=ORIENTED_EDGE('',*,*,#6492,.T.);
#8464=ORIENTED_EDGE('',*,*,#6493,.F.);
#8465=ORIENTED_EDGE('',*,*,#6489,.T.);
#8466=ORIENTED_EDGE('',*,*,#6482,.F.);
#8467=ORIENTED_EDGE('',*,*,#6494,.F.);
#8468=ORIENTED_EDGE('',*,*,#6495,.F.);
#8469=ORIENTED_EDGE('',*,*,#6496,.F.);
#8470=ORIENTED_EDGE('',*,*,#6497,.F.);
#8471=ORIENTED_EDGE('',*,*,#6498,.F.);
#8472=ORIENTED_EDGE('',*,*,#6499,.F.);
#8473=ORIENTED_EDGE('',*,*,#6492,.F.);
#8474=ORIENTED_EDGE('',*,*,#6485,.F.);
#8475=ORIENTED_EDGE('',*,*,#6500,.T.);
#8476=ORIENTED_EDGE('',*,*,#6501,.T.);
#8477=ORIENTED_EDGE('',*,*,#6494,.T.);
#8478=ORIENTED_EDGE('',*,*,#6487,.F.);
#8479=ORIENTED_EDGE('',*,*,#6502,.T.);
#8480=ORIENTED_EDGE('',*,*,#6503,.F.);
#8481=ORIENTED_EDGE('',*,*,#6500,.F.);
#8482=ORIENTED_EDGE('',*,*,#5625,.F.);
#8483=ORIENTED_EDGE('',*,*,#6504,.T.);
#8484=ORIENTED_EDGE('',*,*,#6505,.F.);
#8485=ORIENTED_EDGE('',*,*,#6506,.F.);
#8486=ORIENTED_EDGE('',*,*,#6507,.F.);
#8487=ORIENTED_EDGE('',*,*,#6502,.F.);
#8488=ORIENTED_EDGE('',*,*,#6463,.F.);
#8489=ORIENTED_EDGE('',*,*,#6508,.F.);
#8490=ORIENTED_EDGE('',*,*,#6509,.F.);
#8491=ORIENTED_EDGE('',*,*,#6504,.F.);
#8492=ORIENTED_EDGE('',*,*,#6448,.F.);
#8493=ORIENTED_EDGE('',*,*,#6510,.F.);
#8494=ORIENTED_EDGE('',*,*,#6511,.F.);
#8495=ORIENTED_EDGE('',*,*,#6512,.T.);
#8496=ORIENTED_EDGE('',*,*,#6508,.T.);
#8497=ORIENTED_EDGE('',*,*,#5636,.F.);
#8498=ORIENTED_EDGE('',*,*,#6513,.T.);
#8499=ORIENTED_EDGE('',*,*,#6514,.F.);
#8500=ORIENTED_EDGE('',*,*,#6515,.F.);
#8501=ORIENTED_EDGE('',*,*,#6441,.F.);
#8502=ORIENTED_EDGE('',*,*,#6516,.F.);
#8503=ORIENTED_EDGE('',*,*,#6517,.F.);
#8504=ORIENTED_EDGE('',*,*,#6513,.F.);
#8505=ORIENTED_EDGE('',*,*,#6438,.F.);
#8506=ORIENTED_EDGE('',*,*,#6518,.F.);
#8507=ORIENTED_EDGE('',*,*,#6519,.T.);
#8508=ORIENTED_EDGE('',*,*,#6516,.T.);
#8509=ORIENTED_EDGE('',*,*,#6445,.F.);
#8510=ORIENTED_EDGE('',*,*,#6515,.T.);
#8511=ORIENTED_EDGE('',*,*,#6520,.T.);
#8512=ORIENTED_EDGE('',*,*,#6518,.T.);
#8513=ORIENTED_EDGE('',*,*,#6435,.F.);
#8514=ORIENTED_EDGE('',*,*,#6521,.T.);
#8515=ORIENTED_EDGE('',*,*,#6522,.F.);
#8516=ORIENTED_EDGE('',*,*,#6510,.T.);
#8517=ORIENTED_EDGE('',*,*,#5650,.F.);
#8518=ORIENTED_EDGE('',*,*,#6523,.T.);
#8519=ORIENTED_EDGE('',*,*,#6524,.F.);
#8520=ORIENTED_EDGE('',*,*,#6525,.F.);
#8521=ORIENTED_EDGE('',*,*,#6521,.F.);
#8522=ORIENTED_EDGE('',*,*,#6431,.F.);
#8523=ORIENTED_EDGE('',*,*,#6526,.F.);
#8524=ORIENTED_EDGE('',*,*,#6527,.F.);
#8525=ORIENTED_EDGE('',*,*,#6523,.F.);
#8526=ORIENTED_EDGE('',*,*,#6428,.F.);
#8527=ORIENTED_EDGE('',*,*,#6528,.F.);
#8528=ORIENTED_EDGE('',*,*,#6529,.F.);
#8529=ORIENTED_EDGE('',*,*,#6530,.T.);
#8530=ORIENTED_EDGE('',*,*,#6526,.T.);
#8531=ORIENTED_EDGE('',*,*,#5668,.F.);
#8532=ORIENTED_EDGE('',*,*,#6531,.T.);
#8533=ORIENTED_EDGE('',*,*,#6532,.F.);
#8534=ORIENTED_EDGE('',*,*,#6533,.F.);
#8535=ORIENTED_EDGE('',*,*,#6421,.F.);
#8536=ORIENTED_EDGE('',*,*,#6534,.F.);
#8537=ORIENTED_EDGE('',*,*,#6535,.F.);
#8538=ORIENTED_EDGE('',*,*,#6531,.F.);
#8539=ORIENTED_EDGE('',*,*,#6418,.F.);
#8540=ORIENTED_EDGE('',*,*,#6536,.F.);
#8541=ORIENTED_EDGE('',*,*,#6537,.T.);
#8542=ORIENTED_EDGE('',*,*,#6534,.T.);
#8543=ORIENTED_EDGE('',*,*,#5664,.F.);
#8544=ORIENTED_EDGE('',*,*,#6533,.T.);
#8545=ORIENTED_EDGE('',*,*,#6538,.T.);
#8546=ORIENTED_EDGE('',*,*,#6536,.T.);
#8547=ORIENTED_EDGE('',*,*,#5678,.F.);
#8548=ORIENTED_EDGE('',*,*,#6539,.T.);
#8549=ORIENTED_EDGE('',*,*,#6540,.F.);
#8550=ORIENTED_EDGE('',*,*,#6528,.T.);
#8551=ORIENTED_EDGE('',*,*,#5682,.F.);
#8552=ORIENTED_EDGE('',*,*,#6541,.T.);
#8553=ORIENTED_EDGE('',*,*,#6542,.F.);
#8554=ORIENTED_EDGE('',*,*,#6543,.F.);
#8555=ORIENTED_EDGE('',*,*,#6539,.F.);
#8556=ORIENTED_EDGE('',*,*,#6411,.F.);
#8557=ORIENTED_EDGE('',*,*,#6544,.F.);
#8558=ORIENTED_EDGE('',*,*,#6545,.F.);
#8559=ORIENTED_EDGE('',*,*,#6541,.F.);
#8560=ORIENTED_EDGE('',*,*,#6408,.F.);
#8561=ORIENTED_EDGE('',*,*,#6546,.F.);
#8562=ORIENTED_EDGE('',*,*,#6547,.F.);
#8563=ORIENTED_EDGE('',*,*,#6548,.T.);
#8564=ORIENTED_EDGE('',*,*,#6544,.T.);
#8565=ORIENTED_EDGE('',*,*,#5696,.F.);
#8566=ORIENTED_EDGE('',*,*,#6549,.T.);
#8567=ORIENTED_EDGE('',*,*,#6550,.F.);
#8568=ORIENTED_EDGE('',*,*,#6551,.F.);
#8569=ORIENTED_EDGE('',*,*,#6401,.F.);
#8570=ORIENTED_EDGE('',*,*,#6552,.F.);
#8571=ORIENTED_EDGE('',*,*,#6553,.F.);
#8572=ORIENTED_EDGE('',*,*,#6549,.F.);
#8573=ORIENTED_EDGE('',*,*,#6398,.F.);
#8574=ORIENTED_EDGE('',*,*,#6554,.F.);
#8575=ORIENTED_EDGE('',*,*,#6555,.T.);
#8576=ORIENTED_EDGE('',*,*,#6552,.T.);
#8577=ORIENTED_EDGE('',*,*,#5692,.F.);
#8578=ORIENTED_EDGE('',*,*,#6551,.T.);
#8579=ORIENTED_EDGE('',*,*,#6556,.T.);
#8580=ORIENTED_EDGE('',*,*,#6554,.T.);
#8581=ORIENTED_EDGE('',*,*,#5706,.F.);
#8582=ORIENTED_EDGE('',*,*,#6557,.T.);
#8583=ORIENTED_EDGE('',*,*,#6558,.F.);
#8584=ORIENTED_EDGE('',*,*,#6546,.T.);
#8585=ORIENTED_EDGE('',*,*,#5710,.F.);
#8586=ORIENTED_EDGE('',*,*,#6559,.T.);
#8587=ORIENTED_EDGE('',*,*,#6560,.F.);
#8588=ORIENTED_EDGE('',*,*,#6561,.F.);
#8589=ORIENTED_EDGE('',*,*,#6557,.F.);
#8590=ORIENTED_EDGE('',*,*,#6391,.F.);
#8591=ORIENTED_EDGE('',*,*,#6562,.F.);
#8592=ORIENTED_EDGE('',*,*,#6563,.F.);
#8593=ORIENTED_EDGE('',*,*,#6559,.F.);
#8594=ORIENTED_EDGE('',*,*,#6388,.F.);
#8595=ORIENTED_EDGE('',*,*,#6564,.F.);
#8596=ORIENTED_EDGE('',*,*,#6565,.F.);
#8597=ORIENTED_EDGE('',*,*,#6566,.T.);
#8598=ORIENTED_EDGE('',*,*,#6562,.T.);
#8599=ORIENTED_EDGE('',*,*,#5720,.F.);
#8600=ORIENTED_EDGE('',*,*,#6567,.T.);
#8601=ORIENTED_EDGE('',*,*,#6568,.F.);
#8602=ORIENTED_EDGE('',*,*,#6569,.F.);
#8603=ORIENTED_EDGE('',*,*,#6381,.F.);
#8604=ORIENTED_EDGE('',*,*,#6570,.F.);
#8605=ORIENTED_EDGE('',*,*,#6571,.F.);
#8606=ORIENTED_EDGE('',*,*,#6567,.F.);
#8607=ORIENTED_EDGE('',*,*,#6378,.F.);
#8608=ORIENTED_EDGE('',*,*,#6572,.F.);
#8609=ORIENTED_EDGE('',*,*,#6573,.T.);
#8610=ORIENTED_EDGE('',*,*,#6570,.T.);
#8611=ORIENTED_EDGE('',*,*,#6385,.F.);
#8612=ORIENTED_EDGE('',*,*,#6569,.T.);
#8613=ORIENTED_EDGE('',*,*,#6574,.T.);
#8614=ORIENTED_EDGE('',*,*,#6572,.T.);
#8615=ORIENTED_EDGE('',*,*,#6375,.F.);
#8616=ORIENTED_EDGE('',*,*,#6575,.T.);
#8617=ORIENTED_EDGE('',*,*,#6576,.F.);
#8618=ORIENTED_EDGE('',*,*,#6564,.T.);
#8619=ORIENTED_EDGE('',*,*,#5734,.F.);
#8620=ORIENTED_EDGE('',*,*,#6577,.T.);
#8621=ORIENTED_EDGE('',*,*,#6578,.F.);
#8622=ORIENTED_EDGE('',*,*,#6579,.F.);
#8623=ORIENTED_EDGE('',*,*,#6575,.F.);
#8624=ORIENTED_EDGE('',*,*,#6371,.F.);
#8625=ORIENTED_EDGE('',*,*,#6580,.F.);
#8626=ORIENTED_EDGE('',*,*,#6581,.F.);
#8627=ORIENTED_EDGE('',*,*,#6577,.F.);
#8628=ORIENTED_EDGE('',*,*,#6368,.F.);
#8629=ORIENTED_EDGE('',*,*,#6582,.F.);
#8630=ORIENTED_EDGE('',*,*,#6583,.F.);
#8631=ORIENTED_EDGE('',*,*,#6584,.T.);
#8632=ORIENTED_EDGE('',*,*,#6580,.T.);
#8633=ORIENTED_EDGE('',*,*,#5752,.F.);
#8634=ORIENTED_EDGE('',*,*,#6585,.T.);
#8635=ORIENTED_EDGE('',*,*,#6586,.F.);
#8636=ORIENTED_EDGE('',*,*,#6587,.F.);
#8637=ORIENTED_EDGE('',*,*,#6361,.F.);
#8638=ORIENTED_EDGE('',*,*,#6588,.F.);
#8639=ORIENTED_EDGE('',*,*,#6589,.F.);
#8640=ORIENTED_EDGE('',*,*,#6585,.F.);
#8641=ORIENTED_EDGE('',*,*,#6358,.F.);
#8642=ORIENTED_EDGE('',*,*,#6590,.F.);
#8643=ORIENTED_EDGE('',*,*,#6591,.T.);
#8644=ORIENTED_EDGE('',*,*,#6588,.T.);
#8645=ORIENTED_EDGE('',*,*,#5748,.F.);
#8646=ORIENTED_EDGE('',*,*,#6587,.T.);
#8647=ORIENTED_EDGE('',*,*,#6592,.T.);
#8648=ORIENTED_EDGE('',*,*,#6590,.T.);
#8649=ORIENTED_EDGE('',*,*,#5762,.F.);
#8650=ORIENTED_EDGE('',*,*,#6593,.T.);
#8651=ORIENTED_EDGE('',*,*,#6594,.F.);
#8652=ORIENTED_EDGE('',*,*,#6582,.T.);
#8653=ORIENTED_EDGE('',*,*,#5766,.F.);
#8654=ORIENTED_EDGE('',*,*,#6595,.T.);
#8655=ORIENTED_EDGE('',*,*,#6596,.F.);
#8656=ORIENTED_EDGE('',*,*,#6597,.F.);
#8657=ORIENTED_EDGE('',*,*,#6593,.F.);
#8658=ORIENTED_EDGE('',*,*,#6351,.F.);
#8659=ORIENTED_EDGE('',*,*,#6598,.F.);
#8660=ORIENTED_EDGE('',*,*,#6599,.F.);
#8661=ORIENTED_EDGE('',*,*,#6595,.F.);
#8662=ORIENTED_EDGE('',*,*,#6348,.F.);
#8663=ORIENTED_EDGE('',*,*,#6600,.F.);
#8664=ORIENTED_EDGE('',*,*,#6601,.F.);
#8665=ORIENTED_EDGE('',*,*,#6602,.T.);
#8666=ORIENTED_EDGE('',*,*,#6598,.T.);
#8667=ORIENTED_EDGE('',*,*,#5780,.F.);
#8668=ORIENTED_EDGE('',*,*,#6603,.T.);
#8669=ORIENTED_EDGE('',*,*,#6604,.F.);
#8670=ORIENTED_EDGE('',*,*,#6605,.F.);
#8671=ORIENTED_EDGE('',*,*,#6341,.F.);
#8672=ORIENTED_EDGE('',*,*,#6606,.F.);
#8673=ORIENTED_EDGE('',*,*,#6607,.F.);
#8674=ORIENTED_EDGE('',*,*,#6603,.F.);
#8675=ORIENTED_EDGE('',*,*,#6338,.F.);
#8676=ORIENTED_EDGE('',*,*,#6608,.F.);
#8677=ORIENTED_EDGE('',*,*,#6609,.T.);
#8678=ORIENTED_EDGE('',*,*,#6606,.T.);
#8679=ORIENTED_EDGE('',*,*,#5776,.F.);
#8680=ORIENTED_EDGE('',*,*,#6605,.T.);
#8681=ORIENTED_EDGE('',*,*,#6610,.T.);
#8682=ORIENTED_EDGE('',*,*,#6608,.T.);
#8683=ORIENTED_EDGE('',*,*,#5790,.F.);
#8684=ORIENTED_EDGE('',*,*,#6611,.T.);
#8685=ORIENTED_EDGE('',*,*,#6612,.F.);
#8686=ORIENTED_EDGE('',*,*,#6600,.T.);
#8687=ORIENTED_EDGE('',*,*,#5794,.F.);
#8688=ORIENTED_EDGE('',*,*,#6613,.T.);
#8689=ORIENTED_EDGE('',*,*,#6614,.F.);
#8690=ORIENTED_EDGE('',*,*,#6615,.F.);
#8691=ORIENTED_EDGE('',*,*,#6611,.F.);
#8692=ORIENTED_EDGE('',*,*,#6331,.F.);
#8693=ORIENTED_EDGE('',*,*,#6616,.F.);
#8694=ORIENTED_EDGE('',*,*,#6617,.F.);
#8695=ORIENTED_EDGE('',*,*,#6613,.F.);
#8696=ORIENTED_EDGE('',*,*,#6328,.F.);
#8697=ORIENTED_EDGE('',*,*,#6618,.F.);
#8698=ORIENTED_EDGE('',*,*,#6619,.F.);
#8699=ORIENTED_EDGE('',*,*,#6620,.T.);
#8700=ORIENTED_EDGE('',*,*,#6616,.T.);
#8701=ORIENTED_EDGE('',*,*,#5804,.F.);
#8702=ORIENTED_EDGE('',*,*,#6621,.T.);
#8703=ORIENTED_EDGE('',*,*,#6622,.F.);
#8704=ORIENTED_EDGE('',*,*,#6623,.F.);
#8705=ORIENTED_EDGE('',*,*,#6321,.F.);
#8706=ORIENTED_EDGE('',*,*,#6624,.F.);
#8707=ORIENTED_EDGE('',*,*,#6625,.F.);
#8708=ORIENTED_EDGE('',*,*,#6621,.F.);
#8709=ORIENTED_EDGE('',*,*,#6318,.F.);
#8710=ORIENTED_EDGE('',*,*,#6626,.F.);
#8711=ORIENTED_EDGE('',*,*,#6627,.T.);
#8712=ORIENTED_EDGE('',*,*,#6624,.T.);
#8713=ORIENTED_EDGE('',*,*,#6325,.F.);
#8714=ORIENTED_EDGE('',*,*,#6623,.T.);
#8715=ORIENTED_EDGE('',*,*,#6628,.T.);
#8716=ORIENTED_EDGE('',*,*,#6626,.T.);
#8717=ORIENTED_EDGE('',*,*,#6315,.F.);
#8718=ORIENTED_EDGE('',*,*,#6629,.T.);
#8719=ORIENTED_EDGE('',*,*,#6630,.F.);
#8720=ORIENTED_EDGE('',*,*,#6618,.T.);
#8721=ORIENTED_EDGE('',*,*,#5818,.F.);
#8722=ORIENTED_EDGE('',*,*,#6631,.T.);
#8723=ORIENTED_EDGE('',*,*,#6632,.F.);
#8724=ORIENTED_EDGE('',*,*,#6633,.F.);
#8725=ORIENTED_EDGE('',*,*,#6629,.F.);
#8726=ORIENTED_EDGE('',*,*,#6311,.F.);
#8727=ORIENTED_EDGE('',*,*,#6634,.F.);
#8728=ORIENTED_EDGE('',*,*,#6635,.F.);
#8729=ORIENTED_EDGE('',*,*,#6631,.F.);
#8730=ORIENTED_EDGE('',*,*,#6308,.F.);
#8731=ORIENTED_EDGE('',*,*,#6636,.F.);
#8732=ORIENTED_EDGE('',*,*,#6637,.F.);
#8733=ORIENTED_EDGE('',*,*,#6638,.T.);
#8734=ORIENTED_EDGE('',*,*,#6634,.T.);
#8735=ORIENTED_EDGE('',*,*,#5836,.F.);
#8736=ORIENTED_EDGE('',*,*,#6639,.T.);
#8737=ORIENTED_EDGE('',*,*,#6640,.F.);
#8738=ORIENTED_EDGE('',*,*,#6641,.F.);
#8739=ORIENTED_EDGE('',*,*,#6301,.F.);
#8740=ORIENTED_EDGE('',*,*,#6642,.F.);
#8741=ORIENTED_EDGE('',*,*,#6643,.F.);
#8742=ORIENTED_EDGE('',*,*,#6639,.F.);
#8743=ORIENTED_EDGE('',*,*,#6298,.F.);
#8744=ORIENTED_EDGE('',*,*,#6644,.F.);
#8745=ORIENTED_EDGE('',*,*,#6645,.T.);
#8746=ORIENTED_EDGE('',*,*,#6642,.T.);
#8747=ORIENTED_EDGE('',*,*,#5832,.F.);
#8748=ORIENTED_EDGE('',*,*,#6641,.T.);
#8749=ORIENTED_EDGE('',*,*,#6646,.T.);
#8750=ORIENTED_EDGE('',*,*,#6644,.T.);
#8751=ORIENTED_EDGE('',*,*,#5846,.F.);
#8752=ORIENTED_EDGE('',*,*,#6647,.T.);
#8753=ORIENTED_EDGE('',*,*,#6648,.F.);
#8754=ORIENTED_EDGE('',*,*,#6636,.T.);
#8755=ORIENTED_EDGE('',*,*,#5850,.F.);
#8756=ORIENTED_EDGE('',*,*,#6649,.T.);
#8757=ORIENTED_EDGE('',*,*,#6650,.F.);
#8758=ORIENTED_EDGE('',*,*,#6651,.F.);
#8759=ORIENTED_EDGE('',*,*,#6647,.F.);
#8760=ORIENTED_EDGE('',*,*,#6291,.F.);
#8761=ORIENTED_EDGE('',*,*,#6652,.F.);
#8762=ORIENTED_EDGE('',*,*,#6653,.F.);
#8763=ORIENTED_EDGE('',*,*,#6649,.F.);
#8764=ORIENTED_EDGE('',*,*,#6288,.F.);
#8765=ORIENTED_EDGE('',*,*,#6654,.F.);
#8766=ORIENTED_EDGE('',*,*,#6655,.F.);
#8767=ORIENTED_EDGE('',*,*,#6656,.T.);
#8768=ORIENTED_EDGE('',*,*,#6652,.T.);
#8769=ORIENTED_EDGE('',*,*,#5864,.F.);
#8770=ORIENTED_EDGE('',*,*,#6657,.T.);
#8771=ORIENTED_EDGE('',*,*,#6658,.F.);
#8772=ORIENTED_EDGE('',*,*,#6659,.F.);
#8773=ORIENTED_EDGE('',*,*,#6281,.F.);
#8774=ORIENTED_EDGE('',*,*,#6660,.F.);
#8775=ORIENTED_EDGE('',*,*,#6661,.F.);
#8776=ORIENTED_EDGE('',*,*,#6657,.F.);
#8777=ORIENTED_EDGE('',*,*,#6278,.F.);
#8778=ORIENTED_EDGE('',*,*,#6662,.F.);
#8779=ORIENTED_EDGE('',*,*,#6663,.T.);
#8780=ORIENTED_EDGE('',*,*,#6660,.T.);
#8781=ORIENTED_EDGE('',*,*,#5860,.F.);
#8782=ORIENTED_EDGE('',*,*,#6659,.T.);
#8783=ORIENTED_EDGE('',*,*,#6664,.T.);
#8784=ORIENTED_EDGE('',*,*,#6662,.T.);
#8785=ORIENTED_EDGE('',*,*,#5874,.F.);
#8786=ORIENTED_EDGE('',*,*,#6665,.T.);
#8787=ORIENTED_EDGE('',*,*,#6666,.F.);
#8788=ORIENTED_EDGE('',*,*,#6654,.T.);
#8789=ORIENTED_EDGE('',*,*,#5878,.F.);
#8790=ORIENTED_EDGE('',*,*,#6667,.T.);
#8791=ORIENTED_EDGE('',*,*,#6668,.F.);
#8792=ORIENTED_EDGE('',*,*,#6669,.F.);
#8793=ORIENTED_EDGE('',*,*,#6665,.F.);
#8794=ORIENTED_EDGE('',*,*,#6271,.F.);
#8795=ORIENTED_EDGE('',*,*,#6670,.F.);
#8796=ORIENTED_EDGE('',*,*,#6671,.F.);
#8797=ORIENTED_EDGE('',*,*,#6667,.F.);
#8798=ORIENTED_EDGE('',*,*,#6268,.F.);
#8799=ORIENTED_EDGE('',*,*,#6672,.F.);
#8800=ORIENTED_EDGE('',*,*,#6673,.F.);
#8801=ORIENTED_EDGE('',*,*,#6674,.T.);
#8802=ORIENTED_EDGE('',*,*,#6670,.T.);
#8803=ORIENTED_EDGE('',*,*,#5888,.F.);
#8804=ORIENTED_EDGE('',*,*,#6675,.T.);
#8805=ORIENTED_EDGE('',*,*,#6676,.F.);
#8806=ORIENTED_EDGE('',*,*,#6677,.F.);
#8807=ORIENTED_EDGE('',*,*,#6261,.F.);
#8808=ORIENTED_EDGE('',*,*,#6678,.F.);
#8809=ORIENTED_EDGE('',*,*,#6679,.F.);
#8810=ORIENTED_EDGE('',*,*,#6675,.F.);
#8811=ORIENTED_EDGE('',*,*,#6258,.F.);
#8812=ORIENTED_EDGE('',*,*,#6680,.F.);
#8813=ORIENTED_EDGE('',*,*,#6681,.T.);
#8814=ORIENTED_EDGE('',*,*,#6678,.T.);
#8815=ORIENTED_EDGE('',*,*,#6265,.F.);
#8816=ORIENTED_EDGE('',*,*,#6677,.T.);
#8817=ORIENTED_EDGE('',*,*,#6682,.T.);
#8818=ORIENTED_EDGE('',*,*,#6680,.T.);
#8819=ORIENTED_EDGE('',*,*,#6255,.F.);
#8820=ORIENTED_EDGE('',*,*,#6683,.T.);
#8821=ORIENTED_EDGE('',*,*,#6684,.F.);
#8822=ORIENTED_EDGE('',*,*,#6672,.T.);
#8823=ORIENTED_EDGE('',*,*,#5902,.F.);
#8824=ORIENTED_EDGE('',*,*,#6685,.T.);
#8825=ORIENTED_EDGE('',*,*,#6686,.F.);
#8826=ORIENTED_EDGE('',*,*,#6687,.F.);
#8827=ORIENTED_EDGE('',*,*,#6683,.F.);
#8828=ORIENTED_EDGE('',*,*,#6251,.F.);
#8829=ORIENTED_EDGE('',*,*,#6688,.F.);
#8830=ORIENTED_EDGE('',*,*,#6689,.F.);
#8831=ORIENTED_EDGE('',*,*,#6685,.F.);
#8832=ORIENTED_EDGE('',*,*,#6248,.F.);
#8833=ORIENTED_EDGE('',*,*,#6690,.F.);
#8834=ORIENTED_EDGE('',*,*,#6691,.F.);
#8835=ORIENTED_EDGE('',*,*,#6692,.T.);
#8836=ORIENTED_EDGE('',*,*,#6688,.T.);
#8837=ORIENTED_EDGE('',*,*,#5920,.F.);
#8838=ORIENTED_EDGE('',*,*,#6693,.T.);
#8839=ORIENTED_EDGE('',*,*,#6694,.F.);
#8840=ORIENTED_EDGE('',*,*,#6695,.F.);
#8841=ORIENTED_EDGE('',*,*,#6241,.F.);
#8842=ORIENTED_EDGE('',*,*,#6696,.F.);
#8843=ORIENTED_EDGE('',*,*,#6697,.F.);
#8844=ORIENTED_EDGE('',*,*,#6693,.F.);
#8845=ORIENTED_EDGE('',*,*,#6238,.F.);
#8846=ORIENTED_EDGE('',*,*,#6698,.F.);
#8847=ORIENTED_EDGE('',*,*,#6699,.T.);
#8848=ORIENTED_EDGE('',*,*,#6696,.T.);
#8849=ORIENTED_EDGE('',*,*,#5916,.F.);
#8850=ORIENTED_EDGE('',*,*,#6695,.T.);
#8851=ORIENTED_EDGE('',*,*,#6700,.T.);
#8852=ORIENTED_EDGE('',*,*,#6698,.T.);
#8853=ORIENTED_EDGE('',*,*,#5930,.F.);
#8854=ORIENTED_EDGE('',*,*,#6701,.T.);
#8855=ORIENTED_EDGE('',*,*,#6702,.F.);
#8856=ORIENTED_EDGE('',*,*,#6690,.T.);
#8857=ORIENTED_EDGE('',*,*,#5934,.F.);
#8858=ORIENTED_EDGE('',*,*,#6703,.T.);
#8859=ORIENTED_EDGE('',*,*,#6704,.F.);
#8860=ORIENTED_EDGE('',*,*,#6705,.F.);
#8861=ORIENTED_EDGE('',*,*,#6701,.F.);
#8862=ORIENTED_EDGE('',*,*,#6231,.F.);
#8863=ORIENTED_EDGE('',*,*,#6706,.F.);
#8864=ORIENTED_EDGE('',*,*,#6707,.F.);
#8865=ORIENTED_EDGE('',*,*,#6703,.F.);
#8866=ORIENTED_EDGE('',*,*,#6228,.F.);
#8867=ORIENTED_EDGE('',*,*,#6708,.F.);
#8868=ORIENTED_EDGE('',*,*,#6709,.F.);
#8869=ORIENTED_EDGE('',*,*,#6710,.T.);
#8870=ORIENTED_EDGE('',*,*,#6706,.T.);
#8871=ORIENTED_EDGE('',*,*,#5948,.F.);
#8872=ORIENTED_EDGE('',*,*,#6711,.T.);
#8873=ORIENTED_EDGE('',*,*,#6712,.F.);
#8874=ORIENTED_EDGE('',*,*,#6713,.F.);
#8875=ORIENTED_EDGE('',*,*,#6221,.F.);
#8876=ORIENTED_EDGE('',*,*,#6714,.F.);
#8877=ORIENTED_EDGE('',*,*,#6715,.F.);
#8878=ORIENTED_EDGE('',*,*,#6711,.F.);
#8879=ORIENTED_EDGE('',*,*,#6218,.F.);
#8880=ORIENTED_EDGE('',*,*,#6716,.F.);
#8881=ORIENTED_EDGE('',*,*,#6717,.T.);
#8882=ORIENTED_EDGE('',*,*,#6714,.T.);
#8883=ORIENTED_EDGE('',*,*,#5944,.F.);
#8884=ORIENTED_EDGE('',*,*,#6713,.T.);
#8885=ORIENTED_EDGE('',*,*,#6718,.T.);
#8886=ORIENTED_EDGE('',*,*,#6716,.T.);
#8887=ORIENTED_EDGE('',*,*,#5958,.F.);
#8888=ORIENTED_EDGE('',*,*,#6719,.T.);
#8889=ORIENTED_EDGE('',*,*,#6720,.F.);
#8890=ORIENTED_EDGE('',*,*,#6708,.T.);
#8891=ORIENTED_EDGE('',*,*,#5962,.F.);
#8892=ORIENTED_EDGE('',*,*,#6721,.T.);
#8893=ORIENTED_EDGE('',*,*,#6722,.F.);
#8894=ORIENTED_EDGE('',*,*,#6723,.F.);
#8895=ORIENTED_EDGE('',*,*,#6719,.F.);
#8896=ORIENTED_EDGE('',*,*,#6211,.F.);
#8897=ORIENTED_EDGE('',*,*,#6724,.F.);
#8898=ORIENTED_EDGE('',*,*,#6725,.F.);
#8899=ORIENTED_EDGE('',*,*,#6721,.F.);
#8900=ORIENTED_EDGE('',*,*,#6208,.F.);
#8901=ORIENTED_EDGE('',*,*,#6726,.F.);
#8902=ORIENTED_EDGE('',*,*,#6727,.F.);
#8903=ORIENTED_EDGE('',*,*,#6728,.T.);
#8904=ORIENTED_EDGE('',*,*,#6724,.T.);
#8905=ORIENTED_EDGE('',*,*,#5972,.F.);
#8906=ORIENTED_EDGE('',*,*,#6729,.T.);
#8907=ORIENTED_EDGE('',*,*,#6730,.F.);
#8908=ORIENTED_EDGE('',*,*,#6731,.F.);
#8909=ORIENTED_EDGE('',*,*,#6201,.F.);
#8910=ORIENTED_EDGE('',*,*,#6732,.F.);
#8911=ORIENTED_EDGE('',*,*,#6733,.F.);
#8912=ORIENTED_EDGE('',*,*,#6729,.F.);
#8913=ORIENTED_EDGE('',*,*,#6198,.F.);
#8914=ORIENTED_EDGE('',*,*,#6734,.F.);
#8915=ORIENTED_EDGE('',*,*,#6735,.T.);
#8916=ORIENTED_EDGE('',*,*,#6732,.T.);
#8917=ORIENTED_EDGE('',*,*,#6205,.F.);
#8918=ORIENTED_EDGE('',*,*,#6731,.T.);
#8919=ORIENTED_EDGE('',*,*,#6736,.T.);
#8920=ORIENTED_EDGE('',*,*,#6734,.T.);
#8921=ORIENTED_EDGE('',*,*,#6195,.F.);
#8922=ORIENTED_EDGE('',*,*,#6737,.T.);
#8923=ORIENTED_EDGE('',*,*,#6738,.F.);
#8924=ORIENTED_EDGE('',*,*,#6726,.T.);
#8925=ORIENTED_EDGE('',*,*,#5986,.F.);
#8926=ORIENTED_EDGE('',*,*,#6739,.T.);
#8927=ORIENTED_EDGE('',*,*,#6740,.F.);
#8928=ORIENTED_EDGE('',*,*,#6741,.F.);
#8929=ORIENTED_EDGE('',*,*,#6737,.F.);
#8930=ORIENTED_EDGE('',*,*,#6191,.F.);
#8931=ORIENTED_EDGE('',*,*,#6742,.F.);
#8932=ORIENTED_EDGE('',*,*,#6743,.F.);
#8933=ORIENTED_EDGE('',*,*,#6739,.F.);
#8934=ORIENTED_EDGE('',*,*,#6188,.F.);
#8935=ORIENTED_EDGE('',*,*,#6744,.F.);
#8936=ORIENTED_EDGE('',*,*,#6745,.F.);
#8937=ORIENTED_EDGE('',*,*,#6746,.T.);
#8938=ORIENTED_EDGE('',*,*,#6742,.T.);
#8939=ORIENTED_EDGE('',*,*,#6004,.F.);
#8940=ORIENTED_EDGE('',*,*,#6747,.T.);
#8941=ORIENTED_EDGE('',*,*,#6748,.F.);
#8942=ORIENTED_EDGE('',*,*,#6749,.F.);
#8943=ORIENTED_EDGE('',*,*,#6181,.F.);
#8944=ORIENTED_EDGE('',*,*,#6750,.F.);
#8945=ORIENTED_EDGE('',*,*,#6751,.F.);
#8946=ORIENTED_EDGE('',*,*,#6747,.F.);
#8947=ORIENTED_EDGE('',*,*,#6178,.F.);
#8948=ORIENTED_EDGE('',*,*,#6752,.F.);
#8949=ORIENTED_EDGE('',*,*,#6753,.T.);
#8950=ORIENTED_EDGE('',*,*,#6750,.T.);
#8951=ORIENTED_EDGE('',*,*,#6000,.F.);
#8952=ORIENTED_EDGE('',*,*,#6749,.T.);
#8953=ORIENTED_EDGE('',*,*,#6754,.T.);
#8954=ORIENTED_EDGE('',*,*,#6752,.T.);
#8955=ORIENTED_EDGE('',*,*,#6014,.F.);
#8956=ORIENTED_EDGE('',*,*,#6755,.T.);
#8957=ORIENTED_EDGE('',*,*,#6756,.F.);
#8958=ORIENTED_EDGE('',*,*,#6744,.T.);
#8959=ORIENTED_EDGE('',*,*,#6018,.F.);
#8960=ORIENTED_EDGE('',*,*,#6757,.T.);
#8961=ORIENTED_EDGE('',*,*,#6758,.F.);
#8962=ORIENTED_EDGE('',*,*,#6759,.F.);
#8963=ORIENTED_EDGE('',*,*,#6755,.F.);
#8964=ORIENTED_EDGE('',*,*,#6171,.F.);
#8965=ORIENTED_EDGE('',*,*,#6760,.F.);
#8966=ORIENTED_EDGE('',*,*,#6761,.F.);
#8967=ORIENTED_EDGE('',*,*,#6757,.F.);
#8968=ORIENTED_EDGE('',*,*,#6168,.F.);
#8969=ORIENTED_EDGE('',*,*,#6762,.F.);
#8970=ORIENTED_EDGE('',*,*,#6763,.F.);
#8971=ORIENTED_EDGE('',*,*,#6764,.T.);
#8972=ORIENTED_EDGE('',*,*,#6760,.T.);
#8973=ORIENTED_EDGE('',*,*,#6032,.F.);
#8974=ORIENTED_EDGE('',*,*,#6765,.T.);
#8975=ORIENTED_EDGE('',*,*,#6766,.F.);
#8976=ORIENTED_EDGE('',*,*,#6767,.F.);
#8977=ORIENTED_EDGE('',*,*,#6161,.F.);
#8978=ORIENTED_EDGE('',*,*,#6768,.F.);
#8979=ORIENTED_EDGE('',*,*,#6769,.F.);
#8980=ORIENTED_EDGE('',*,*,#6765,.F.);
#8981=ORIENTED_EDGE('',*,*,#6158,.F.);
#8982=ORIENTED_EDGE('',*,*,#6770,.F.);
#8983=ORIENTED_EDGE('',*,*,#6771,.T.);
#8984=ORIENTED_EDGE('',*,*,#6768,.T.);
#8985=ORIENTED_EDGE('',*,*,#6028,.F.);
#8986=ORIENTED_EDGE('',*,*,#6767,.T.);
#8987=ORIENTED_EDGE('',*,*,#6772,.T.);
#8988=ORIENTED_EDGE('',*,*,#6770,.T.);
#8989=ORIENTED_EDGE('',*,*,#6042,.F.);
#8990=ORIENTED_EDGE('',*,*,#6773,.T.);
#8991=ORIENTED_EDGE('',*,*,#6774,.F.);
#8992=ORIENTED_EDGE('',*,*,#6762,.T.);
#8993=ORIENTED_EDGE('',*,*,#6046,.F.);
#8994=ORIENTED_EDGE('',*,*,#6775,.T.);
#8995=ORIENTED_EDGE('',*,*,#6776,.F.);
#8996=ORIENTED_EDGE('',*,*,#6777,.F.);
#8997=ORIENTED_EDGE('',*,*,#6773,.F.);
#8998=ORIENTED_EDGE('',*,*,#6151,.F.);
#8999=ORIENTED_EDGE('',*,*,#6778,.F.);
#9000=ORIENTED_EDGE('',*,*,#6779,.F.);
#9001=ORIENTED_EDGE('',*,*,#6775,.F.);
#9002=ORIENTED_EDGE('',*,*,#6148,.F.);
#9003=ORIENTED_EDGE('',*,*,#6780,.F.);
#9004=ORIENTED_EDGE('',*,*,#6781,.F.);
#9005=ORIENTED_EDGE('',*,*,#6782,.T.);
#9006=ORIENTED_EDGE('',*,*,#6778,.T.);
#9007=ORIENTED_EDGE('',*,*,#6056,.F.);
#9008=ORIENTED_EDGE('',*,*,#6783,.T.);
#9009=ORIENTED_EDGE('',*,*,#6784,.F.);
#9010=ORIENTED_EDGE('',*,*,#6785,.F.);
#9011=ORIENTED_EDGE('',*,*,#6141,.F.);
#9012=ORIENTED_EDGE('',*,*,#6786,.F.);
#9013=ORIENTED_EDGE('',*,*,#6787,.F.);
#9014=ORIENTED_EDGE('',*,*,#6783,.F.);
#9015=ORIENTED_EDGE('',*,*,#6138,.F.);
#9016=ORIENTED_EDGE('',*,*,#6788,.F.);
#9017=ORIENTED_EDGE('',*,*,#6789,.T.);
#9018=ORIENTED_EDGE('',*,*,#6786,.T.);
#9019=ORIENTED_EDGE('',*,*,#6145,.F.);
#9020=ORIENTED_EDGE('',*,*,#6785,.T.);
#9021=ORIENTED_EDGE('',*,*,#6790,.T.);
#9022=ORIENTED_EDGE('',*,*,#6788,.T.);
#9023=ORIENTED_EDGE('',*,*,#6135,.F.);
#9024=ORIENTED_EDGE('',*,*,#6791,.T.);
#9025=ORIENTED_EDGE('',*,*,#6792,.F.);
#9026=ORIENTED_EDGE('',*,*,#6780,.T.);
#9027=ORIENTED_EDGE('',*,*,#6070,.F.);
#9028=ORIENTED_EDGE('',*,*,#6793,.T.);
#9029=ORIENTED_EDGE('',*,*,#6794,.F.);
#9030=ORIENTED_EDGE('',*,*,#6795,.F.);
#9031=ORIENTED_EDGE('',*,*,#6791,.F.);
#9032=ORIENTED_EDGE('',*,*,#6131,.F.);
#9033=ORIENTED_EDGE('',*,*,#6796,.F.);
#9034=ORIENTED_EDGE('',*,*,#6797,.F.);
#9035=ORIENTED_EDGE('',*,*,#6793,.F.);
#9036=ORIENTED_EDGE('',*,*,#6128,.F.);
#9037=ORIENTED_EDGE('',*,*,#6798,.F.);
#9038=ORIENTED_EDGE('',*,*,#6799,.F.);
#9039=ORIENTED_EDGE('',*,*,#6800,.T.);
#9040=ORIENTED_EDGE('',*,*,#6796,.T.);
#9041=ORIENTED_EDGE('',*,*,#6088,.F.);
#9042=ORIENTED_EDGE('',*,*,#6801,.T.);
#9043=ORIENTED_EDGE('',*,*,#6802,.F.);
#9044=ORIENTED_EDGE('',*,*,#6803,.F.);
#9045=ORIENTED_EDGE('',*,*,#6121,.F.);
#9046=ORIENTED_EDGE('',*,*,#6804,.F.);
#9047=ORIENTED_EDGE('',*,*,#6805,.F.);
#9048=ORIENTED_EDGE('',*,*,#6801,.F.);
#9049=ORIENTED_EDGE('',*,*,#6118,.F.);
#9050=ORIENTED_EDGE('',*,*,#6806,.F.);
#9051=ORIENTED_EDGE('',*,*,#6807,.T.);
#9052=ORIENTED_EDGE('',*,*,#6804,.T.);
#9053=ORIENTED_EDGE('',*,*,#6084,.F.);
#9054=ORIENTED_EDGE('',*,*,#6803,.T.);
#9055=ORIENTED_EDGE('',*,*,#6808,.T.);
#9056=ORIENTED_EDGE('',*,*,#6806,.T.);
#9057=ORIENTED_EDGE('',*,*,#6098,.F.);
#9058=ORIENTED_EDGE('',*,*,#6809,.T.);
#9059=ORIENTED_EDGE('',*,*,#6810,.F.);
#9060=ORIENTED_EDGE('',*,*,#6798,.T.);
#9061=ORIENTED_EDGE('',*,*,#6102,.F.);
#9062=ORIENTED_EDGE('',*,*,#6811,.T.);
#9063=ORIENTED_EDGE('',*,*,#6812,.F.);
#9064=ORIENTED_EDGE('',*,*,#6813,.F.);
#9065=ORIENTED_EDGE('',*,*,#6809,.F.);
#9066=ORIENTED_EDGE('',*,*,#6111,.F.);
#9067=ORIENTED_EDGE('',*,*,#6814,.F.);
#9068=ORIENTED_EDGE('',*,*,#6815,.F.);
#9069=ORIENTED_EDGE('',*,*,#6816,.F.);
#9070=ORIENTED_EDGE('',*,*,#6817,.F.);
#9071=ORIENTED_EDGE('',*,*,#6818,.F.);
#9072=ORIENTED_EDGE('',*,*,#6819,.F.);
#9073=ORIENTED_EDGE('',*,*,#6820,.F.);
#9074=ORIENTED_EDGE('',*,*,#6821,.F.);
#9075=ORIENTED_EDGE('',*,*,#6822,.F.);
#9076=ORIENTED_EDGE('',*,*,#6823,.F.);
#9077=ORIENTED_EDGE('',*,*,#6811,.F.);
#9078=ORIENTED_EDGE('',*,*,#6108,.F.);
#9079=ORIENTED_EDGE('',*,*,#6824,.F.);
#9080=ORIENTED_EDGE('',*,*,#6825,.F.);
#9081=ORIENTED_EDGE('',*,*,#6826,.T.);
#9082=ORIENTED_EDGE('',*,*,#6814,.T.);
#9083=ORIENTED_EDGE('',*,*,#6105,.F.);
#9084=ORIENTED_EDGE('',*,*,#6107,.F.);
#9085=ORIENTED_EDGE('',*,*,#6110,.F.);
#9086=ORIENTED_EDGE('',*,*,#6100,.F.);
#9087=ORIENTED_EDGE('',*,*,#6096,.F.);
#9088=ORIENTED_EDGE('',*,*,#6117,.F.);
#9089=ORIENTED_EDGE('',*,*,#6120,.F.);
#9090=ORIENTED_EDGE('',*,*,#6086,.F.);
#9091=ORIENTED_EDGE('',*,*,#6082,.F.);
#9092=ORIENTED_EDGE('',*,*,#6127,.F.);
#9093=ORIENTED_EDGE('',*,*,#6130,.F.);
#9094=ORIENTED_EDGE('',*,*,#6068,.F.);
#9095=ORIENTED_EDGE('',*,*,#6134,.F.);
#9096=ORIENTED_EDGE('',*,*,#6137,.F.);
#9097=ORIENTED_EDGE('',*,*,#6140,.F.);
#9098=ORIENTED_EDGE('',*,*,#6054,.F.);
#9099=ORIENTED_EDGE('',*,*,#6144,.F.);
#9100=ORIENTED_EDGE('',*,*,#6147,.F.);
#9101=ORIENTED_EDGE('',*,*,#6150,.F.);
#9102=ORIENTED_EDGE('',*,*,#6044,.F.);
#9103=ORIENTED_EDGE('',*,*,#6040,.F.);
#9104=ORIENTED_EDGE('',*,*,#6157,.F.);
#9105=ORIENTED_EDGE('',*,*,#6160,.F.);
#9106=ORIENTED_EDGE('',*,*,#6030,.F.);
#9107=ORIENTED_EDGE('',*,*,#6026,.F.);
#9108=ORIENTED_EDGE('',*,*,#6167,.F.);
#9109=ORIENTED_EDGE('',*,*,#6170,.F.);
#9110=ORIENTED_EDGE('',*,*,#6016,.F.);
#9111=ORIENTED_EDGE('',*,*,#6012,.F.);
#9112=ORIENTED_EDGE('',*,*,#6177,.F.);
#9113=ORIENTED_EDGE('',*,*,#6180,.F.);
#9114=ORIENTED_EDGE('',*,*,#6002,.F.);
#9115=ORIENTED_EDGE('',*,*,#5998,.F.);
#9116=ORIENTED_EDGE('',*,*,#6187,.F.);
#9117=ORIENTED_EDGE('',*,*,#6190,.F.);
#9118=ORIENTED_EDGE('',*,*,#5984,.F.);
#9119=ORIENTED_EDGE('',*,*,#6194,.F.);
#9120=ORIENTED_EDGE('',*,*,#6197,.F.);
#9121=ORIENTED_EDGE('',*,*,#6200,.F.);
#9122=ORIENTED_EDGE('',*,*,#5970,.F.);
#9123=ORIENTED_EDGE('',*,*,#6204,.F.);
#9124=ORIENTED_EDGE('',*,*,#6207,.F.);
#9125=ORIENTED_EDGE('',*,*,#6210,.F.);
#9126=ORIENTED_EDGE('',*,*,#5960,.F.);
#9127=ORIENTED_EDGE('',*,*,#5956,.F.);
#9128=ORIENTED_EDGE('',*,*,#6217,.F.);
#9129=ORIENTED_EDGE('',*,*,#6220,.F.);
#9130=ORIENTED_EDGE('',*,*,#5946,.F.);
#9131=ORIENTED_EDGE('',*,*,#5942,.F.);
#9132=ORIENTED_EDGE('',*,*,#6227,.F.);
#9133=ORIENTED_EDGE('',*,*,#6230,.F.);
#9134=ORIENTED_EDGE('',*,*,#5932,.F.);
#9135=ORIENTED_EDGE('',*,*,#5928,.F.);
#9136=ORIENTED_EDGE('',*,*,#6237,.F.);
#9137=ORIENTED_EDGE('',*,*,#6240,.F.);
#9138=ORIENTED_EDGE('',*,*,#5918,.F.);
#9139=ORIENTED_EDGE('',*,*,#5914,.F.);
#9140=ORIENTED_EDGE('',*,*,#6247,.F.);
#9141=ORIENTED_EDGE('',*,*,#6250,.F.);
#9142=ORIENTED_EDGE('',*,*,#5900,.F.);
#9143=ORIENTED_EDGE('',*,*,#6254,.F.);
#9144=ORIENTED_EDGE('',*,*,#6257,.F.);
#9145=ORIENTED_EDGE('',*,*,#6260,.F.);
#9146=ORIENTED_EDGE('',*,*,#5886,.F.);
#9147=ORIENTED_EDGE('',*,*,#6264,.F.);
#9148=ORIENTED_EDGE('',*,*,#6267,.F.);
#9149=ORIENTED_EDGE('',*,*,#6270,.F.);
#9150=ORIENTED_EDGE('',*,*,#5876,.F.);
#9151=ORIENTED_EDGE('',*,*,#5872,.F.);
#9152=ORIENTED_EDGE('',*,*,#6277,.F.);
#9153=ORIENTED_EDGE('',*,*,#6280,.F.);
#9154=ORIENTED_EDGE('',*,*,#5862,.F.);
#9155=ORIENTED_EDGE('',*,*,#5858,.F.);
#9156=ORIENTED_EDGE('',*,*,#6287,.F.);
#9157=ORIENTED_EDGE('',*,*,#6290,.F.);
#9158=ORIENTED_EDGE('',*,*,#5848,.F.);
#9159=ORIENTED_EDGE('',*,*,#5844,.F.);
#9160=ORIENTED_EDGE('',*,*,#6297,.F.);
#9161=ORIENTED_EDGE('',*,*,#6300,.F.);
#9162=ORIENTED_EDGE('',*,*,#5834,.F.);
#9163=ORIENTED_EDGE('',*,*,#5830,.F.);
#9164=ORIENTED_EDGE('',*,*,#6307,.F.);
#9165=ORIENTED_EDGE('',*,*,#6310,.F.);
#9166=ORIENTED_EDGE('',*,*,#5816,.F.);
#9167=ORIENTED_EDGE('',*,*,#6314,.F.);
#9168=ORIENTED_EDGE('',*,*,#6317,.F.);
#9169=ORIENTED_EDGE('',*,*,#6320,.F.);
#9170=ORIENTED_EDGE('',*,*,#5802,.F.);
#9171=ORIENTED_EDGE('',*,*,#6324,.F.);
#9172=ORIENTED_EDGE('',*,*,#6327,.F.);
#9173=ORIENTED_EDGE('',*,*,#6330,.F.);
#9174=ORIENTED_EDGE('',*,*,#5792,.F.);
#9175=ORIENTED_EDGE('',*,*,#5788,.F.);
#9176=ORIENTED_EDGE('',*,*,#6337,.F.);
#9177=ORIENTED_EDGE('',*,*,#6340,.F.);
#9178=ORIENTED_EDGE('',*,*,#5778,.F.);
#9179=ORIENTED_EDGE('',*,*,#5774,.F.);
#9180=ORIENTED_EDGE('',*,*,#6347,.F.);
#9181=ORIENTED_EDGE('',*,*,#6350,.F.);
#9182=ORIENTED_EDGE('',*,*,#5764,.F.);
#9183=ORIENTED_EDGE('',*,*,#5760,.F.);
#9184=ORIENTED_EDGE('',*,*,#6357,.F.);
#9185=ORIENTED_EDGE('',*,*,#6360,.F.);
#9186=ORIENTED_EDGE('',*,*,#5750,.F.);
#9187=ORIENTED_EDGE('',*,*,#5746,.F.);
#9188=ORIENTED_EDGE('',*,*,#6367,.F.);
#9189=ORIENTED_EDGE('',*,*,#6370,.F.);
#9190=ORIENTED_EDGE('',*,*,#5732,.F.);
#9191=ORIENTED_EDGE('',*,*,#6374,.F.);
#9192=ORIENTED_EDGE('',*,*,#6377,.F.);
#9193=ORIENTED_EDGE('',*,*,#6380,.F.);
#9194=ORIENTED_EDGE('',*,*,#5718,.F.);
#9195=ORIENTED_EDGE('',*,*,#6384,.F.);
#9196=ORIENTED_EDGE('',*,*,#6387,.F.);
#9197=ORIENTED_EDGE('',*,*,#6390,.F.);
#9198=ORIENTED_EDGE('',*,*,#5708,.F.);
#9199=ORIENTED_EDGE('',*,*,#5704,.F.);
#9200=ORIENTED_EDGE('',*,*,#6397,.F.);
#9201=ORIENTED_EDGE('',*,*,#6400,.F.);
#9202=ORIENTED_EDGE('',*,*,#5694,.F.);
#9203=ORIENTED_EDGE('',*,*,#5690,.F.);
#9204=ORIENTED_EDGE('',*,*,#6407,.F.);
#9205=ORIENTED_EDGE('',*,*,#6410,.F.);
#9206=ORIENTED_EDGE('',*,*,#5680,.F.);
#9207=ORIENTED_EDGE('',*,*,#5676,.F.);
#9208=ORIENTED_EDGE('',*,*,#6417,.F.);
#9209=ORIENTED_EDGE('',*,*,#6420,.F.);
#9210=ORIENTED_EDGE('',*,*,#5666,.F.);
#9211=ORIENTED_EDGE('',*,*,#5662,.F.);
#9212=ORIENTED_EDGE('',*,*,#6427,.F.);
#9213=ORIENTED_EDGE('',*,*,#6430,.F.);
#9214=ORIENTED_EDGE('',*,*,#5648,.F.);
#9215=ORIENTED_EDGE('',*,*,#6434,.F.);
#9216=ORIENTED_EDGE('',*,*,#6437,.F.);
#9217=ORIENTED_EDGE('',*,*,#6440,.F.);
#9218=ORIENTED_EDGE('',*,*,#5634,.F.);
#9219=ORIENTED_EDGE('',*,*,#6444,.F.);
#9220=ORIENTED_EDGE('',*,*,#6447,.F.);
#9221=ORIENTED_EDGE('',*,*,#6462,.F.);
#9222=ORIENTED_EDGE('',*,*,#5623,.F.);
#9223=ORIENTED_EDGE('',*,*,#6488,.F.);
#9224=ORIENTED_EDGE('',*,*,#6486,.F.);
#9225=ORIENTED_EDGE('',*,*,#6483,.F.);
#9226=ORIENTED_EDGE('',*,*,#6480,.F.);
#9227=ORIENTED_EDGE('',*,*,#5619,.F.);
#9228=ORIENTED_EDGE('',*,*,#6466,.F.);
#9229=ORIENTED_EDGE('',*,*,#6469,.F.);
#9230=ORIENTED_EDGE('',*,*,#6471,.F.);
#9231=ORIENTED_EDGE('',*,*,#6475,.F.);
#9232=ORIENTED_EDGE('',*,*,#6476,.F.);
#9233=ORIENTED_EDGE('',*,*,#6460,.F.);
#9234=ORIENTED_EDGE('',*,*,#6458,.F.);
#9235=ORIENTED_EDGE('',*,*,#6455,.F.);
#9236=ORIENTED_EDGE('',*,*,#6452,.F.);
#9237=ORIENTED_EDGE('',*,*,#5627,.F.);
#9238=ORIENTED_EDGE('',*,*,#5633,.F.);
#9239=ORIENTED_EDGE('',*,*,#6443,.F.);
#9240=ORIENTED_EDGE('',*,*,#5640,.F.);
#9241=ORIENTED_EDGE('',*,*,#5644,.F.);
#9242=ORIENTED_EDGE('',*,*,#5647,.F.);
#9243=ORIENTED_EDGE('',*,*,#6433,.F.);
#9244=ORIENTED_EDGE('',*,*,#5654,.F.);
#9245=ORIENTED_EDGE('',*,*,#5658,.F.);
#9246=ORIENTED_EDGE('',*,*,#5661,.F.);
#9247=ORIENTED_EDGE('',*,*,#6426,.F.);
#9248=ORIENTED_EDGE('',*,*,#6423,.F.);
#9249=ORIENTED_EDGE('',*,*,#5671,.F.);
#9250=ORIENTED_EDGE('',*,*,#5675,.F.);
#9251=ORIENTED_EDGE('',*,*,#6416,.F.);
#9252=ORIENTED_EDGE('',*,*,#6413,.F.);
#9253=ORIENTED_EDGE('',*,*,#5685,.F.);
#9254=ORIENTED_EDGE('',*,*,#5689,.F.);
#9255=ORIENTED_EDGE('',*,*,#6406,.F.);
#9256=ORIENTED_EDGE('',*,*,#6403,.F.);
#9257=ORIENTED_EDGE('',*,*,#5699,.F.);
#9258=ORIENTED_EDGE('',*,*,#5703,.F.);
#9259=ORIENTED_EDGE('',*,*,#6396,.F.);
#9260=ORIENTED_EDGE('',*,*,#6393,.F.);
#9261=ORIENTED_EDGE('',*,*,#5713,.F.);
#9262=ORIENTED_EDGE('',*,*,#5717,.F.);
#9263=ORIENTED_EDGE('',*,*,#6383,.F.);
#9264=ORIENTED_EDGE('',*,*,#5724,.F.);
#9265=ORIENTED_EDGE('',*,*,#5728,.F.);
#9266=ORIENTED_EDGE('',*,*,#5731,.F.);
#9267=ORIENTED_EDGE('',*,*,#6373,.F.);
#9268=ORIENTED_EDGE('',*,*,#5738,.F.);
#9269=ORIENTED_EDGE('',*,*,#5742,.F.);
#9270=ORIENTED_EDGE('',*,*,#5745,.F.);
#9271=ORIENTED_EDGE('',*,*,#6366,.F.);
#9272=ORIENTED_EDGE('',*,*,#6363,.F.);
#9273=ORIENTED_EDGE('',*,*,#5755,.F.);
#9274=ORIENTED_EDGE('',*,*,#5759,.F.);
#9275=ORIENTED_EDGE('',*,*,#6356,.F.);
#9276=ORIENTED_EDGE('',*,*,#6353,.F.);
#9277=ORIENTED_EDGE('',*,*,#5769,.F.);
#9278=ORIENTED_EDGE('',*,*,#5773,.F.);
#9279=ORIENTED_EDGE('',*,*,#6346,.F.);
#9280=ORIENTED_EDGE('',*,*,#6343,.F.);
#9281=ORIENTED_EDGE('',*,*,#5783,.F.);
#9282=ORIENTED_EDGE('',*,*,#5787,.F.);
#9283=ORIENTED_EDGE('',*,*,#6336,.F.);
#9284=ORIENTED_EDGE('',*,*,#6333,.F.);
#9285=ORIENTED_EDGE('',*,*,#5797,.F.);
#9286=ORIENTED_EDGE('',*,*,#5801,.F.);
#9287=ORIENTED_EDGE('',*,*,#6323,.F.);
#9288=ORIENTED_EDGE('',*,*,#5808,.F.);
#9289=ORIENTED_EDGE('',*,*,#5812,.F.);
#9290=ORIENTED_EDGE('',*,*,#5815,.F.);
#9291=ORIENTED_EDGE('',*,*,#6313,.F.);
#9292=ORIENTED_EDGE('',*,*,#5822,.F.);
#9293=ORIENTED_EDGE('',*,*,#5826,.F.);
#9294=ORIENTED_EDGE('',*,*,#5829,.F.);
#9295=ORIENTED_EDGE('',*,*,#6306,.F.);
#9296=ORIENTED_EDGE('',*,*,#6303,.F.);
#9297=ORIENTED_EDGE('',*,*,#5839,.F.);
#9298=ORIENTED_EDGE('',*,*,#5843,.F.);
#9299=ORIENTED_EDGE('',*,*,#6296,.F.);
#9300=ORIENTED_EDGE('',*,*,#6293,.F.);
#9301=ORIENTED_EDGE('',*,*,#5853,.F.);
#9302=ORIENTED_EDGE('',*,*,#5857,.F.);
#9303=ORIENTED_EDGE('',*,*,#6286,.F.);
#9304=ORIENTED_EDGE('',*,*,#6283,.F.);
#9305=ORIENTED_EDGE('',*,*,#5867,.F.);
#9306=ORIENTED_EDGE('',*,*,#5871,.F.);
#9307=ORIENTED_EDGE('',*,*,#6276,.F.);
#9308=ORIENTED_EDGE('',*,*,#6273,.F.);
#9309=ORIENTED_EDGE('',*,*,#5881,.F.);
#9310=ORIENTED_EDGE('',*,*,#5885,.F.);
#9311=ORIENTED_EDGE('',*,*,#6263,.F.);
#9312=ORIENTED_EDGE('',*,*,#5892,.F.);
#9313=ORIENTED_EDGE('',*,*,#5896,.F.);
#9314=ORIENTED_EDGE('',*,*,#5899,.F.);
#9315=ORIENTED_EDGE('',*,*,#6253,.F.);
#9316=ORIENTED_EDGE('',*,*,#5906,.F.);
#9317=ORIENTED_EDGE('',*,*,#5910,.F.);
#9318=ORIENTED_EDGE('',*,*,#5913,.F.);
#9319=ORIENTED_EDGE('',*,*,#6246,.F.);
#9320=ORIENTED_EDGE('',*,*,#6243,.F.);
#9321=ORIENTED_EDGE('',*,*,#5923,.F.);
#9322=ORIENTED_EDGE('',*,*,#5927,.F.);
#9323=ORIENTED_EDGE('',*,*,#6236,.F.);
#9324=ORIENTED_EDGE('',*,*,#6233,.F.);
#9325=ORIENTED_EDGE('',*,*,#5937,.F.);
#9326=ORIENTED_EDGE('',*,*,#5941,.F.);
#9327=ORIENTED_EDGE('',*,*,#6226,.F.);
#9328=ORIENTED_EDGE('',*,*,#6223,.F.);
#9329=ORIENTED_EDGE('',*,*,#5951,.F.);
#9330=ORIENTED_EDGE('',*,*,#5955,.F.);
#9331=ORIENTED_EDGE('',*,*,#6216,.F.);
#9332=ORIENTED_EDGE('',*,*,#6213,.F.);
#9333=ORIENTED_EDGE('',*,*,#5965,.F.);
#9334=ORIENTED_EDGE('',*,*,#5969,.F.);
#9335=ORIENTED_EDGE('',*,*,#6203,.F.);
#9336=ORIENTED_EDGE('',*,*,#5976,.F.);
#9337=ORIENTED_EDGE('',*,*,#5980,.F.);
#9338=ORIENTED_EDGE('',*,*,#5983,.F.);
#9339=ORIENTED_EDGE('',*,*,#6193,.F.);
#9340=ORIENTED_EDGE('',*,*,#5990,.F.);
#9341=ORIENTED_EDGE('',*,*,#5994,.F.);
#9342=ORIENTED_EDGE('',*,*,#5997,.F.);
#9343=ORIENTED_EDGE('',*,*,#6186,.F.);
#9344=ORIENTED_EDGE('',*,*,#6183,.F.);
#9345=ORIENTED_EDGE('',*,*,#6007,.F.);
#9346=ORIENTED_EDGE('',*,*,#6011,.F.);
#9347=ORIENTED_EDGE('',*,*,#6176,.F.);
#9348=ORIENTED_EDGE('',*,*,#6173,.F.);
#9349=ORIENTED_EDGE('',*,*,#6021,.F.);
#9350=ORIENTED_EDGE('',*,*,#6025,.F.);
#9351=ORIENTED_EDGE('',*,*,#6166,.F.);
#9352=ORIENTED_EDGE('',*,*,#6163,.F.);
#9353=ORIENTED_EDGE('',*,*,#6035,.F.);
#9354=ORIENTED_EDGE('',*,*,#6039,.F.);
#9355=ORIENTED_EDGE('',*,*,#6156,.F.);
#9356=ORIENTED_EDGE('',*,*,#6153,.F.);
#9357=ORIENTED_EDGE('',*,*,#6049,.F.);
#9358=ORIENTED_EDGE('',*,*,#6053,.F.);
#9359=ORIENTED_EDGE('',*,*,#6143,.F.);
#9360=ORIENTED_EDGE('',*,*,#6060,.F.);
#9361=ORIENTED_EDGE('',*,*,#6064,.F.);
#9362=ORIENTED_EDGE('',*,*,#6067,.F.);
#9363=ORIENTED_EDGE('',*,*,#6133,.F.);
#9364=ORIENTED_EDGE('',*,*,#6074,.F.);
#9365=ORIENTED_EDGE('',*,*,#6078,.F.);
#9366=ORIENTED_EDGE('',*,*,#6081,.F.);
#9367=ORIENTED_EDGE('',*,*,#6126,.F.);
#9368=ORIENTED_EDGE('',*,*,#6123,.F.);
#9369=ORIENTED_EDGE('',*,*,#6091,.F.);
#9370=ORIENTED_EDGE('',*,*,#6095,.F.);
#9371=ORIENTED_EDGE('',*,*,#6116,.F.);
#9372=ORIENTED_EDGE('',*,*,#6113,.F.);
#9373=ORIENTED_EDGE('',*,*,#6827,.F.);
#9374=ORIENTED_EDGE('',*,*,#6827,.T.);
#9375=ORIENTED_EDGE('',*,*,#6828,.T.);
#9376=ORIENTED_EDGE('',*,*,#6829,.T.);
#9377=ORIENTED_EDGE('',*,*,#6828,.F.);
#9378=ORIENTED_EDGE('',*,*,#6829,.F.);
#9379=ORIENTED_EDGE('',*,*,#6830,.T.);
#9380=ORIENTED_EDGE('',*,*,#6831,.T.);
#9381=ORIENTED_EDGE('',*,*,#6830,.F.);
#9382=ORIENTED_EDGE('',*,*,#6832,.T.);
#9383=ORIENTED_EDGE('',*,*,#6817,.T.);
#9384=ORIENTED_EDGE('',*,*,#6833,.F.);
#9385=ORIENTED_EDGE('',*,*,#6834,.F.);
#9386=ORIENTED_EDGE('',*,*,#6831,.F.);
#9387=ORIENTED_EDGE('',*,*,#6835,.F.);
#9388=ORIENTED_EDGE('',*,*,#6505,.T.);
#9389=ORIENTED_EDGE('',*,*,#6509,.T.);
#9390=ORIENTED_EDGE('',*,*,#6512,.F.);
#9391=ORIENTED_EDGE('',*,*,#6836,.F.);
#9392=ORIENTED_EDGE('',*,*,#6506,.T.);
#9393=ORIENTED_EDGE('',*,*,#6835,.T.);
#9394=ORIENTED_EDGE('',*,*,#6837,.T.);
#9395=ORIENTED_EDGE('',*,*,#6838,.F.);
#9396=ORIENTED_EDGE('',*,*,#6839,.T.);
#9397=ORIENTED_EDGE('',*,*,#6840,.F.);
#9398=ORIENTED_EDGE('',*,*,#6836,.T.);
#9399=ORIENTED_EDGE('',*,*,#6511,.T.);
#9400=ORIENTED_EDGE('',*,*,#6522,.T.);
#9401=ORIENTED_EDGE('',*,*,#6525,.T.);
#9402=ORIENTED_EDGE('',*,*,#6841,.T.);
#9403=ORIENTED_EDGE('',*,*,#6529,.T.);
#9404=ORIENTED_EDGE('',*,*,#6540,.T.);
#9405=ORIENTED_EDGE('',*,*,#6543,.T.);
#9406=ORIENTED_EDGE('',*,*,#6842,.T.);
#9407=ORIENTED_EDGE('',*,*,#6547,.T.);
#9408=ORIENTED_EDGE('',*,*,#6558,.T.);
#9409=ORIENTED_EDGE('',*,*,#6561,.T.);
#9410=ORIENTED_EDGE('',*,*,#6843,.T.);
#9411=ORIENTED_EDGE('',*,*,#6565,.T.);
#9412=ORIENTED_EDGE('',*,*,#6576,.T.);
#9413=ORIENTED_EDGE('',*,*,#6579,.T.);
#9414=ORIENTED_EDGE('',*,*,#6844,.T.);
#9415=ORIENTED_EDGE('',*,*,#6583,.T.);
#9416=ORIENTED_EDGE('',*,*,#6594,.T.);
#9417=ORIENTED_EDGE('',*,*,#6597,.T.);
#9418=ORIENTED_EDGE('',*,*,#6845,.T.);
#9419=ORIENTED_EDGE('',*,*,#6601,.T.);
#9420=ORIENTED_EDGE('',*,*,#6612,.T.);
#9421=ORIENTED_EDGE('',*,*,#6615,.T.);
#9422=ORIENTED_EDGE('',*,*,#6846,.T.);
#9423=ORIENTED_EDGE('',*,*,#6619,.T.);
#9424=ORIENTED_EDGE('',*,*,#6630,.T.);
#9425=ORIENTED_EDGE('',*,*,#6633,.T.);
#9426=ORIENTED_EDGE('',*,*,#6847,.T.);
#9427=ORIENTED_EDGE('',*,*,#6637,.T.);
#9428=ORIENTED_EDGE('',*,*,#6648,.T.);
#9429=ORIENTED_EDGE('',*,*,#6651,.T.);
#9430=ORIENTED_EDGE('',*,*,#6848,.T.);
#9431=ORIENTED_EDGE('',*,*,#6655,.T.);
#9432=ORIENTED_EDGE('',*,*,#6666,.T.);
#9433=ORIENTED_EDGE('',*,*,#6669,.T.);
#9434=ORIENTED_EDGE('',*,*,#6849,.T.);
#9435=ORIENTED_EDGE('',*,*,#6673,.T.);
#9436=ORIENTED_EDGE('',*,*,#6684,.T.);
#9437=ORIENTED_EDGE('',*,*,#6687,.T.);
#9438=ORIENTED_EDGE('',*,*,#6850,.T.);
#9439=ORIENTED_EDGE('',*,*,#6691,.T.);
#9440=ORIENTED_EDGE('',*,*,#6702,.T.);
#9441=ORIENTED_EDGE('',*,*,#6705,.T.);
#9442=ORIENTED_EDGE('',*,*,#6851,.T.);
#9443=ORIENTED_EDGE('',*,*,#6709,.T.);
#9444=ORIENTED_EDGE('',*,*,#6720,.T.);
#9445=ORIENTED_EDGE('',*,*,#6723,.T.);
#9446=ORIENTED_EDGE('',*,*,#6852,.T.);
#9447=ORIENTED_EDGE('',*,*,#6727,.T.);
#9448=ORIENTED_EDGE('',*,*,#6738,.T.);
#9449=ORIENTED_EDGE('',*,*,#6741,.T.);
#9450=ORIENTED_EDGE('',*,*,#6853,.T.);
#9451=ORIENTED_EDGE('',*,*,#6745,.T.);
#9452=ORIENTED_EDGE('',*,*,#6756,.T.);
#9453=ORIENTED_EDGE('',*,*,#6759,.T.);
#9454=ORIENTED_EDGE('',*,*,#6854,.T.);
#9455=ORIENTED_EDGE('',*,*,#6763,.T.);
#9456=ORIENTED_EDGE('',*,*,#6774,.T.);
#9457=ORIENTED_EDGE('',*,*,#6777,.T.);
#9458=ORIENTED_EDGE('',*,*,#6855,.T.);
#9459=ORIENTED_EDGE('',*,*,#6781,.T.);
#9460=ORIENTED_EDGE('',*,*,#6792,.T.);
#9461=ORIENTED_EDGE('',*,*,#6795,.T.);
#9462=ORIENTED_EDGE('',*,*,#6856,.T.);
#9463=ORIENTED_EDGE('',*,*,#6799,.T.);
#9464=ORIENTED_EDGE('',*,*,#6810,.T.);
#9465=ORIENTED_EDGE('',*,*,#6813,.T.);
#9466=ORIENTED_EDGE('',*,*,#6857,.T.);
#9467=ORIENTED_EDGE('',*,*,#6858,.T.);
#9468=ORIENTED_EDGE('',*,*,#6859,.T.);
#9469=ORIENTED_EDGE('',*,*,#6860,.T.);
#9470=ORIENTED_EDGE('',*,*,#6861,.T.);
#9471=ORIENTED_EDGE('',*,*,#6862,.T.);
#9472=ORIENTED_EDGE('',*,*,#6863,.T.);
#9473=ORIENTED_EDGE('',*,*,#6864,.T.);
#9474=ORIENTED_EDGE('',*,*,#6865,.T.);
#9475=ORIENTED_EDGE('',*,*,#6825,.T.);
#9476=ORIENTED_EDGE('',*,*,#6866,.T.);
#9477=ORIENTED_EDGE('',*,*,#6867,.T.);
#9478=ORIENTED_EDGE('',*,*,#6868,.T.);
#9479=ORIENTED_EDGE('',*,*,#6869,.T.);
#9480=ORIENTED_EDGE('',*,*,#6870,.T.);
#9481=ORIENTED_EDGE('',*,*,#6871,.T.);
#9482=ORIENTED_EDGE('',*,*,#6872,.T.);
#9483=ORIENTED_EDGE('',*,*,#6873,.T.);
#9484=ORIENTED_EDGE('',*,*,#6874,.T.);
#9485=ORIENTED_EDGE('',*,*,#6875,.T.);
#9486=ORIENTED_EDGE('',*,*,#6876,.T.);
#9487=ORIENTED_EDGE('',*,*,#6877,.T.);
#9488=ORIENTED_EDGE('',*,*,#6878,.T.);
#9489=ORIENTED_EDGE('',*,*,#6879,.T.);
#9490=ORIENTED_EDGE('',*,*,#6880,.T.);
#9491=ORIENTED_EDGE('',*,*,#6881,.T.);
#9492=ORIENTED_EDGE('',*,*,#6882,.T.);
#9493=ORIENTED_EDGE('',*,*,#6883,.T.);
#9494=ORIENTED_EDGE('',*,*,#6884,.T.);
#9495=ORIENTED_EDGE('',*,*,#6885,.T.);
#9496=ORIENTED_EDGE('',*,*,#6886,.T.);
#9497=ORIENTED_EDGE('',*,*,#6887,.T.);
#9498=ORIENTED_EDGE('',*,*,#6888,.T.);
#9499=ORIENTED_EDGE('',*,*,#6889,.T.);
#9500=ORIENTED_EDGE('',*,*,#6890,.T.);
#9501=ORIENTED_EDGE('',*,*,#6891,.T.);
#9502=ORIENTED_EDGE('',*,*,#6892,.T.);
#9503=ORIENTED_EDGE('',*,*,#6893,.T.);
#9504=ORIENTED_EDGE('',*,*,#6894,.T.);
#9505=ORIENTED_EDGE('',*,*,#6895,.T.);
#9506=ORIENTED_EDGE('',*,*,#6896,.T.);
#9507=ORIENTED_EDGE('',*,*,#6897,.T.);
#9508=ORIENTED_EDGE('',*,*,#6898,.T.);
#9509=ORIENTED_EDGE('',*,*,#6899,.T.);
#9510=ORIENTED_EDGE('',*,*,#6900,.T.);
#9511=ORIENTED_EDGE('',*,*,#6901,.T.);
#9512=ORIENTED_EDGE('',*,*,#6902,.T.);
#9513=ORIENTED_EDGE('',*,*,#6903,.T.);
#9514=ORIENTED_EDGE('',*,*,#6904,.T.);
#9515=ORIENTED_EDGE('',*,*,#6905,.T.);
#9516=ORIENTED_EDGE('',*,*,#6906,.T.);
#9517=ORIENTED_EDGE('',*,*,#6907,.T.);
#9518=ORIENTED_EDGE('',*,*,#6908,.T.);
#9519=ORIENTED_EDGE('',*,*,#6909,.T.);
#9520=ORIENTED_EDGE('',*,*,#6910,.T.);
#9521=ORIENTED_EDGE('',*,*,#6911,.T.);
#9522=ORIENTED_EDGE('',*,*,#6912,.T.);
#9523=ORIENTED_EDGE('',*,*,#6913,.T.);
#9524=ORIENTED_EDGE('',*,*,#6914,.T.);
#9525=ORIENTED_EDGE('',*,*,#6915,.T.);
#9526=ORIENTED_EDGE('',*,*,#6916,.T.);
#9527=ORIENTED_EDGE('',*,*,#6917,.T.);
#9528=ORIENTED_EDGE('',*,*,#6918,.T.);
#9529=ORIENTED_EDGE('',*,*,#6919,.T.);
#9530=ORIENTED_EDGE('',*,*,#6920,.T.);
#9531=ORIENTED_EDGE('',*,*,#6921,.T.);
#9532=ORIENTED_EDGE('',*,*,#6922,.T.);
#9533=ORIENTED_EDGE('',*,*,#6923,.T.);
#9534=ORIENTED_EDGE('',*,*,#6924,.T.);
#9535=ORIENTED_EDGE('',*,*,#6925,.T.);
#9536=ORIENTED_EDGE('',*,*,#6926,.T.);
#9537=ORIENTED_EDGE('',*,*,#6927,.T.);
#9538=ORIENTED_EDGE('',*,*,#6928,.T.);
#9539=ORIENTED_EDGE('',*,*,#6929,.T.);
#9540=ORIENTED_EDGE('',*,*,#6930,.T.);
#9541=ORIENTED_EDGE('',*,*,#6931,.F.);
#9542=ORIENTED_EDGE('',*,*,#6932,.F.);
#9543=ORIENTED_EDGE('',*,*,#6837,.F.);
#9544=ORIENTED_EDGE('',*,*,#6520,.F.);
#9545=ORIENTED_EDGE('',*,*,#6514,.T.);
#9546=ORIENTED_EDGE('',*,*,#6517,.T.);
#9547=ORIENTED_EDGE('',*,*,#6519,.F.);
#9548=ORIENTED_EDGE('',*,*,#6841,.F.);
#9549=ORIENTED_EDGE('',*,*,#6524,.T.);
#9550=ORIENTED_EDGE('',*,*,#6527,.T.);
#9551=ORIENTED_EDGE('',*,*,#6530,.F.);
#9552=ORIENTED_EDGE('',*,*,#6538,.F.);
#9553=ORIENTED_EDGE('',*,*,#6532,.T.);
#9554=ORIENTED_EDGE('',*,*,#6535,.T.);
#9555=ORIENTED_EDGE('',*,*,#6537,.F.);
#9556=ORIENTED_EDGE('',*,*,#6842,.F.);
#9557=ORIENTED_EDGE('',*,*,#6542,.T.);
#9558=ORIENTED_EDGE('',*,*,#6545,.T.);
#9559=ORIENTED_EDGE('',*,*,#6548,.F.);
#9560=ORIENTED_EDGE('',*,*,#6556,.F.);
#9561=ORIENTED_EDGE('',*,*,#6550,.T.);
#9562=ORIENTED_EDGE('',*,*,#6553,.T.);
#9563=ORIENTED_EDGE('',*,*,#6555,.F.);
#9564=ORIENTED_EDGE('',*,*,#6843,.F.);
#9565=ORIENTED_EDGE('',*,*,#6560,.T.);
#9566=ORIENTED_EDGE('',*,*,#6563,.T.);
#9567=ORIENTED_EDGE('',*,*,#6566,.F.);
#9568=ORIENTED_EDGE('',*,*,#6574,.F.);
#9569=ORIENTED_EDGE('',*,*,#6568,.T.);
#9570=ORIENTED_EDGE('',*,*,#6571,.T.);
#9571=ORIENTED_EDGE('',*,*,#6573,.F.);
#9572=ORIENTED_EDGE('',*,*,#6844,.F.);
#9573=ORIENTED_EDGE('',*,*,#6578,.T.);
#9574=ORIENTED_EDGE('',*,*,#6581,.T.);
#9575=ORIENTED_EDGE('',*,*,#6584,.F.);
#9576=ORIENTED_EDGE('',*,*,#6592,.F.);
#9577=ORIENTED_EDGE('',*,*,#6586,.T.);
#9578=ORIENTED_EDGE('',*,*,#6589,.T.);
#9579=ORIENTED_EDGE('',*,*,#6591,.F.);
#9580=ORIENTED_EDGE('',*,*,#6845,.F.);
#9581=ORIENTED_EDGE('',*,*,#6596,.T.);
#9582=ORIENTED_EDGE('',*,*,#6599,.T.);
#9583=ORIENTED_EDGE('',*,*,#6602,.F.);
#9584=ORIENTED_EDGE('',*,*,#6610,.F.);
#9585=ORIENTED_EDGE('',*,*,#6604,.T.);
#9586=ORIENTED_EDGE('',*,*,#6607,.T.);
#9587=ORIENTED_EDGE('',*,*,#6609,.F.);
#9588=ORIENTED_EDGE('',*,*,#6846,.F.);
#9589=ORIENTED_EDGE('',*,*,#6614,.T.);
#9590=ORIENTED_EDGE('',*,*,#6617,.T.);
#9591=ORIENTED_EDGE('',*,*,#6620,.F.);
#9592=ORIENTED_EDGE('',*,*,#6628,.F.);
#9593=ORIENTED_EDGE('',*,*,#6622,.T.);
#9594=ORIENTED_EDGE('',*,*,#6625,.T.);
#9595=ORIENTED_EDGE('',*,*,#6627,.F.);
#9596=ORIENTED_EDGE('',*,*,#6847,.F.);
#9597=ORIENTED_EDGE('',*,*,#6632,.T.);
#9598=ORIENTED_EDGE('',*,*,#6635,.T.);
#9599=ORIENTED_EDGE('',*,*,#6638,.F.);
#9600=ORIENTED_EDGE('',*,*,#6646,.F.);
#9601=ORIENTED_EDGE('',*,*,#6640,.T.);
#9602=ORIENTED_EDGE('',*,*,#6643,.T.);
#9603=ORIENTED_EDGE('',*,*,#6645,.F.);
#9604=ORIENTED_EDGE('',*,*,#6848,.F.);
#9605=ORIENTED_EDGE('',*,*,#6650,.T.);
#9606=ORIENTED_EDGE('',*,*,#6653,.T.);
#9607=ORIENTED_EDGE('',*,*,#6656,.F.);
#9608=ORIENTED_EDGE('',*,*,#6664,.F.);
#9609=ORIENTED_EDGE('',*,*,#6658,.T.);
#9610=ORIENTED_EDGE('',*,*,#6661,.T.);
#9611=ORIENTED_EDGE('',*,*,#6663,.F.);
#9612=ORIENTED_EDGE('',*,*,#6849,.F.);
#9613=ORIENTED_EDGE('',*,*,#6668,.T.);
#9614=ORIENTED_EDGE('',*,*,#6671,.T.);
#9615=ORIENTED_EDGE('',*,*,#6674,.F.);
#9616=ORIENTED_EDGE('',*,*,#6682,.F.);
#9617=ORIENTED_EDGE('',*,*,#6676,.T.);
#9618=ORIENTED_EDGE('',*,*,#6679,.T.);
#9619=ORIENTED_EDGE('',*,*,#6681,.F.);
#9620=ORIENTED_EDGE('',*,*,#6850,.F.);
#9621=ORIENTED_EDGE('',*,*,#6686,.T.);
#9622=ORIENTED_EDGE('',*,*,#6689,.T.);
#9623=ORIENTED_EDGE('',*,*,#6692,.F.);
#9624=ORIENTED_EDGE('',*,*,#6700,.F.);
#9625=ORIENTED_EDGE('',*,*,#6694,.T.);
#9626=ORIENTED_EDGE('',*,*,#6697,.T.);
#9627=ORIENTED_EDGE('',*,*,#6699,.F.);
#9628=ORIENTED_EDGE('',*,*,#6851,.F.);
#9629=ORIENTED_EDGE('',*,*,#6704,.T.);
#9630=ORIENTED_EDGE('',*,*,#6707,.T.);
#9631=ORIENTED_EDGE('',*,*,#6710,.F.);
#9632=ORIENTED_EDGE('',*,*,#6718,.F.);
#9633=ORIENTED_EDGE('',*,*,#6712,.T.);
#9634=ORIENTED_EDGE('',*,*,#6715,.T.);
#9635=ORIENTED_EDGE('',*,*,#6717,.F.);
#9636=ORIENTED_EDGE('',*,*,#6852,.F.);
#9637=ORIENTED_EDGE('',*,*,#6722,.T.);
#9638=ORIENTED_EDGE('',*,*,#6725,.T.);
#9639=ORIENTED_EDGE('',*,*,#6728,.F.);
#9640=ORIENTED_EDGE('',*,*,#6736,.F.);
#9641=ORIENTED_EDGE('',*,*,#6730,.T.);
#9642=ORIENTED_EDGE('',*,*,#6733,.T.);
#9643=ORIENTED_EDGE('',*,*,#6735,.F.);
#9644=ORIENTED_EDGE('',*,*,#6853,.F.);
#9645=ORIENTED_EDGE('',*,*,#6740,.T.);
#9646=ORIENTED_EDGE('',*,*,#6743,.T.);
#9647=ORIENTED_EDGE('',*,*,#6746,.F.);
#9648=ORIENTED_EDGE('',*,*,#6754,.F.);
#9649=ORIENTED_EDGE('',*,*,#6748,.T.);
#9650=ORIENTED_EDGE('',*,*,#6751,.T.);
#9651=ORIENTED_EDGE('',*,*,#6753,.F.);
#9652=ORIENTED_EDGE('',*,*,#6854,.F.);
#9653=ORIENTED_EDGE('',*,*,#6758,.T.);
#9654=ORIENTED_EDGE('',*,*,#6761,.T.);
#9655=ORIENTED_EDGE('',*,*,#6764,.F.);
#9656=ORIENTED_EDGE('',*,*,#6772,.F.);
#9657=ORIENTED_EDGE('',*,*,#6766,.T.);
#9658=ORIENTED_EDGE('',*,*,#6769,.T.);
#9659=ORIENTED_EDGE('',*,*,#6771,.F.);
#9660=ORIENTED_EDGE('',*,*,#6855,.F.);
#9661=ORIENTED_EDGE('',*,*,#6776,.T.);
#9662=ORIENTED_EDGE('',*,*,#6779,.T.);
#9663=ORIENTED_EDGE('',*,*,#6782,.F.);
#9664=ORIENTED_EDGE('',*,*,#6790,.F.);
#9665=ORIENTED_EDGE('',*,*,#6784,.T.);
#9666=ORIENTED_EDGE('',*,*,#6787,.T.);
#9667=ORIENTED_EDGE('',*,*,#6789,.F.);
#9668=ORIENTED_EDGE('',*,*,#6856,.F.);
#9669=ORIENTED_EDGE('',*,*,#6794,.T.);
#9670=ORIENTED_EDGE('',*,*,#6797,.T.);
#9671=ORIENTED_EDGE('',*,*,#6800,.F.);
#9672=ORIENTED_EDGE('',*,*,#6808,.F.);
#9673=ORIENTED_EDGE('',*,*,#6802,.T.);
#9674=ORIENTED_EDGE('',*,*,#6805,.T.);
#9675=ORIENTED_EDGE('',*,*,#6807,.F.);
#9676=ORIENTED_EDGE('',*,*,#6857,.F.);
#9677=ORIENTED_EDGE('',*,*,#6812,.T.);
#9678=ORIENTED_EDGE('',*,*,#6823,.T.);
#9679=ORIENTED_EDGE('',*,*,#6933,.F.);
#9680=ORIENTED_EDGE('',*,*,#6934,.F.);
#9681=ORIENTED_EDGE('',*,*,#6935,.F.);
#9682=ORIENTED_EDGE('',*,*,#6858,.F.);
#9683=ORIENTED_EDGE('',*,*,#6933,.T.);
#9684=ORIENTED_EDGE('',*,*,#6822,.T.);
#9685=ORIENTED_EDGE('',*,*,#6935,.T.);
#9686=ORIENTED_EDGE('',*,*,#6936,.T.);
#9687=ORIENTED_EDGE('',*,*,#6937,.T.);
#9688=ORIENTED_EDGE('',*,*,#6859,.F.);
#9689=ORIENTED_EDGE('',*,*,#6938,.F.);
#9690=ORIENTED_EDGE('',*,*,#6820,.T.);
#9691=ORIENTED_EDGE('',*,*,#6939,.F.);
#9692=ORIENTED_EDGE('',*,*,#6860,.F.);
#9693=ORIENTED_EDGE('',*,*,#6937,.F.);
#9694=ORIENTED_EDGE('',*,*,#6861,.F.);
#9695=ORIENTED_EDGE('',*,*,#6939,.T.);
#9696=ORIENTED_EDGE('',*,*,#6819,.T.);
#9697=ORIENTED_EDGE('',*,*,#6940,.F.);
#9698=ORIENTED_EDGE('',*,*,#6832,.F.);
#9699=ORIENTED_EDGE('',*,*,#6941,.F.);
#9700=ORIENTED_EDGE('',*,*,#6862,.F.);
#9701=ORIENTED_EDGE('',*,*,#6940,.T.);
#9702=ORIENTED_EDGE('',*,*,#6818,.T.);
#9703=ORIENTED_EDGE('',*,*,#6941,.T.);
#9704=ORIENTED_EDGE('',*,*,#6834,.T.);
#9705=ORIENTED_EDGE('',*,*,#6942,.T.);
#9706=ORIENTED_EDGE('',*,*,#6863,.F.);
#9707=ORIENTED_EDGE('',*,*,#6833,.T.);
#9708=ORIENTED_EDGE('',*,*,#6816,.T.);
#9709=ORIENTED_EDGE('',*,*,#6943,.F.);
#9710=ORIENTED_EDGE('',*,*,#6864,.F.);
#9711=ORIENTED_EDGE('',*,*,#6942,.F.);
#9712=ORIENTED_EDGE('',*,*,#6865,.F.);
#9713=ORIENTED_EDGE('',*,*,#6943,.T.);
#9714=ORIENTED_EDGE('',*,*,#6815,.T.);
#9715=ORIENTED_EDGE('',*,*,#6826,.F.);
#9716=ORIENTED_EDGE('',*,*,#6089,.F.);
#9717=ORIENTED_EDGE('',*,*,#6944,.T.);
#9718=ORIENTED_EDGE('',*,*,#6866,.F.);
#9719=ORIENTED_EDGE('',*,*,#6824,.T.);
#9720=ORIENTED_EDGE('',*,*,#6103,.F.);
#9721=ORIENTED_EDGE('',*,*,#6945,.T.);
#9722=ORIENTED_EDGE('',*,*,#6946,.T.);
#9723=ORIENTED_EDGE('',*,*,#6947,.T.);
#9724=ORIENTED_EDGE('',*,*,#6115,.F.);
#9725=ORIENTED_EDGE('',*,*,#6948,.F.);
#9726=ORIENTED_EDGE('',*,*,#6949,.F.);
#9727=ORIENTED_EDGE('',*,*,#6950,.F.);
#9728=ORIENTED_EDGE('',*,*,#6112,.F.);
#9729=ORIENTED_EDGE('',*,*,#6950,.T.);
#9730=ORIENTED_EDGE('',*,*,#6951,.F.);
#9731=ORIENTED_EDGE('',*,*,#6945,.F.);
#9732=ORIENTED_EDGE('',*,*,#6946,.F.);
#9733=ORIENTED_EDGE('',*,*,#6951,.T.);
#9734=ORIENTED_EDGE('',*,*,#6949,.T.);
#9735=ORIENTED_EDGE('',*,*,#6952,.F.);
#9736=ORIENTED_EDGE('',*,*,#6093,.F.);
#9737=ORIENTED_EDGE('',*,*,#6947,.F.);
#9738=ORIENTED_EDGE('',*,*,#6952,.T.);
#9739=ORIENTED_EDGE('',*,*,#6948,.T.);
#9740=ORIENTED_EDGE('',*,*,#6122,.F.);
#9741=ORIENTED_EDGE('',*,*,#6953,.T.);
#9742=ORIENTED_EDGE('',*,*,#6954,.F.);
#9743=ORIENTED_EDGE('',*,*,#6867,.F.);
#9744=ORIENTED_EDGE('',*,*,#6944,.F.);
#9745=ORIENTED_EDGE('',*,*,#6868,.F.);
#9746=ORIENTED_EDGE('',*,*,#6954,.T.);
#9747=ORIENTED_EDGE('',*,*,#6955,.T.);
#9748=ORIENTED_EDGE('',*,*,#6956,.F.);
#9749=ORIENTED_EDGE('',*,*,#6079,.F.);
#9750=ORIENTED_EDGE('',*,*,#6957,.F.);
#9751=ORIENTED_EDGE('',*,*,#6869,.F.);
#9752=ORIENTED_EDGE('',*,*,#6956,.T.);
#9753=ORIENTED_EDGE('',*,*,#6958,.T.);
#9754=ORIENTED_EDGE('',*,*,#6125,.F.);
#9755=ORIENTED_EDGE('',*,*,#6958,.F.);
#9756=ORIENTED_EDGE('',*,*,#6955,.F.);
#9757=ORIENTED_EDGE('',*,*,#6953,.F.);
#9758=ORIENTED_EDGE('',*,*,#6062,.F.);
#9759=ORIENTED_EDGE('',*,*,#6959,.T.);
#9760=ORIENTED_EDGE('',*,*,#6870,.F.);
#9761=ORIENTED_EDGE('',*,*,#6957,.T.);
#9762=ORIENTED_EDGE('',*,*,#6076,.F.);
#9763=ORIENTED_EDGE('',*,*,#6960,.T.);
#9764=ORIENTED_EDGE('',*,*,#6961,.T.);
#9765=ORIENTED_EDGE('',*,*,#6962,.T.);
#9766=ORIENTED_EDGE('',*,*,#6961,.F.);
#9767=ORIENTED_EDGE('',*,*,#6963,.T.);
#9768=ORIENTED_EDGE('',*,*,#6964,.T.);
#9769=ORIENTED_EDGE('',*,*,#6965,.F.);
#9770=ORIENTED_EDGE('',*,*,#6072,.F.);
#9771=ORIENTED_EDGE('',*,*,#6966,.T.);
#9772=ORIENTED_EDGE('',*,*,#6963,.F.);
#9773=ORIENTED_EDGE('',*,*,#6960,.F.);
#9774=ORIENTED_EDGE('',*,*,#6065,.F.);
#9775=ORIENTED_EDGE('',*,*,#6962,.F.);
#9776=ORIENTED_EDGE('',*,*,#6965,.T.);
#9777=ORIENTED_EDGE('',*,*,#6967,.T.);
#9778=ORIENTED_EDGE('',*,*,#6132,.F.);
#9779=ORIENTED_EDGE('',*,*,#6967,.F.);
#9780=ORIENTED_EDGE('',*,*,#6964,.F.);
#9781=ORIENTED_EDGE('',*,*,#6966,.F.);
#9782=ORIENTED_EDGE('',*,*,#6872,.F.);
#9783=ORIENTED_EDGE('',*,*,#6968,.T.);
#9784=ORIENTED_EDGE('',*,*,#6969,.T.);
#9785=ORIENTED_EDGE('',*,*,#6970,.F.);
#9786=ORIENTED_EDGE('',*,*,#6051,.F.);
#9787=ORIENTED_EDGE('',*,*,#6971,.F.);
#9788=ORIENTED_EDGE('',*,*,#6873,.F.);
#9789=ORIENTED_EDGE('',*,*,#6970,.T.);
#9790=ORIENTED_EDGE('',*,*,#6972,.T.);
#9791=ORIENTED_EDGE('',*,*,#6058,.F.);
#9792=ORIENTED_EDGE('',*,*,#6973,.T.);
#9793=ORIENTED_EDGE('',*,*,#6968,.F.);
#9794=ORIENTED_EDGE('',*,*,#6871,.F.);
#9795=ORIENTED_EDGE('',*,*,#6959,.F.);
#9796=ORIENTED_EDGE('',*,*,#6142,.F.);
#9797=ORIENTED_EDGE('',*,*,#6972,.F.);
#9798=ORIENTED_EDGE('',*,*,#6969,.F.);
#9799=ORIENTED_EDGE('',*,*,#6973,.F.);
#9800=ORIENTED_EDGE('',*,*,#6033,.F.);
#9801=ORIENTED_EDGE('',*,*,#6974,.T.);
#9802=ORIENTED_EDGE('',*,*,#6874,.F.);
#9803=ORIENTED_EDGE('',*,*,#6971,.T.);
#9804=ORIENTED_EDGE('',*,*,#6047,.F.);
#9805=ORIENTED_EDGE('',*,*,#6975,.T.);
#9806=ORIENTED_EDGE('',*,*,#6976,.T.);
#9807=ORIENTED_EDGE('',*,*,#6977,.T.);
#9808=ORIENTED_EDGE('',*,*,#6155,.F.);
#9809=ORIENTED_EDGE('',*,*,#6978,.F.);
#9810=ORIENTED_EDGE('',*,*,#6979,.F.);
#9811=ORIENTED_EDGE('',*,*,#6980,.F.);
#9812=ORIENTED_EDGE('',*,*,#6152,.F.);
#9813=ORIENTED_EDGE('',*,*,#6980,.T.);
#9814=ORIENTED_EDGE('',*,*,#6981,.F.);
#9815=ORIENTED_EDGE('',*,*,#6975,.F.);
#9816=ORIENTED_EDGE('',*,*,#6976,.F.);
#9817=ORIENTED_EDGE('',*,*,#6981,.T.);
#9818=ORIENTED_EDGE('',*,*,#6979,.T.);
#9819=ORIENTED_EDGE('',*,*,#6982,.F.);
#9820=ORIENTED_EDGE('',*,*,#6037,.F.);
#9821=ORIENTED_EDGE('',*,*,#6977,.F.);
#9822=ORIENTED_EDGE('',*,*,#6982,.T.);
#9823=ORIENTED_EDGE('',*,*,#6978,.T.);
#9824=ORIENTED_EDGE('',*,*,#6162,.F.);
#9825=ORIENTED_EDGE('',*,*,#6983,.T.);
#9826=ORIENTED_EDGE('',*,*,#6984,.F.);
#9827=ORIENTED_EDGE('',*,*,#6875,.F.);
#9828=ORIENTED_EDGE('',*,*,#6974,.F.);
#9829=ORIENTED_EDGE('',*,*,#6876,.F.);
#9830=ORIENTED_EDGE('',*,*,#6984,.T.);
#9831=ORIENTED_EDGE('',*,*,#6985,.T.);
#9832=ORIENTED_EDGE('',*,*,#6986,.F.);
#9833=ORIENTED_EDGE('',*,*,#6023,.F.);
#9834=ORIENTED_EDGE('',*,*,#6987,.F.);
#9835=ORIENTED_EDGE('',*,*,#6877,.F.);
#9836=ORIENTED_EDGE('',*,*,#6986,.T.);
#9837=ORIENTED_EDGE('',*,*,#6988,.T.);
#9838=ORIENTED_EDGE('',*,*,#6165,.F.);
#9839=ORIENTED_EDGE('',*,*,#6988,.F.);
#9840=ORIENTED_EDGE('',*,*,#6985,.F.);
#9841=ORIENTED_EDGE('',*,*,#6983,.F.);
#9842=ORIENTED_EDGE('',*,*,#6005,.F.);
#9843=ORIENTED_EDGE('',*,*,#6989,.T.);
#9844=ORIENTED_EDGE('',*,*,#6878,.F.);
#9845=ORIENTED_EDGE('',*,*,#6987,.T.);
#9846=ORIENTED_EDGE('',*,*,#6019,.F.);
#9847=ORIENTED_EDGE('',*,*,#6990,.T.);
#9848=ORIENTED_EDGE('',*,*,#6991,.T.);
#9849=ORIENTED_EDGE('',*,*,#6992,.T.);
#9850=ORIENTED_EDGE('',*,*,#6175,.F.);
#9851=ORIENTED_EDGE('',*,*,#6993,.F.);
#9852=ORIENTED_EDGE('',*,*,#6994,.F.);
#9853=ORIENTED_EDGE('',*,*,#6995,.F.);
#9854=ORIENTED_EDGE('',*,*,#6172,.F.);
#9855=ORIENTED_EDGE('',*,*,#6995,.T.);
#9856=ORIENTED_EDGE('',*,*,#6996,.F.);
#9857=ORIENTED_EDGE('',*,*,#6990,.F.);
#9858=ORIENTED_EDGE('',*,*,#6991,.F.);
#9859=ORIENTED_EDGE('',*,*,#6996,.T.);
#9860=ORIENTED_EDGE('',*,*,#6994,.T.);
#9861=ORIENTED_EDGE('',*,*,#6997,.F.);
#9862=ORIENTED_EDGE('',*,*,#6009,.F.);
#9863=ORIENTED_EDGE('',*,*,#6992,.F.);
#9864=ORIENTED_EDGE('',*,*,#6997,.T.);
#9865=ORIENTED_EDGE('',*,*,#6993,.T.);
#9866=ORIENTED_EDGE('',*,*,#6182,.F.);
#9867=ORIENTED_EDGE('',*,*,#6998,.T.);
#9868=ORIENTED_EDGE('',*,*,#6999,.F.);
#9869=ORIENTED_EDGE('',*,*,#6879,.F.);
#9870=ORIENTED_EDGE('',*,*,#6989,.F.);
#9871=ORIENTED_EDGE('',*,*,#6880,.F.);
#9872=ORIENTED_EDGE('',*,*,#6999,.T.);
#9873=ORIENTED_EDGE('',*,*,#7000,.T.);
#9874=ORIENTED_EDGE('',*,*,#7001,.F.);
#9875=ORIENTED_EDGE('',*,*,#5995,.F.);
#9876=ORIENTED_EDGE('',*,*,#7002,.F.);
#9877=ORIENTED_EDGE('',*,*,#6881,.F.);
#9878=ORIENTED_EDGE('',*,*,#7001,.T.);
#9879=ORIENTED_EDGE('',*,*,#7003,.T.);
#9880=ORIENTED_EDGE('',*,*,#6185,.F.);
#9881=ORIENTED_EDGE('',*,*,#7003,.F.);
#9882=ORIENTED_EDGE('',*,*,#7000,.F.);
#9883=ORIENTED_EDGE('',*,*,#6998,.F.);
#9884=ORIENTED_EDGE('',*,*,#5978,.F.);
#9885=ORIENTED_EDGE('',*,*,#7004,.T.);
#9886=ORIENTED_EDGE('',*,*,#6882,.F.);
#9887=ORIENTED_EDGE('',*,*,#7002,.T.);
#9888=ORIENTED_EDGE('',*,*,#5992,.F.);
#9889=ORIENTED_EDGE('',*,*,#7005,.T.);
#9890=ORIENTED_EDGE('',*,*,#7006,.T.);
#9891=ORIENTED_EDGE('',*,*,#7007,.T.);
#9892=ORIENTED_EDGE('',*,*,#7006,.F.);
#9893=ORIENTED_EDGE('',*,*,#7008,.T.);
#9894=ORIENTED_EDGE('',*,*,#7009,.T.);
#9895=ORIENTED_EDGE('',*,*,#7010,.F.);
#9896=ORIENTED_EDGE('',*,*,#5988,.F.);
#9897=ORIENTED_EDGE('',*,*,#7011,.T.);
#9898=ORIENTED_EDGE('',*,*,#7008,.F.);
#9899=ORIENTED_EDGE('',*,*,#7005,.F.);
#9900=ORIENTED_EDGE('',*,*,#5981,.F.);
#9901=ORIENTED_EDGE('',*,*,#7007,.F.);
#9902=ORIENTED_EDGE('',*,*,#7010,.T.);
#9903=ORIENTED_EDGE('',*,*,#7012,.T.);
#9904=ORIENTED_EDGE('',*,*,#6192,.F.);
#9905=ORIENTED_EDGE('',*,*,#7012,.F.);
#9906=ORIENTED_EDGE('',*,*,#7009,.F.);
#9907=ORIENTED_EDGE('',*,*,#7011,.F.);
#9908=ORIENTED_EDGE('',*,*,#6884,.F.);
#9909=ORIENTED_EDGE('',*,*,#7013,.T.);
#9910=ORIENTED_EDGE('',*,*,#7014,.T.);
#9911=ORIENTED_EDGE('',*,*,#7015,.F.);
#9912=ORIENTED_EDGE('',*,*,#5967,.F.);
#9913=ORIENTED_EDGE('',*,*,#7016,.F.);
#9914=ORIENTED_EDGE('',*,*,#6885,.F.);
#9915=ORIENTED_EDGE('',*,*,#7015,.T.);
#9916=ORIENTED_EDGE('',*,*,#7017,.T.);
#9917=ORIENTED_EDGE('',*,*,#5974,.F.);
#9918=ORIENTED_EDGE('',*,*,#7018,.T.);
#9919=ORIENTED_EDGE('',*,*,#7013,.F.);
#9920=ORIENTED_EDGE('',*,*,#6883,.F.);
#9921=ORIENTED_EDGE('',*,*,#7004,.F.);
#9922=ORIENTED_EDGE('',*,*,#6202,.F.);
#9923=ORIENTED_EDGE('',*,*,#7017,.F.);
#9924=ORIENTED_EDGE('',*,*,#7014,.F.);
#9925=ORIENTED_EDGE('',*,*,#7018,.F.);
#9926=ORIENTED_EDGE('',*,*,#5949,.F.);
#9927=ORIENTED_EDGE('',*,*,#7019,.T.);
#9928=ORIENTED_EDGE('',*,*,#6886,.F.);
#9929=ORIENTED_EDGE('',*,*,#7016,.T.);
#9930=ORIENTED_EDGE('',*,*,#5963,.F.);
#9931=ORIENTED_EDGE('',*,*,#7020,.T.);
#9932=ORIENTED_EDGE('',*,*,#7021,.T.);
#9933=ORIENTED_EDGE('',*,*,#7022,.T.);
#9934=ORIENTED_EDGE('',*,*,#6215,.F.);
#9935=ORIENTED_EDGE('',*,*,#7023,.F.);
#9936=ORIENTED_EDGE('',*,*,#7024,.F.);
#9937=ORIENTED_EDGE('',*,*,#7025,.F.);
#9938=ORIENTED_EDGE('',*,*,#6212,.F.);
#9939=ORIENTED_EDGE('',*,*,#7025,.T.);
#9940=ORIENTED_EDGE('',*,*,#7026,.F.);
#9941=ORIENTED_EDGE('',*,*,#7020,.F.);
#9942=ORIENTED_EDGE('',*,*,#7021,.F.);
#9943=ORIENTED_EDGE('',*,*,#7026,.T.);
#9944=ORIENTED_EDGE('',*,*,#7024,.T.);
#9945=ORIENTED_EDGE('',*,*,#7027,.F.);
#9946=ORIENTED_EDGE('',*,*,#5953,.F.);
#9947=ORIENTED_EDGE('',*,*,#7022,.F.);
#9948=ORIENTED_EDGE('',*,*,#7027,.T.);
#9949=ORIENTED_EDGE('',*,*,#7023,.T.);
#9950=ORIENTED_EDGE('',*,*,#6222,.F.);
#9951=ORIENTED_EDGE('',*,*,#7028,.T.);
#9952=ORIENTED_EDGE('',*,*,#7029,.F.);
#9953=ORIENTED_EDGE('',*,*,#6887,.F.);
#9954=ORIENTED_EDGE('',*,*,#7019,.F.);
#9955=ORIENTED_EDGE('',*,*,#6888,.F.);
#9956=ORIENTED_EDGE('',*,*,#7029,.T.);
#9957=ORIENTED_EDGE('',*,*,#7030,.T.);
#9958=ORIENTED_EDGE('',*,*,#7031,.F.);
#9959=ORIENTED_EDGE('',*,*,#5939,.F.);
#9960=ORIENTED_EDGE('',*,*,#7032,.F.);
#9961=ORIENTED_EDGE('',*,*,#6889,.F.);
#9962=ORIENTED_EDGE('',*,*,#7031,.T.);
#9963=ORIENTED_EDGE('',*,*,#7033,.T.);
#9964=ORIENTED_EDGE('',*,*,#6225,.F.);
#9965=ORIENTED_EDGE('',*,*,#7033,.F.);
#9966=ORIENTED_EDGE('',*,*,#7030,.F.);
#9967=ORIENTED_EDGE('',*,*,#7028,.F.);
#9968=ORIENTED_EDGE('',*,*,#5921,.F.);
#9969=ORIENTED_EDGE('',*,*,#7034,.T.);
#9970=ORIENTED_EDGE('',*,*,#6890,.F.);
#9971=ORIENTED_EDGE('',*,*,#7032,.T.);
#9972=ORIENTED_EDGE('',*,*,#5935,.F.);
#9973=ORIENTED_EDGE('',*,*,#7035,.T.);
#9974=ORIENTED_EDGE('',*,*,#7036,.T.);
#9975=ORIENTED_EDGE('',*,*,#7037,.T.);
#9976=ORIENTED_EDGE('',*,*,#6235,.F.);
#9977=ORIENTED_EDGE('',*,*,#7038,.F.);
#9978=ORIENTED_EDGE('',*,*,#7039,.F.);
#9979=ORIENTED_EDGE('',*,*,#7040,.F.);
#9980=ORIENTED_EDGE('',*,*,#6232,.F.);
#9981=ORIENTED_EDGE('',*,*,#7040,.T.);
#9982=ORIENTED_EDGE('',*,*,#7041,.F.);
#9983=ORIENTED_EDGE('',*,*,#7035,.F.);
#9984=ORIENTED_EDGE('',*,*,#7036,.F.);
#9985=ORIENTED_EDGE('',*,*,#7041,.T.);
#9986=ORIENTED_EDGE('',*,*,#7039,.T.);
#9987=ORIENTED_EDGE('',*,*,#7042,.F.);
#9988=ORIENTED_EDGE('',*,*,#5925,.F.);
#9989=ORIENTED_EDGE('',*,*,#7037,.F.);
#9990=ORIENTED_EDGE('',*,*,#7042,.T.);
#9991=ORIENTED_EDGE('',*,*,#7038,.T.);
#9992=ORIENTED_EDGE('',*,*,#6242,.F.);
#9993=ORIENTED_EDGE('',*,*,#7043,.T.);
#9994=ORIENTED_EDGE('',*,*,#7044,.F.);
#9995=ORIENTED_EDGE('',*,*,#6891,.F.);
#9996=ORIENTED_EDGE('',*,*,#7034,.F.);
#9997=ORIENTED_EDGE('',*,*,#6892,.F.);
#9998=ORIENTED_EDGE('',*,*,#7044,.T.);
#9999=ORIENTED_EDGE('',*,*,#7045,.T.);
#10000=ORIENTED_EDGE('',*,*,#7046,.F.);
#10001=ORIENTED_EDGE('',*,*,#5911,.F.);
#10002=ORIENTED_EDGE('',*,*,#7047,.F.);
#10003=ORIENTED_EDGE('',*,*,#6893,.F.);
#10004=ORIENTED_EDGE('',*,*,#7046,.T.);
#10005=ORIENTED_EDGE('',*,*,#7048,.T.);
#10006=ORIENTED_EDGE('',*,*,#6245,.F.);
#10007=ORIENTED_EDGE('',*,*,#7048,.F.);
#10008=ORIENTED_EDGE('',*,*,#7045,.F.);
#10009=ORIENTED_EDGE('',*,*,#7043,.F.);
#10010=ORIENTED_EDGE('',*,*,#5894,.F.);
#10011=ORIENTED_EDGE('',*,*,#7049,.T.);
#10012=ORIENTED_EDGE('',*,*,#6894,.F.);
#10013=ORIENTED_EDGE('',*,*,#7047,.T.);
#10014=ORIENTED_EDGE('',*,*,#5908,.F.);
#10015=ORIENTED_EDGE('',*,*,#7050,.T.);
#10016=ORIENTED_EDGE('',*,*,#7051,.T.);
#10017=ORIENTED_EDGE('',*,*,#7052,.T.);
#10018=ORIENTED_EDGE('',*,*,#7051,.F.);
#10019=ORIENTED_EDGE('',*,*,#7053,.T.);
#10020=ORIENTED_EDGE('',*,*,#7054,.T.);
#10021=ORIENTED_EDGE('',*,*,#7055,.F.);
#10022=ORIENTED_EDGE('',*,*,#5904,.F.);
#10023=ORIENTED_EDGE('',*,*,#7056,.T.);
#10024=ORIENTED_EDGE('',*,*,#7053,.F.);
#10025=ORIENTED_EDGE('',*,*,#7050,.F.);
#10026=ORIENTED_EDGE('',*,*,#5897,.F.);
#10027=ORIENTED_EDGE('',*,*,#7052,.F.);
#10028=ORIENTED_EDGE('',*,*,#7055,.T.);
#10029=ORIENTED_EDGE('',*,*,#7057,.T.);
#10030=ORIENTED_EDGE('',*,*,#6252,.F.);
#10031=ORIENTED_EDGE('',*,*,#7057,.F.);
#10032=ORIENTED_EDGE('',*,*,#7054,.F.);
#10033=ORIENTED_EDGE('',*,*,#7056,.F.);
#10034=ORIENTED_EDGE('',*,*,#6896,.F.);
#10035=ORIENTED_EDGE('',*,*,#7058,.T.);
#10036=ORIENTED_EDGE('',*,*,#7059,.T.);
#10037=ORIENTED_EDGE('',*,*,#7060,.F.);
#10038=ORIENTED_EDGE('',*,*,#5883,.F.);
#10039=ORIENTED_EDGE('',*,*,#7061,.F.);
#10040=ORIENTED_EDGE('',*,*,#6897,.F.);
#10041=ORIENTED_EDGE('',*,*,#7060,.T.);
#10042=ORIENTED_EDGE('',*,*,#7062,.T.);
#10043=ORIENTED_EDGE('',*,*,#5890,.F.);
#10044=ORIENTED_EDGE('',*,*,#7063,.T.);
#10045=ORIENTED_EDGE('',*,*,#7058,.F.);
#10046=ORIENTED_EDGE('',*,*,#6895,.F.);
#10047=ORIENTED_EDGE('',*,*,#7049,.F.);
#10048=ORIENTED_EDGE('',*,*,#6262,.F.);
#10049=ORIENTED_EDGE('',*,*,#7062,.F.);
#10050=ORIENTED_EDGE('',*,*,#7059,.F.);
#10051=ORIENTED_EDGE('',*,*,#7063,.F.);
#10052=ORIENTED_EDGE('',*,*,#5865,.F.);
#10053=ORIENTED_EDGE('',*,*,#7064,.T.);
#10054=ORIENTED_EDGE('',*,*,#6898,.F.);
#10055=ORIENTED_EDGE('',*,*,#7061,.T.);
#10056=ORIENTED_EDGE('',*,*,#5879,.F.);
#10057=ORIENTED_EDGE('',*,*,#7065,.T.);
#10058=ORIENTED_EDGE('',*,*,#7066,.T.);
#10059=ORIENTED_EDGE('',*,*,#7067,.T.);
#10060=ORIENTED_EDGE('',*,*,#6275,.F.);
#10061=ORIENTED_EDGE('',*,*,#7068,.F.);
#10062=ORIENTED_EDGE('',*,*,#7069,.F.);
#10063=ORIENTED_EDGE('',*,*,#7070,.F.);
#10064=ORIENTED_EDGE('',*,*,#6272,.F.);
#10065=ORIENTED_EDGE('',*,*,#7070,.T.);
#10066=ORIENTED_EDGE('',*,*,#7071,.F.);
#10067=ORIENTED_EDGE('',*,*,#7065,.F.);
#10068=ORIENTED_EDGE('',*,*,#7066,.F.);
#10069=ORIENTED_EDGE('',*,*,#7071,.T.);
#10070=ORIENTED_EDGE('',*,*,#7069,.T.);
#10071=ORIENTED_EDGE('',*,*,#7072,.F.);
#10072=ORIENTED_EDGE('',*,*,#5869,.F.);
#10073=ORIENTED_EDGE('',*,*,#7067,.F.);
#10074=ORIENTED_EDGE('',*,*,#7072,.T.);
#10075=ORIENTED_EDGE('',*,*,#7068,.T.);
#10076=ORIENTED_EDGE('',*,*,#6282,.F.);
#10077=ORIENTED_EDGE('',*,*,#7073,.T.);
#10078=ORIENTED_EDGE('',*,*,#7074,.F.);
#10079=ORIENTED_EDGE('',*,*,#6899,.F.);
#10080=ORIENTED_EDGE('',*,*,#7064,.F.);
#10081=ORIENTED_EDGE('',*,*,#6900,.F.);
#10082=ORIENTED_EDGE('',*,*,#7074,.T.);
#10083=ORIENTED_EDGE('',*,*,#7075,.T.);
#10084=ORIENTED_EDGE('',*,*,#7076,.F.);
#10085=ORIENTED_EDGE('',*,*,#5855,.F.);
#10086=ORIENTED_EDGE('',*,*,#7077,.F.);
#10087=ORIENTED_EDGE('',*,*,#6901,.F.);
#10088=ORIENTED_EDGE('',*,*,#7076,.T.);
#10089=ORIENTED_EDGE('',*,*,#7078,.T.);
#10090=ORIENTED_EDGE('',*,*,#6285,.F.);
#10091=ORIENTED_EDGE('',*,*,#7078,.F.);
#10092=ORIENTED_EDGE('',*,*,#7075,.F.);
#10093=ORIENTED_EDGE('',*,*,#7073,.F.);
#10094=ORIENTED_EDGE('',*,*,#5837,.F.);
#10095=ORIENTED_EDGE('',*,*,#7079,.T.);
#10096=ORIENTED_EDGE('',*,*,#6902,.F.);
#10097=ORIENTED_EDGE('',*,*,#7077,.T.);
#10098=ORIENTED_EDGE('',*,*,#5851,.F.);
#10099=ORIENTED_EDGE('',*,*,#7080,.T.);
#10100=ORIENTED_EDGE('',*,*,#7081,.T.);
#10101=ORIENTED_EDGE('',*,*,#7082,.T.);
#10102=ORIENTED_EDGE('',*,*,#6295,.F.);
#10103=ORIENTED_EDGE('',*,*,#7083,.F.);
#10104=ORIENTED_EDGE('',*,*,#7084,.F.);
#10105=ORIENTED_EDGE('',*,*,#7085,.F.);
#10106=ORIENTED_EDGE('',*,*,#6292,.F.);
#10107=ORIENTED_EDGE('',*,*,#7085,.T.);
#10108=ORIENTED_EDGE('',*,*,#7086,.F.);
#10109=ORIENTED_EDGE('',*,*,#7080,.F.);
#10110=ORIENTED_EDGE('',*,*,#7081,.F.);
#10111=ORIENTED_EDGE('',*,*,#7086,.T.);
#10112=ORIENTED_EDGE('',*,*,#7084,.T.);
#10113=ORIENTED_EDGE('',*,*,#7087,.F.);
#10114=ORIENTED_EDGE('',*,*,#5841,.F.);
#10115=ORIENTED_EDGE('',*,*,#7082,.F.);
#10116=ORIENTED_EDGE('',*,*,#7087,.T.);
#10117=ORIENTED_EDGE('',*,*,#7083,.T.);
#10118=ORIENTED_EDGE('',*,*,#6302,.F.);
#10119=ORIENTED_EDGE('',*,*,#7088,.T.);
#10120=ORIENTED_EDGE('',*,*,#7089,.F.);
#10121=ORIENTED_EDGE('',*,*,#6903,.F.);
#10122=ORIENTED_EDGE('',*,*,#7079,.F.);
#10123=ORIENTED_EDGE('',*,*,#6904,.F.);
#10124=ORIENTED_EDGE('',*,*,#7089,.T.);
#10125=ORIENTED_EDGE('',*,*,#7090,.T.);
#10126=ORIENTED_EDGE('',*,*,#7091,.F.);
#10127=ORIENTED_EDGE('',*,*,#5827,.F.);
#10128=ORIENTED_EDGE('',*,*,#7092,.F.);
#10129=ORIENTED_EDGE('',*,*,#6905,.F.);
#10130=ORIENTED_EDGE('',*,*,#7091,.T.);
#10131=ORIENTED_EDGE('',*,*,#7093,.T.);
#10132=ORIENTED_EDGE('',*,*,#6305,.F.);
#10133=ORIENTED_EDGE('',*,*,#7093,.F.);
#10134=ORIENTED_EDGE('',*,*,#7090,.F.);
#10135=ORIENTED_EDGE('',*,*,#7088,.F.);
#10136=ORIENTED_EDGE('',*,*,#5810,.F.);
#10137=ORIENTED_EDGE('',*,*,#7094,.T.);
#10138=ORIENTED_EDGE('',*,*,#6906,.F.);
#10139=ORIENTED_EDGE('',*,*,#7092,.T.);
#10140=ORIENTED_EDGE('',*,*,#5824,.F.);
#10141=ORIENTED_EDGE('',*,*,#7095,.T.);
#10142=ORIENTED_EDGE('',*,*,#7096,.T.);
#10143=ORIENTED_EDGE('',*,*,#7097,.T.);
#10144=ORIENTED_EDGE('',*,*,#7096,.F.);
#10145=ORIENTED_EDGE('',*,*,#7098,.T.);
#10146=ORIENTED_EDGE('',*,*,#7099,.T.);
#10147=ORIENTED_EDGE('',*,*,#7100,.F.);
#10148=ORIENTED_EDGE('',*,*,#5820,.F.);
#10149=ORIENTED_EDGE('',*,*,#7101,.T.);
#10150=ORIENTED_EDGE('',*,*,#7098,.F.);
#10151=ORIENTED_EDGE('',*,*,#7095,.F.);
#10152=ORIENTED_EDGE('',*,*,#5813,.F.);
#10153=ORIENTED_EDGE('',*,*,#7097,.F.);
#10154=ORIENTED_EDGE('',*,*,#7100,.T.);
#10155=ORIENTED_EDGE('',*,*,#7102,.T.);
#10156=ORIENTED_EDGE('',*,*,#6312,.F.);
#10157=ORIENTED_EDGE('',*,*,#7102,.F.);
#10158=ORIENTED_EDGE('',*,*,#7099,.F.);
#10159=ORIENTED_EDGE('',*,*,#7101,.F.);
#10160=ORIENTED_EDGE('',*,*,#6908,.F.);
#10161=ORIENTED_EDGE('',*,*,#7103,.T.);
#10162=ORIENTED_EDGE('',*,*,#7104,.T.);
#10163=ORIENTED_EDGE('',*,*,#7105,.F.);
#10164=ORIENTED_EDGE('',*,*,#5799,.F.);
#10165=ORIENTED_EDGE('',*,*,#7106,.F.);
#10166=ORIENTED_EDGE('',*,*,#6909,.F.);
#10167=ORIENTED_EDGE('',*,*,#7105,.T.);
#10168=ORIENTED_EDGE('',*,*,#7107,.T.);
#10169=ORIENTED_EDGE('',*,*,#5806,.F.);
#10170=ORIENTED_EDGE('',*,*,#7108,.T.);
#10171=ORIENTED_EDGE('',*,*,#7103,.F.);
#10172=ORIENTED_EDGE('',*,*,#6907,.F.);
#10173=ORIENTED_EDGE('',*,*,#7094,.F.);
#10174=ORIENTED_EDGE('',*,*,#6322,.F.);
#10175=ORIENTED_EDGE('',*,*,#7107,.F.);
#10176=ORIENTED_EDGE('',*,*,#7104,.F.);
#10177=ORIENTED_EDGE('',*,*,#7108,.F.);
#10178=ORIENTED_EDGE('',*,*,#5781,.F.);
#10179=ORIENTED_EDGE('',*,*,#7109,.T.);
#10180=ORIENTED_EDGE('',*,*,#6910,.F.);
#10181=ORIENTED_EDGE('',*,*,#7106,.T.);
#10182=ORIENTED_EDGE('',*,*,#5795,.F.);
#10183=ORIENTED_EDGE('',*,*,#7110,.T.);
#10184=ORIENTED_EDGE('',*,*,#7111,.T.);
#10185=ORIENTED_EDGE('',*,*,#7112,.T.);
#10186=ORIENTED_EDGE('',*,*,#6335,.F.);
#10187=ORIENTED_EDGE('',*,*,#7113,.F.);
#10188=ORIENTED_EDGE('',*,*,#7114,.F.);
#10189=ORIENTED_EDGE('',*,*,#7115,.F.);
#10190=ORIENTED_EDGE('',*,*,#6332,.F.);
#10191=ORIENTED_EDGE('',*,*,#7115,.T.);
#10192=ORIENTED_EDGE('',*,*,#7116,.F.);
#10193=ORIENTED_EDGE('',*,*,#7110,.F.);
#10194=ORIENTED_EDGE('',*,*,#7111,.F.);
#10195=ORIENTED_EDGE('',*,*,#7116,.T.);
#10196=ORIENTED_EDGE('',*,*,#7114,.T.);
#10197=ORIENTED_EDGE('',*,*,#7117,.F.);
#10198=ORIENTED_EDGE('',*,*,#5785,.F.);
#10199=ORIENTED_EDGE('',*,*,#7112,.F.);
#10200=ORIENTED_EDGE('',*,*,#7117,.T.);
#10201=ORIENTED_EDGE('',*,*,#7113,.T.);
#10202=ORIENTED_EDGE('',*,*,#6342,.F.);
#10203=ORIENTED_EDGE('',*,*,#7118,.T.);
#10204=ORIENTED_EDGE('',*,*,#7119,.F.);
#10205=ORIENTED_EDGE('',*,*,#6911,.F.);
#10206=ORIENTED_EDGE('',*,*,#7109,.F.);
#10207=ORIENTED_EDGE('',*,*,#6912,.F.);
#10208=ORIENTED_EDGE('',*,*,#7119,.T.);
#10209=ORIENTED_EDGE('',*,*,#7120,.T.);
#10210=ORIENTED_EDGE('',*,*,#7121,.F.);
#10211=ORIENTED_EDGE('',*,*,#5771,.F.);
#10212=ORIENTED_EDGE('',*,*,#7122,.F.);
#10213=ORIENTED_EDGE('',*,*,#6913,.F.);
#10214=ORIENTED_EDGE('',*,*,#7121,.T.);
#10215=ORIENTED_EDGE('',*,*,#7123,.T.);
#10216=ORIENTED_EDGE('',*,*,#6345,.F.);
#10217=ORIENTED_EDGE('',*,*,#7123,.F.);
#10218=ORIENTED_EDGE('',*,*,#7120,.F.);
#10219=ORIENTED_EDGE('',*,*,#7118,.F.);
#10220=ORIENTED_EDGE('',*,*,#5753,.F.);
#10221=ORIENTED_EDGE('',*,*,#7124,.T.);
#10222=ORIENTED_EDGE('',*,*,#6914,.F.);
#10223=ORIENTED_EDGE('',*,*,#7122,.T.);
#10224=ORIENTED_EDGE('',*,*,#5767,.F.);
#10225=ORIENTED_EDGE('',*,*,#7125,.T.);
#10226=ORIENTED_EDGE('',*,*,#7126,.T.);
#10227=ORIENTED_EDGE('',*,*,#7127,.T.);
#10228=ORIENTED_EDGE('',*,*,#6355,.F.);
#10229=ORIENTED_EDGE('',*,*,#7128,.F.);
#10230=ORIENTED_EDGE('',*,*,#7129,.F.);
#10231=ORIENTED_EDGE('',*,*,#7130,.F.);
#10232=ORIENTED_EDGE('',*,*,#6352,.F.);
#10233=ORIENTED_EDGE('',*,*,#7130,.T.);
#10234=ORIENTED_EDGE('',*,*,#7131,.F.);
#10235=ORIENTED_EDGE('',*,*,#7125,.F.);
#10236=ORIENTED_EDGE('',*,*,#7126,.F.);
#10237=ORIENTED_EDGE('',*,*,#7131,.T.);
#10238=ORIENTED_EDGE('',*,*,#7129,.T.);
#10239=ORIENTED_EDGE('',*,*,#7132,.F.);
#10240=ORIENTED_EDGE('',*,*,#5757,.F.);
#10241=ORIENTED_EDGE('',*,*,#7127,.F.);
#10242=ORIENTED_EDGE('',*,*,#7132,.T.);
#10243=ORIENTED_EDGE('',*,*,#7128,.T.);
#10244=ORIENTED_EDGE('',*,*,#6362,.F.);
#10245=ORIENTED_EDGE('',*,*,#7133,.T.);
#10246=ORIENTED_EDGE('',*,*,#7134,.F.);
#10247=ORIENTED_EDGE('',*,*,#6915,.F.);
#10248=ORIENTED_EDGE('',*,*,#7124,.F.);
#10249=ORIENTED_EDGE('',*,*,#6916,.F.);
#10250=ORIENTED_EDGE('',*,*,#7134,.T.);
#10251=ORIENTED_EDGE('',*,*,#7135,.T.);
#10252=ORIENTED_EDGE('',*,*,#7136,.F.);
#10253=ORIENTED_EDGE('',*,*,#5743,.F.);
#10254=ORIENTED_EDGE('',*,*,#7137,.F.);
#10255=ORIENTED_EDGE('',*,*,#6917,.F.);
#10256=ORIENTED_EDGE('',*,*,#7136,.T.);
#10257=ORIENTED_EDGE('',*,*,#7138,.T.);
#10258=ORIENTED_EDGE('',*,*,#6365,.F.);
#10259=ORIENTED_EDGE('',*,*,#7138,.F.);
#10260=ORIENTED_EDGE('',*,*,#7135,.F.);
#10261=ORIENTED_EDGE('',*,*,#7133,.F.);
#10262=ORIENTED_EDGE('',*,*,#5726,.F.);
#10263=ORIENTED_EDGE('',*,*,#7139,.T.);
#10264=ORIENTED_EDGE('',*,*,#6918,.F.);
#10265=ORIENTED_EDGE('',*,*,#7137,.T.);
#10266=ORIENTED_EDGE('',*,*,#5740,.F.);
#10267=ORIENTED_EDGE('',*,*,#7140,.T.);
#10268=ORIENTED_EDGE('',*,*,#7141,.T.);
#10269=ORIENTED_EDGE('',*,*,#7142,.T.);
#10270=ORIENTED_EDGE('',*,*,#7141,.F.);
#10271=ORIENTED_EDGE('',*,*,#7143,.T.);
#10272=ORIENTED_EDGE('',*,*,#7144,.T.);
#10273=ORIENTED_EDGE('',*,*,#7145,.F.);
#10274=ORIENTED_EDGE('',*,*,#5736,.F.);
#10275=ORIENTED_EDGE('',*,*,#7146,.T.);
#10276=ORIENTED_EDGE('',*,*,#7143,.F.);
#10277=ORIENTED_EDGE('',*,*,#7140,.F.);
#10278=ORIENTED_EDGE('',*,*,#5729,.F.);
#10279=ORIENTED_EDGE('',*,*,#7142,.F.);
#10280=ORIENTED_EDGE('',*,*,#7145,.T.);
#10281=ORIENTED_EDGE('',*,*,#7147,.T.);
#10282=ORIENTED_EDGE('',*,*,#6372,.F.);
#10283=ORIENTED_EDGE('',*,*,#7147,.F.);
#10284=ORIENTED_EDGE('',*,*,#7144,.F.);
#10285=ORIENTED_EDGE('',*,*,#7146,.F.);
#10286=ORIENTED_EDGE('',*,*,#6920,.F.);
#10287=ORIENTED_EDGE('',*,*,#7148,.T.);
#10288=ORIENTED_EDGE('',*,*,#7149,.T.);
#10289=ORIENTED_EDGE('',*,*,#7150,.F.);
#10290=ORIENTED_EDGE('',*,*,#5715,.F.);
#10291=ORIENTED_EDGE('',*,*,#7151,.F.);
#10292=ORIENTED_EDGE('',*,*,#6921,.F.);
#10293=ORIENTED_EDGE('',*,*,#7150,.T.);
#10294=ORIENTED_EDGE('',*,*,#7152,.T.);
#10295=ORIENTED_EDGE('',*,*,#5722,.F.);
#10296=ORIENTED_EDGE('',*,*,#7153,.T.);
#10297=ORIENTED_EDGE('',*,*,#7148,.F.);
#10298=ORIENTED_EDGE('',*,*,#6919,.F.);
#10299=ORIENTED_EDGE('',*,*,#7139,.F.);
#10300=ORIENTED_EDGE('',*,*,#6382,.F.);
#10301=ORIENTED_EDGE('',*,*,#7152,.F.);
#10302=ORIENTED_EDGE('',*,*,#7149,.F.);
#10303=ORIENTED_EDGE('',*,*,#7153,.F.);
#10304=ORIENTED_EDGE('',*,*,#5697,.F.);
#10305=ORIENTED_EDGE('',*,*,#7154,.T.);
#10306=ORIENTED_EDGE('',*,*,#6922,.F.);
#10307=ORIENTED_EDGE('',*,*,#7151,.T.);
#10308=ORIENTED_EDGE('',*,*,#5711,.F.);
#10309=ORIENTED_EDGE('',*,*,#7155,.T.);
#10310=ORIENTED_EDGE('',*,*,#7156,.T.);
#10311=ORIENTED_EDGE('',*,*,#7157,.T.);
#10312=ORIENTED_EDGE('',*,*,#6395,.F.);
#10313=ORIENTED_EDGE('',*,*,#7158,.F.);
#10314=ORIENTED_EDGE('',*,*,#7159,.F.);
#10315=ORIENTED_EDGE('',*,*,#7160,.F.);
#10316=ORIENTED_EDGE('',*,*,#6392,.F.);
#10317=ORIENTED_EDGE('',*,*,#7160,.T.);
#10318=ORIENTED_EDGE('',*,*,#7161,.F.);
#10319=ORIENTED_EDGE('',*,*,#7155,.F.);
#10320=ORIENTED_EDGE('',*,*,#7156,.F.);
#10321=ORIENTED_EDGE('',*,*,#7161,.T.);
#10322=ORIENTED_EDGE('',*,*,#7159,.T.);
#10323=ORIENTED_EDGE('',*,*,#7162,.F.);
#10324=ORIENTED_EDGE('',*,*,#5701,.F.);
#10325=ORIENTED_EDGE('',*,*,#7157,.F.);
#10326=ORIENTED_EDGE('',*,*,#7162,.T.);
#10327=ORIENTED_EDGE('',*,*,#7158,.T.);
#10328=ORIENTED_EDGE('',*,*,#6402,.F.);
#10329=ORIENTED_EDGE('',*,*,#7163,.T.);
#10330=ORIENTED_EDGE('',*,*,#7164,.F.);
#10331=ORIENTED_EDGE('',*,*,#6923,.F.);
#10332=ORIENTED_EDGE('',*,*,#7154,.F.);
#10333=ORIENTED_EDGE('',*,*,#6924,.F.);
#10334=ORIENTED_EDGE('',*,*,#7164,.T.);
#10335=ORIENTED_EDGE('',*,*,#7165,.T.);
#10336=ORIENTED_EDGE('',*,*,#7166,.F.);
#10337=ORIENTED_EDGE('',*,*,#5687,.F.);
#10338=ORIENTED_EDGE('',*,*,#7167,.F.);
#10339=ORIENTED_EDGE('',*,*,#6925,.F.);
#10340=ORIENTED_EDGE('',*,*,#7166,.T.);
#10341=ORIENTED_EDGE('',*,*,#7168,.T.);
#10342=ORIENTED_EDGE('',*,*,#6405,.F.);
#10343=ORIENTED_EDGE('',*,*,#7168,.F.);
#10344=ORIENTED_EDGE('',*,*,#7165,.F.);
#10345=ORIENTED_EDGE('',*,*,#7163,.F.);
#10346=ORIENTED_EDGE('',*,*,#5669,.F.);
#10347=ORIENTED_EDGE('',*,*,#7169,.T.);
#10348=ORIENTED_EDGE('',*,*,#6926,.F.);
#10349=ORIENTED_EDGE('',*,*,#7167,.T.);
#10350=ORIENTED_EDGE('',*,*,#5683,.F.);
#10351=ORIENTED_EDGE('',*,*,#7170,.T.);
#10352=ORIENTED_EDGE('',*,*,#7171,.T.);
#10353=ORIENTED_EDGE('',*,*,#7172,.T.);
#10354=ORIENTED_EDGE('',*,*,#6415,.F.);
#10355=ORIENTED_EDGE('',*,*,#7173,.F.);
#10356=ORIENTED_EDGE('',*,*,#7174,.F.);
#10357=ORIENTED_EDGE('',*,*,#7175,.F.);
#10358=ORIENTED_EDGE('',*,*,#6412,.F.);
#10359=ORIENTED_EDGE('',*,*,#7175,.T.);
#10360=ORIENTED_EDGE('',*,*,#7176,.F.);
#10361=ORIENTED_EDGE('',*,*,#7170,.F.);
#10362=ORIENTED_EDGE('',*,*,#7171,.F.);
#10363=ORIENTED_EDGE('',*,*,#7176,.T.);
#10364=ORIENTED_EDGE('',*,*,#7174,.T.);
#10365=ORIENTED_EDGE('',*,*,#7177,.F.);
#10366=ORIENTED_EDGE('',*,*,#5673,.F.);
#10367=ORIENTED_EDGE('',*,*,#7172,.F.);
#10368=ORIENTED_EDGE('',*,*,#7177,.T.);
#10369=ORIENTED_EDGE('',*,*,#7173,.T.);
#10370=ORIENTED_EDGE('',*,*,#6422,.F.);
#10371=ORIENTED_EDGE('',*,*,#7178,.T.);
#10372=ORIENTED_EDGE('',*,*,#7179,.F.);
#10373=ORIENTED_EDGE('',*,*,#6927,.F.);
#10374=ORIENTED_EDGE('',*,*,#7169,.F.);
#10375=ORIENTED_EDGE('',*,*,#6928,.F.);
#10376=ORIENTED_EDGE('',*,*,#7179,.T.);
#10377=ORIENTED_EDGE('',*,*,#7180,.T.);
#10378=ORIENTED_EDGE('',*,*,#7181,.F.);
#10379=ORIENTED_EDGE('',*,*,#5659,.F.);
#10380=ORIENTED_EDGE('',*,*,#7182,.F.);
#10381=ORIENTED_EDGE('',*,*,#6929,.F.);
#10382=ORIENTED_EDGE('',*,*,#7181,.T.);
#10383=ORIENTED_EDGE('',*,*,#7183,.T.);
#10384=ORIENTED_EDGE('',*,*,#6425,.F.);
#10385=ORIENTED_EDGE('',*,*,#7183,.F.);
#10386=ORIENTED_EDGE('',*,*,#7180,.F.);
#10387=ORIENTED_EDGE('',*,*,#7178,.F.);
#10388=ORIENTED_EDGE('',*,*,#5642,.F.);
#10389=ORIENTED_EDGE('',*,*,#7184,.T.);
#10390=ORIENTED_EDGE('',*,*,#7185,.F.);
#10391=ORIENTED_EDGE('',*,*,#6930,.F.);
#10392=ORIENTED_EDGE('',*,*,#7182,.T.);
#10393=ORIENTED_EDGE('',*,*,#5656,.F.);
#10394=ORIENTED_EDGE('',*,*,#7186,.T.);
#10395=ORIENTED_EDGE('',*,*,#7187,.T.);
#10396=ORIENTED_EDGE('',*,*,#7188,.T.);
#10397=ORIENTED_EDGE('',*,*,#7187,.F.);
#10398=ORIENTED_EDGE('',*,*,#7189,.T.);
#10399=ORIENTED_EDGE('',*,*,#7190,.T.);
#10400=ORIENTED_EDGE('',*,*,#7191,.F.);
#10401=ORIENTED_EDGE('',*,*,#5652,.F.);
#10402=ORIENTED_EDGE('',*,*,#7192,.T.);
#10403=ORIENTED_EDGE('',*,*,#7189,.F.);
#10404=ORIENTED_EDGE('',*,*,#7186,.F.);
#10405=ORIENTED_EDGE('',*,*,#5645,.F.);
#10406=ORIENTED_EDGE('',*,*,#7188,.F.);
#10407=ORIENTED_EDGE('',*,*,#7191,.T.);
#10408=ORIENTED_EDGE('',*,*,#7193,.T.);
#10409=ORIENTED_EDGE('',*,*,#6432,.F.);
#10410=ORIENTED_EDGE('',*,*,#7193,.F.);
#10411=ORIENTED_EDGE('',*,*,#7190,.F.);
#10412=ORIENTED_EDGE('',*,*,#7192,.F.);
#10413=ORIENTED_EDGE('',*,*,#7194,.F.);
#10414=ORIENTED_EDGE('',*,*,#7195,.T.);
#10415=ORIENTED_EDGE('',*,*,#7196,.T.);
#10416=ORIENTED_EDGE('',*,*,#7197,.F.);
#10417=ORIENTED_EDGE('',*,*,#7198,.F.);
#10418=ORIENTED_EDGE('',*,*,#7199,.F.);
#10419=ORIENTED_EDGE('',*,*,#5631,.F.);
#10420=ORIENTED_EDGE('',*,*,#7200,.F.);
#10421=ORIENTED_EDGE('',*,*,#7201,.F.);
#10422=ORIENTED_EDGE('',*,*,#7197,.T.);
#10423=ORIENTED_EDGE('',*,*,#7202,.T.);
#10424=ORIENTED_EDGE('',*,*,#5638,.F.);
#10425=ORIENTED_EDGE('',*,*,#7203,.T.);
#10426=ORIENTED_EDGE('',*,*,#7195,.F.);
#10427=ORIENTED_EDGE('',*,*,#7204,.F.);
#10428=ORIENTED_EDGE('',*,*,#7205,.F.);
#10429=ORIENTED_EDGE('',*,*,#7184,.F.);
#10430=ORIENTED_EDGE('',*,*,#6442,.F.);
#10431=ORIENTED_EDGE('',*,*,#7202,.F.);
#10432=ORIENTED_EDGE('',*,*,#7196,.F.);
#10433=ORIENTED_EDGE('',*,*,#7203,.F.);
#10434=ORIENTED_EDGE('',*,*,#6477,.F.);
#10435=ORIENTED_EDGE('',*,*,#7206,.F.);
#10436=ORIENTED_EDGE('',*,*,#7207,.F.);
#10437=ORIENTED_EDGE('',*,*,#7208,.F.);
#10438=ORIENTED_EDGE('',*,*,#7209,.F.);
#10439=ORIENTED_EDGE('',*,*,#7210,.F.);
#10440=ORIENTED_EDGE('',*,*,#7211,.F.);
#10441=ORIENTED_EDGE('',*,*,#7212,.F.);
#10442=ORIENTED_EDGE('',*,*,#7199,.T.);
#10443=ORIENTED_EDGE('',*,*,#7213,.F.);
#10444=ORIENTED_EDGE('',*,*,#7214,.F.);
#10445=ORIENTED_EDGE('',*,*,#7215,.F.);
#10446=ORIENTED_EDGE('',*,*,#7216,.F.);
#10447=ORIENTED_EDGE('',*,*,#7217,.F.);
#10448=ORIENTED_EDGE('',*,*,#7218,.F.);
#10449=ORIENTED_EDGE('',*,*,#7198,.T.);
#10450=ORIENTED_EDGE('',*,*,#7201,.T.);
#10451=ORIENTED_EDGE('',*,*,#7219,.T.);
#10452=ORIENTED_EDGE('',*,*,#7220,.F.);
#10453=ORIENTED_EDGE('',*,*,#7221,.T.);
#10454=ORIENTED_EDGE('',*,*,#7213,.T.);
#10455=ORIENTED_EDGE('',*,*,#5629,.F.);
#10456=ORIENTED_EDGE('',*,*,#7222,.F.);
#10457=ORIENTED_EDGE('',*,*,#7219,.F.);
#10458=ORIENTED_EDGE('',*,*,#7200,.T.);
#10459=ORIENTED_EDGE('',*,*,#6473,.F.);
#10460=ORIENTED_EDGE('',*,*,#7223,.T.);
#10461=ORIENTED_EDGE('',*,*,#7224,.T.);
#10462=ORIENTED_EDGE('',*,*,#7206,.T.);
#10463=ORIENTED_EDGE('',*,*,#7225,.T.);
#10464=ORIENTED_EDGE('',*,*,#7207,.T.);
#10465=ORIENTED_EDGE('',*,*,#7224,.F.);
#10466=ORIENTED_EDGE('',*,*,#7226,.T.);
#10467=ORIENTED_EDGE('',*,*,#7227,.T.);
#10468=ORIENTED_EDGE('',*,*,#7208,.T.);
#10469=ORIENTED_EDGE('',*,*,#7225,.F.);
#10470=ORIENTED_EDGE('',*,*,#7228,.T.);
#10471=ORIENTED_EDGE('',*,*,#7229,.T.);
#10472=ORIENTED_EDGE('',*,*,#7209,.T.);
#10473=ORIENTED_EDGE('',*,*,#7227,.F.);
#10474=ORIENTED_EDGE('',*,*,#7230,.T.);
#10475=ORIENTED_EDGE('',*,*,#7231,.T.);
#10476=ORIENTED_EDGE('',*,*,#7210,.T.);
#10477=ORIENTED_EDGE('',*,*,#7229,.F.);
#10478=ORIENTED_EDGE('',*,*,#7232,.T.);
#10479=ORIENTED_EDGE('',*,*,#7233,.T.);
#10480=ORIENTED_EDGE('',*,*,#7211,.T.);
#10481=ORIENTED_EDGE('',*,*,#7231,.F.);
#10482=ORIENTED_EDGE('',*,*,#7234,.T.);
#10483=ORIENTED_EDGE('',*,*,#7194,.T.);
#10484=ORIENTED_EDGE('',*,*,#7212,.T.);
#10485=ORIENTED_EDGE('',*,*,#7233,.F.);
#10486=ORIENTED_EDGE('',*,*,#6931,.T.);
#10487=ORIENTED_EDGE('',*,*,#7235,.T.);
#10488=ORIENTED_EDGE('',*,*,#7204,.T.);
#10489=ORIENTED_EDGE('',*,*,#7234,.F.);
#10490=ORIENTED_EDGE('',*,*,#7236,.F.);
#10491=ORIENTED_EDGE('',*,*,#7237,.F.);
#10492=ORIENTED_EDGE('',*,*,#6932,.T.);
#10493=ORIENTED_EDGE('',*,*,#7232,.F.);
#10494=ORIENTED_EDGE('',*,*,#7238,.F.);
#10495=ORIENTED_EDGE('',*,*,#7239,.F.);
#10496=ORIENTED_EDGE('',*,*,#7236,.T.);
#10497=ORIENTED_EDGE('',*,*,#7230,.F.);
#10498=ORIENTED_EDGE('',*,*,#7240,.F.);
#10499=ORIENTED_EDGE('',*,*,#7241,.F.);
#10500=ORIENTED_EDGE('',*,*,#7238,.T.);
#10501=ORIENTED_EDGE('',*,*,#7228,.F.);
#10502=ORIENTED_EDGE('',*,*,#7242,.F.);
#10503=ORIENTED_EDGE('',*,*,#7243,.F.);
#10504=ORIENTED_EDGE('',*,*,#7240,.T.);
#10505=ORIENTED_EDGE('',*,*,#7226,.F.);
#10506=ORIENTED_EDGE('',*,*,#7244,.F.);
#10507=ORIENTED_EDGE('',*,*,#7245,.F.);
#10508=ORIENTED_EDGE('',*,*,#7242,.T.);
#10509=ORIENTED_EDGE('',*,*,#6472,.F.);
#10510=ORIENTED_EDGE('',*,*,#7246,.F.);
#10511=ORIENTED_EDGE('',*,*,#7244,.T.);
#10512=ORIENTED_EDGE('',*,*,#7223,.F.);
#10513=ORIENTED_EDGE('',*,*,#6451,.F.);
#10514=ORIENTED_EDGE('',*,*,#7247,.T.);
#10515=ORIENTED_EDGE('',*,*,#7248,.T.);
#10516=ORIENTED_EDGE('',*,*,#7222,.T.);
#10517=ORIENTED_EDGE('',*,*,#7249,.T.);
#10518=ORIENTED_EDGE('',*,*,#7220,.T.);
#10519=ORIENTED_EDGE('',*,*,#7248,.F.);
#10520=ORIENTED_EDGE('',*,*,#7250,.T.);
#10521=ORIENTED_EDGE('',*,*,#7251,.T.);
#10522=ORIENTED_EDGE('',*,*,#7252,.T.);
#10523=ORIENTED_EDGE('',*,*,#7249,.F.);
#10524=ORIENTED_EDGE('',*,*,#7253,.T.);
#10525=ORIENTED_EDGE('',*,*,#7254,.T.);
#10526=ORIENTED_EDGE('',*,*,#7255,.T.);
#10527=ORIENTED_EDGE('',*,*,#7251,.F.);
#10528=ORIENTED_EDGE('',*,*,#7256,.T.);
#10529=ORIENTED_EDGE('',*,*,#7257,.T.);
#10530=ORIENTED_EDGE('',*,*,#7258,.T.);
#10531=ORIENTED_EDGE('',*,*,#7254,.F.);
#10532=ORIENTED_EDGE('',*,*,#7259,.T.);
#10533=ORIENTED_EDGE('',*,*,#7260,.T.);
#10534=ORIENTED_EDGE('',*,*,#7261,.T.);
#10535=ORIENTED_EDGE('',*,*,#7257,.F.);
#10536=ORIENTED_EDGE('',*,*,#7262,.T.);
#10537=ORIENTED_EDGE('',*,*,#6457,.F.);
#10538=ORIENTED_EDGE('',*,*,#7263,.T.);
#10539=ORIENTED_EDGE('',*,*,#7260,.F.);
#10540=ORIENTED_EDGE('',*,*,#7264,.T.);
#10541=ORIENTED_EDGE('',*,*,#6454,.F.);
#10542=ORIENTED_EDGE('',*,*,#7264,.F.);
#10543=ORIENTED_EDGE('',*,*,#7262,.F.);
#10544=ORIENTED_EDGE('',*,*,#7259,.F.);
#10545=ORIENTED_EDGE('',*,*,#7256,.F.);
#10546=ORIENTED_EDGE('',*,*,#7253,.F.);
#10547=ORIENTED_EDGE('',*,*,#7250,.F.);
#10548=ORIENTED_EDGE('',*,*,#7247,.F.);
#10549=ORIENTED_EDGE('',*,*,#7265,.T.);
#10550=ORIENTED_EDGE('',*,*,#6495,.T.);
#10551=ORIENTED_EDGE('',*,*,#6501,.F.);
#10552=ORIENTED_EDGE('',*,*,#7266,.T.);
#10553=ORIENTED_EDGE('',*,*,#7267,.T.);
#10554=ORIENTED_EDGE('',*,*,#6496,.T.);
#10555=ORIENTED_EDGE('',*,*,#7265,.F.);
#10556=ORIENTED_EDGE('',*,*,#7268,.T.);
#10557=ORIENTED_EDGE('',*,*,#7269,.T.);
#10558=ORIENTED_EDGE('',*,*,#6497,.T.);
#10559=ORIENTED_EDGE('',*,*,#7267,.F.);
#10560=ORIENTED_EDGE('',*,*,#7270,.T.);
#10561=ORIENTED_EDGE('',*,*,#7271,.T.);
#10562=ORIENTED_EDGE('',*,*,#6498,.T.);
#10563=ORIENTED_EDGE('',*,*,#7269,.F.);
#10564=ORIENTED_EDGE('',*,*,#7272,.T.);
#10565=ORIENTED_EDGE('',*,*,#6493,.T.);
#10566=ORIENTED_EDGE('',*,*,#6499,.T.);
#10567=ORIENTED_EDGE('',*,*,#7271,.F.);
#10568=ORIENTED_EDGE('',*,*,#7273,.T.);
#10569=ORIENTED_EDGE('',*,*,#7273,.F.);
#10570=ORIENTED_EDGE('',*,*,#7274,.T.);
#10571=ORIENTED_EDGE('',*,*,#7275,.T.);
#10572=ORIENTED_EDGE('',*,*,#6490,.T.);
#10573=ORIENTED_EDGE('',*,*,#7272,.F.);
#10574=ORIENTED_EDGE('',*,*,#7276,.F.);
#10575=ORIENTED_EDGE('',*,*,#7277,.T.);
#10576=ORIENTED_EDGE('',*,*,#7274,.F.);
#10577=ORIENTED_EDGE('',*,*,#7270,.F.);
#10578=ORIENTED_EDGE('',*,*,#7278,.T.);
#10579=ORIENTED_EDGE('',*,*,#7279,.T.);
#10580=ORIENTED_EDGE('',*,*,#7276,.T.);
#10581=ORIENTED_EDGE('',*,*,#7268,.F.);
#10582=ORIENTED_EDGE('',*,*,#7280,.F.);
#10583=ORIENTED_EDGE('',*,*,#7281,.T.);
#10584=ORIENTED_EDGE('',*,*,#7278,.F.);
#10585=ORIENTED_EDGE('',*,*,#6507,.T.);
#10586=ORIENTED_EDGE('',*,*,#6840,.T.);
#10587=ORIENTED_EDGE('',*,*,#7282,.T.);
#10588=ORIENTED_EDGE('',*,*,#7280,.T.);
#10589=ORIENTED_EDGE('',*,*,#7266,.F.);
#10590=ORIENTED_EDGE('',*,*,#6503,.T.);
#10591=ORIENTED_EDGE('',*,*,#6467,.F.);
#10592=ORIENTED_EDGE('',*,*,#7283,.T.);
#10593=ORIENTED_EDGE('',*,*,#7284,.T.);
#10594=ORIENTED_EDGE('',*,*,#7246,.T.);
#10595=ORIENTED_EDGE('',*,*,#7285,.T.);
#10596=ORIENTED_EDGE('',*,*,#7245,.T.);
#10597=ORIENTED_EDGE('',*,*,#7284,.F.);
#10598=ORIENTED_EDGE('',*,*,#7286,.T.);
#10599=ORIENTED_EDGE('',*,*,#7287,.T.);
#10600=ORIENTED_EDGE('',*,*,#7243,.T.);
#10601=ORIENTED_EDGE('',*,*,#7285,.F.);
#10602=ORIENTED_EDGE('',*,*,#7288,.T.);
#10603=ORIENTED_EDGE('',*,*,#7289,.T.);
#10604=ORIENTED_EDGE('',*,*,#7241,.T.);
#10605=ORIENTED_EDGE('',*,*,#7287,.F.);
#10606=ORIENTED_EDGE('',*,*,#7290,.T.);
#10607=ORIENTED_EDGE('',*,*,#7291,.T.);
#10608=ORIENTED_EDGE('',*,*,#7239,.T.);
#10609=ORIENTED_EDGE('',*,*,#7289,.F.);
#10610=ORIENTED_EDGE('',*,*,#7292,.T.);
#10611=ORIENTED_EDGE('',*,*,#6838,.T.);
#10612=ORIENTED_EDGE('',*,*,#7237,.T.);
#10613=ORIENTED_EDGE('',*,*,#7291,.F.);
#10614=ORIENTED_EDGE('',*,*,#7293,.T.);
#10615=ORIENTED_EDGE('',*,*,#6464,.F.);
#10616=ORIENTED_EDGE('',*,*,#6491,.F.);
#10617=ORIENTED_EDGE('',*,*,#7275,.F.);
#10618=ORIENTED_EDGE('',*,*,#7277,.F.);
#10619=ORIENTED_EDGE('',*,*,#7279,.F.);
#10620=ORIENTED_EDGE('',*,*,#7281,.F.);
#10621=ORIENTED_EDGE('',*,*,#7282,.F.);
#10622=ORIENTED_EDGE('',*,*,#6839,.F.);
#10623=ORIENTED_EDGE('',*,*,#7293,.F.);
#10624=ORIENTED_EDGE('',*,*,#7292,.F.);
#10625=ORIENTED_EDGE('',*,*,#7290,.F.);
#10626=ORIENTED_EDGE('',*,*,#7288,.F.);
#10627=ORIENTED_EDGE('',*,*,#7286,.F.);
#10628=ORIENTED_EDGE('',*,*,#7283,.F.);
#10629=ORIENTED_EDGE('',*,*,#6459,.F.);
#10630=ORIENTED_EDGE('',*,*,#7218,.T.);
#10631=ORIENTED_EDGE('',*,*,#7294,.F.);
#10632=ORIENTED_EDGE('',*,*,#7263,.F.);
#10633=ORIENTED_EDGE('',*,*,#7261,.F.);
#10634=ORIENTED_EDGE('',*,*,#7294,.T.);
#10635=ORIENTED_EDGE('',*,*,#7217,.T.);
#10636=ORIENTED_EDGE('',*,*,#7295,.T.);
#10637=ORIENTED_EDGE('',*,*,#7258,.F.);
#10638=ORIENTED_EDGE('',*,*,#7295,.F.);
#10639=ORIENTED_EDGE('',*,*,#7216,.T.);
#10640=ORIENTED_EDGE('',*,*,#7296,.F.);
#10641=ORIENTED_EDGE('',*,*,#7255,.F.);
#10642=ORIENTED_EDGE('',*,*,#7296,.T.);
#10643=ORIENTED_EDGE('',*,*,#7215,.T.);
#10644=ORIENTED_EDGE('',*,*,#7297,.T.);
#10645=ORIENTED_EDGE('',*,*,#7252,.F.);
#10646=ORIENTED_EDGE('',*,*,#7297,.F.);
#10647=ORIENTED_EDGE('',*,*,#7214,.T.);
#10648=ORIENTED_EDGE('',*,*,#7221,.F.);
#10649=ORIENTED_EDGE('',*,*,#7205,.T.);
#10650=ORIENTED_EDGE('',*,*,#7235,.F.);
#10651=ORIENTED_EDGE('',*,*,#7185,.T.);
#10652=ORIENTED_EDGE('',*,*,#6934,.T.);
#10653=ORIENTED_EDGE('',*,*,#6821,.T.);
#10654=ORIENTED_EDGE('',*,*,#6938,.T.);
#10655=ORIENTED_EDGE('',*,*,#6936,.F.);
#10656=PLANE('',#11959);
#10657=PLANE('',#11960);
#10658=PLANE('',#11961);
#10659=PLANE('',#11962);
#10660=PLANE('',#11963);
#10661=PLANE('',#11964);
#10662=PLANE('',#11965);
#10663=PLANE('',#11966);
#10664=PLANE('',#11967);
#10665=PLANE('',#11968);
#10666=PLANE('',#11969);
#10667=PLANE('',#11970);
#10668=PLANE('',#11971);
#10669=PLANE('',#11972);
#10670=PLANE('',#11973);
#10671=PLANE('',#11974);
#10672=PLANE('',#11975);
#10673=PLANE('',#11976);
#10674=PLANE('',#11977);
#10675=PLANE('',#11978);
#10676=PLANE('',#11979);
#10677=PLANE('',#11980);
#10678=PLANE('',#11981);
#10679=PLANE('',#11982);
#10680=PLANE('',#11983);
#10681=PLANE('',#11984);
#10682=PLANE('',#11985);
#10683=PLANE('',#11986);
#10684=PLANE('',#11987);
#10685=PLANE('',#11988);
#10686=PLANE('',#11989);
#10687=PLANE('',#11990);
#10688=PLANE('',#11991);
#10689=PLANE('',#11992);
#10690=PLANE('',#11993);
#10691=PLANE('',#11994);
#10692=PLANE('',#11995);
#10693=PLANE('',#11996);
#10694=PLANE('',#11997);
#10695=PLANE('',#11998);
#10696=PLANE('',#11999);
#10697=PLANE('',#12000);
#10698=PLANE('',#12001);
#10699=PLANE('',#12002);
#10700=PLANE('',#12003);
#10701=PLANE('',#12004);
#10702=PLANE('',#12005);
#10703=PLANE('',#12006);
#10704=PLANE('',#12007);
#10705=PLANE('',#12008);
#10706=PLANE('',#12009);
#10707=PLANE('',#12010);
#10708=PLANE('',#12011);
#10709=PLANE('',#12012);
#10710=PLANE('',#12013);
#10711=PLANE('',#12014);
#10712=PLANE('',#12015);
#10713=PLANE('',#12016);
#10714=PLANE('',#12017);
#10715=PLANE('',#12018);
#10716=PLANE('',#12019);
#10717=PLANE('',#12020);
#10718=PLANE('',#12021);
#10719=PLANE('',#12022);
#10720=PLANE('',#12023);
#10721=PLANE('',#12024);
#10722=PLANE('',#12025);
#10723=PLANE('',#12026);
#10724=PLANE('',#12027);
#10725=PLANE('',#12028);
#10726=PLANE('',#12029);
#10727=PLANE('',#12030);
#10728=PLANE('',#12031);
#10729=PLANE('',#12032);
#10730=PLANE('',#12033);
#10731=PLANE('',#12034);
#10732=PLANE('',#12035);
#10733=PLANE('',#12036);
#10734=PLANE('',#12037);
#10735=PLANE('',#12038);
#10736=PLANE('',#12039);
#10737=PLANE('',#12040);
#10738=PLANE('',#12041);
#10739=PLANE('',#12042);
#10740=PLANE('',#12043);
#10741=PLANE('',#12044);
#10742=PLANE('',#12045);
#10743=PLANE('',#12046);
#10744=PLANE('',#12047);
#10745=PLANE('',#12048);
#10746=PLANE('',#12049);
#10747=PLANE('',#12050);
#10748=PLANE('',#12051);
#10749=PLANE('',#12052);
#10750=PLANE('',#12053);
#10751=PLANE('',#12054);
#10752=PLANE('',#12055);
#10753=PLANE('',#12056);
#10754=PLANE('',#12057);
#10755=PLANE('',#12058);
#10756=PLANE('',#12059);
#10757=PLANE('',#12060);
#10758=PLANE('',#12061);
#10759=PLANE('',#12062);
#10760=PLANE('',#12063);
#10761=PLANE('',#12064);
#10762=PLANE('',#12065);
#10763=PLANE('',#12066);
#10764=PLANE('',#12067);
#10765=PLANE('',#12068);
#10766=PLANE('',#12069);
#10767=PLANE('',#12070);
#10768=PLANE('',#12071);
#10769=PLANE('',#12072);
#10770=PLANE('',#12073);
#10771=PLANE('',#12074);
#10772=PLANE('',#12075);
#10773=PLANE('',#12076);
#10774=PLANE('',#12077);
#10775=PLANE('',#12078);
#10776=PLANE('',#12079);
#10777=PLANE('',#12080);
#10778=PLANE('',#12081);
#10779=PLANE('',#12082);
#10780=PLANE('',#12083);
#10781=PLANE('',#12084);
#10782=PLANE('',#12085);
#10783=PLANE('',#12086);
#10784=PLANE('',#12087);
#10785=PLANE('',#12088);
#10786=PLANE('',#12089);
#10787=PLANE('',#12090);
#10788=PLANE('',#12091);
#10789=PLANE('',#12092);
#10790=PLANE('',#12093);
#10791=PLANE('',#12094);
#10792=PLANE('',#12095);
#10793=PLANE('',#12096);
#10794=PLANE('',#12097);
#10795=PLANE('',#12098);
#10796=PLANE('',#12099);
#10797=PLANE('',#12100);
#10798=PLANE('',#12101);
#10799=PLANE('',#12102);
#10800=PLANE('',#12103);
#10801=PLANE('',#12104);
#10802=PLANE('',#12105);
#10803=PLANE('',#12106);
#10804=PLANE('',#12107);
#10805=PLANE('',#12108);
#10806=PLANE('',#12109);
#10807=PLANE('',#12110);
#10808=PLANE('',#12111);
#10809=PLANE('',#12112);
#10810=PLANE('',#12113);
#10811=PLANE('',#12114);
#10812=PLANE('',#12115);
#10813=PLANE('',#12116);
#10814=PLANE('',#12117);
#10815=PLANE('',#12118);
#10816=PLANE('',#12119);
#10817=PLANE('',#12120);
#10818=PLANE('',#12121);
#10819=PLANE('',#12122);
#10820=PLANE('',#12123);
#10821=PLANE('',#12124);
#10822=PLANE('',#12125);
#10823=PLANE('',#12126);
#10824=PLANE('',#12127);
#10825=PLANE('',#12128);
#10826=PLANE('',#12129);
#10827=PLANE('',#12130);
#10828=PLANE('',#12131);
#10829=PLANE('',#12132);
#10830=PLANE('',#12133);
#10831=PLANE('',#12134);
#10832=PLANE('',#12135);
#10833=PLANE('',#12136);
#10834=PLANE('',#12137);
#10835=PLANE('',#12138);
#10836=PLANE('',#12139);
#10837=PLANE('',#12140);
#10838=PLANE('',#12141);
#10839=PLANE('',#12142);
#10840=PLANE('',#12143);
#10841=PLANE('',#12144);
#10842=PLANE('',#12145);
#10843=PLANE('',#12146);
#10844=PLANE('',#12147);
#10845=PLANE('',#12148);
#10846=PLANE('',#12149);
#10847=PLANE('',#12150);
#10848=PLANE('',#12151);
#10849=PLANE('',#12152);
#10850=PLANE('',#12153);
#10851=PLANE('',#12154);
#10852=PLANE('',#12155);
#10853=PLANE('',#12156);
#10854=PLANE('',#12157);
#10855=PLANE('',#12158);
#10856=PLANE('',#12159);
#10857=PLANE('',#12160);
#10858=PLANE('',#12161);
#10859=PLANE('',#12162);
#10860=PLANE('',#12163);
#10861=PLANE('',#12164);
#10862=PLANE('',#12165);
#10863=PLANE('',#12166);
#10864=PLANE('',#12167);
#10865=PLANE('',#12168);
#10866=PLANE('',#12169);
#10867=PLANE('',#12170);
#10868=PLANE('',#12171);
#10869=PLANE('',#12172);
#10870=PLANE('',#12173);
#10871=PLANE('',#12174);
#10872=PLANE('',#12175);
#10873=PLANE('',#12176);
#10874=PLANE('',#12177);
#10875=PLANE('',#12178);
#10876=PLANE('',#12179);
#10877=PLANE('',#12180);
#10878=PLANE('',#12181);
#10879=PLANE('',#12182);
#10880=PLANE('',#12183);
#10881=PLANE('',#12184);
#10882=PLANE('',#12185);
#10883=PLANE('',#12186);
#10884=PLANE('',#12187);
#10885=PLANE('',#12188);
#10886=PLANE('',#12189);
#10887=PLANE('',#12190);
#10888=PLANE('',#12191);
#10889=PLANE('',#12192);
#10890=PLANE('',#12193);
#10891=PLANE('',#12194);
#10892=PLANE('',#12195);
#10893=PLANE('',#12196);
#10894=PLANE('',#12197);
#10895=PLANE('',#12198);
#10896=PLANE('',#12199);
#10897=PLANE('',#12200);
#10898=PLANE('',#12201);
#10899=PLANE('',#12202);
#10900=PLANE('',#12203);
#10901=PLANE('',#12204);
#10902=PLANE('',#12205);
#10903=PLANE('',#12206);
#10904=PLANE('',#12207);
#10905=PLANE('',#12208);
#10906=PLANE('',#12209);
#10907=PLANE('',#12210);
#10908=PLANE('',#12211);
#10909=PLANE('',#12212);
#10910=PLANE('',#12213);
#10911=PLANE('',#12214);
#10912=PLANE('',#12215);
#10913=PLANE('',#12216);
#10914=PLANE('',#12217);
#10915=PLANE('',#12218);
#10916=PLANE('',#12219);
#10917=PLANE('',#12220);
#10918=PLANE('',#12221);
#10919=PLANE('',#12222);
#10920=PLANE('',#12223);
#10921=PLANE('',#12224);
#10922=PLANE('',#12225);
#10923=PLANE('',#12226);
#10924=PLANE('',#12227);
#10925=PLANE('',#12228);
#10926=PLANE('',#12229);
#10927=PLANE('',#12230);
#10928=PLANE('',#12231);
#10929=PLANE('',#12232);
#10930=PLANE('',#12233);
#10931=PLANE('',#12234);
#10932=PLANE('',#12238);
#10933=PLANE('',#12242);
#10934=PLANE('',#12243);
#10935=PLANE('',#12244);
#10936=PLANE('',#12248);
#10937=PLANE('',#12252);
#10938=PLANE('',#12256);
#10939=PLANE('',#12260);
#10940=PLANE('',#12261);
#10941=PLANE('',#12264);
#10942=PLANE('',#12270);
#10943=PLANE('',#12271);
#10944=PLANE('',#12274);
#10945=PLANE('',#12275);
#10946=PLANE('',#12277);
#10947=PLANE('',#12278);
#10948=PLANE('',#12279);
#10949=PLANE('',#12280);
#10950=PLANE('',#12281);
#10951=PLANE('',#12283);
#10952=PLANE('',#12284);
#10953=PLANE('',#12286);
#10954=PLANE('',#12287);
#10955=PLANE('',#12288);
#10956=PLANE('',#12289);
#10957=PLANE('',#12290);
#10958=PLANE('',#12292);
#10959=PLANE('',#12293);
#10960=PLANE('',#12295);
#10961=PLANE('',#12296);
#10962=PLANE('',#12297);
#10963=PLANE('',#12298);
#10964=PLANE('',#12299);
#10965=PLANE('',#12301);
#10966=PLANE('',#12302);
#10967=PLANE('',#12304);
#10968=PLANE('',#12305);
#10969=PLANE('',#12306);
#10970=PLANE('',#12307);
#10971=PLANE('',#12308);
#10972=PLANE('',#12310);
#10973=PLANE('',#12311);
#10974=PLANE('',#12313);
#10975=PLANE('',#12314);
#10976=PLANE('',#12315);
#10977=PLANE('',#12316);
#10978=PLANE('',#12317);
#10979=PLANE('',#12319);
#10980=PLANE('',#12320);
#10981=PLANE('',#12322);
#10982=PLANE('',#12323);
#10983=PLANE('',#12324);
#10984=PLANE('',#12325);
#10985=PLANE('',#12326);
#10986=PLANE('',#12328);
#10987=PLANE('',#12329);
#10988=PLANE('',#12331);
#10989=PLANE('',#12332);
#10990=PLANE('',#12333);
#10991=PLANE('',#12334);
#10992=PLANE('',#12335);
#10993=PLANE('',#12337);
#10994=PLANE('',#12338);
#10995=PLANE('',#12340);
#10996=PLANE('',#12341);
#10997=PLANE('',#12342);
#10998=PLANE('',#12343);
#10999=PLANE('',#12344);
#11000=PLANE('',#12346);
#11001=PLANE('',#12347);
#11002=PLANE('',#12349);
#11003=PLANE('',#12350);
#11004=PLANE('',#12351);
#11005=PLANE('',#12352);
#11006=PLANE('',#12353);
#11007=PLANE('',#12355);
#11008=PLANE('',#12356);
#11009=PLANE('',#12358);
#11010=PLANE('',#12359);
#11011=PLANE('',#12360);
#11012=PLANE('',#12361);
#11013=PLANE('',#12362);
#11014=PLANE('',#12364);
#11015=PLANE('',#12365);
#11016=PLANE('',#12367);
#11017=PLANE('',#12368);
#11018=PLANE('',#12369);
#11019=PLANE('',#12370);
#11020=PLANE('',#12371);
#11021=PLANE('',#12373);
#11022=PLANE('',#12374);
#11023=PLANE('',#12376);
#11024=PLANE('',#12377);
#11025=PLANE('',#12378);
#11026=PLANE('',#12379);
#11027=PLANE('',#12380);
#11028=PLANE('',#12382);
#11029=PLANE('',#12383);
#11030=PLANE('',#12385);
#11031=PLANE('',#12386);
#11032=PLANE('',#12387);
#11033=PLANE('',#12388);
#11034=PLANE('',#12389);
#11035=PLANE('',#12391);
#11036=PLANE('',#12392);
#11037=PLANE('',#12394);
#11038=PLANE('',#12395);
#11039=PLANE('',#12396);
#11040=PLANE('',#12397);
#11041=PLANE('',#12398);
#11042=PLANE('',#12400);
#11043=PLANE('',#12401);
#11044=PLANE('',#12403);
#11045=PLANE('',#12404);
#11046=PLANE('',#12405);
#11047=PLANE('',#12406);
#11048=PLANE('',#12407);
#11049=PLANE('',#12409);
#11050=PLANE('',#12410);
#11051=PLANE('',#12412);
#11052=PLANE('',#12413);
#11053=PLANE('',#12414);
#11054=PLANE('',#12415);
#11055=PLANE('',#12416);
#11056=PLANE('',#12418);
#11057=PLANE('',#12419);
#11058=PLANE('',#12421);
#11059=PLANE('',#12422);
#11060=PLANE('',#12423);
#11061=PLANE('',#12424);
#11062=PLANE('',#12425);
#11063=PLANE('',#12427);
#11064=PLANE('',#12428);
#11065=PLANE('',#12430);
#11066=PLANE('',#12436);
#11067=PLANE('',#12437);
#11068=PLANE('',#12438);
#11069=PLANE('',#12481);
#11070=PLANE('',#12482);
#11071=PLANE('',#12483);
#11072=PLANE('',#12484);
#11073=PLANE('',#12485);
#11074=PLANE('',#12486);
#11075=PLANE('',#12487);
#11076=PLANE('',#12488);
#11077=PLANE('',#12489);
#11078=PLANE('',#12490);
#11079=PLANE('',#12491);
#11080=PLANE('',#12492);
#11081=PLANE('',#12493);
#11082=PLANE('',#12494);
#11083=PLANE('',#12495);
#11084=PLANE('',#12496);
#11085=PLANE('',#12497);
#11086=PLANE('',#12498);
#11087=PLANE('',#12499);
#11088=PLANE('',#12500);
#11089=PLANE('',#12501);
#11090=PLANE('',#12502);
#11091=PLANE('',#12503);
#11092=PLANE('',#12504);
#11093=PLANE('',#12505);
#11094=PLANE('',#12506);
#11095=PLANE('',#12507);
#11096=PLANE('',#12508);
#11097=PLANE('',#12509);
#11098=PLANE('',#12510);
#11099=PLANE('',#12511);
#11100=PLANE('',#12512);
#11101=PLANE('',#12513);
#11102=PLANE('',#12514);
#11103=PLANE('',#12515);
#11104=PLANE('',#12516);
#11105=PLANE('',#12517);
#11106=PLANE('',#12518);
#11107=PLANE('',#12519);
#11108=PLANE('',#12520);
#11109=PLANE('',#12521);
#11110=PLANE('',#12522);
#11111=PLANE('',#12523);
#11112=PLANE('',#12524);
#11113=PLANE('',#12525);
#11114=PLANE('',#12526);
#11115=PLANE('',#12527);
#11116=PLANE('',#12528);
#11117=PLANE('',#12529);
#11118=PLANE('',#12530);
#11119=PLANE('',#12531);
#11120=PLANE('',#12532);
#11121=PLANE('',#12533);
#11122=PLANE('',#12534);
#11123=PLANE('',#12535);
#11124=PLANE('',#12536);
#11125=PLANE('',#12537);
#11126=PLANE('',#12538);
#11127=PLANE('',#12539);
#11128=PLANE('',#12540);
#11129=PLANE('',#12541);
#11130=PLANE('',#12542);
#11131=PLANE('',#12543);
#11132=PLANE('',#12544);
#11133=PLANE('',#12545);
#11134=PLANE('',#12546);
#11135=PLANE('',#12547);
#11136=PLANE('',#12548);
#11137=PLANE('',#12549);
#11138=PLANE('',#12550);
#11139=PLANE('',#12551);
#11140=PLANE('',#12552);
#11141=PLANE('',#12553);
#11142=PLANE('',#12554);
#11143=PLANE('',#12555);
#11144=PLANE('',#12556);
#11145=PLANE('',#12557);
#11146=PLANE('',#12558);
#11147=PLANE('',#12559);
#11148=PLANE('',#12560);
#11149=PLANE('',#12561);
#11150=PLANE('',#12562);
#11151=PLANE('',#12563);
#11152=PLANE('',#12564);
#11153=PLANE('',#12565);
#11154=PLANE('',#12566);
#11155=PLANE('',#12567);
#11156=PLANE('',#12568);
#11157=PLANE('',#12569);
#11158=PLANE('',#12570);
#11159=PLANE('',#12571);
#11160=PLANE('',#12572);
#11161=PLANE('',#12573);
#11162=PLANE('',#12574);
#11163=PLANE('',#12575);
#11164=PLANE('',#12576);
#11165=PLANE('',#12577);
#11166=PLANE('',#12578);
#11167=PLANE('',#12579);
#11168=PLANE('',#12580);
#11169=PLANE('',#12581);
#11170=PLANE('',#12582);
#11171=PLANE('',#12583);
#11172=PLANE('',#12584);
#11173=PLANE('',#12585);
#11174=PLANE('',#12586);
#11175=PLANE('',#12587);
#11176=PLANE('',#12588);
#11177=PLANE('',#12589);
#11178=PLANE('',#12590);
#11179=PLANE('',#12591);
#11180=PLANE('',#12592);
#11181=PLANE('',#12593);
#11182=PLANE('',#12594);
#11183=PLANE('',#12595);
#11184=PLANE('',#12596);
#11185=PLANE('',#12597);
#11186=PLANE('',#12598);
#11187=PLANE('',#12599);
#11188=PLANE('',#12600);
#11189=PLANE('',#12601);
#11190=PLANE('',#12602);
#11191=PLANE('',#12603);
#11192=PLANE('',#12604);
#11193=PLANE('',#12605);
#11194=PLANE('',#12606);
#11195=PLANE('',#12607);
#11196=PLANE('',#12608);
#11197=PLANE('',#12609);
#11198=PLANE('',#12610);
#11199=PLANE('',#12611);
#11200=PLANE('',#12612);
#11201=PLANE('',#12613);
#11202=PLANE('',#12614);
#11203=PLANE('',#12615);
#11204=PLANE('',#12616);
#11205=PLANE('',#12617);
#11206=PLANE('',#12618);
#11207=PLANE('',#12619);
#11208=PLANE('',#12620);
#11209=PLANE('',#12621);
#11210=PLANE('',#12622);
#11211=PLANE('',#12623);
#11212=PLANE('',#12624);
#11213=PLANE('',#12625);
#11214=PLANE('',#12626);
#11215=PLANE('',#12627);
#11216=PLANE('',#12628);
#11217=PLANE('',#12629);
#11218=PLANE('',#12630);
#11219=PLANE('',#12631);
#11220=PLANE('',#12632);
#11221=PLANE('',#12633);
#11222=PLANE('',#12634);
#11223=PLANE('',#12635);
#11224=PLANE('',#12636);
#11225=PLANE('',#12637);
#11226=PLANE('',#12638);
#11227=PLANE('',#12639);
#11228=PLANE('',#12640);
#11229=PLANE('',#12641);
#11230=PLANE('',#12642);
#11231=PLANE('',#12643);
#11232=PLANE('',#12644);
#11233=PLANE('',#12645);
#11234=PLANE('',#12646);
#11235=PLANE('',#12647);
#11236=PLANE('',#12648);
#11237=PLANE('',#12649);
#11238=PLANE('',#12650);
#11239=PLANE('',#12651);
#11240=PLANE('',#12652);
#11241=PLANE('',#12653);
#11242=PLANE('',#12654);
#11243=PLANE('',#12655);
#11244=PLANE('',#12656);
#11245=PLANE('',#12657);
#11246=PLANE('',#12658);
#11247=PLANE('',#12659);
#11248=PLANE('',#12660);
#11249=PLANE('',#12661);
#11250=PLANE('',#12662);
#11251=PLANE('',#12663);
#11252=PLANE('',#12664);
#11253=PLANE('',#12665);
#11254=PLANE('',#12666);
#11255=PLANE('',#12667);
#11256=PLANE('',#12668);
#11257=PLANE('',#12669);
#11258=PLANE('',#12670);
#11259=PLANE('',#12671);
#11260=PLANE('',#12672);
#11261=PLANE('',#12673);
#11262=PLANE('',#12675);
#11263=PLANE('',#12678);
#11264=PLANE('',#12679);
#11265=PLANE('',#12689);
#11266=PLANE('',#12708);
#11267=PLANE('',#12711);
#11268=PLANE('',#12714);
#11269=PLANE('',#12733);
#11270=PLANE('',#12748);
#11271=PLANE('',#12751);
#11272=PLANE('',#12768);
#11273=PLANE('',#12769);
#11274=PLANE('',#12771);
#11275=PLANE('',#12773);
#11276=PLANE('',#12775);
#11277=ADVANCED_FACE('',(#216),#10656,.T.);
#11278=ADVANCED_FACE('',(#217),#10657,.T.);
#11279=ADVANCED_FACE('',(#218),#10658,.T.);
#11280=ADVANCED_FACE('',(#219),#10659,.T.);
#11281=ADVANCED_FACE('',(#220),#10660,.T.);
#11282=ADVANCED_FACE('',(#221),#10661,.T.);
#11283=ADVANCED_FACE('',(#222),#10662,.T.);
#11284=ADVANCED_FACE('',(#223),#10663,.T.);
#11285=ADVANCED_FACE('',(#224),#10664,.T.);
#11286=ADVANCED_FACE('',(#225),#10665,.T.);
#11287=ADVANCED_FACE('',(#226),#10666,.T.);
#11288=ADVANCED_FACE('',(#227),#10667,.T.);
#11289=ADVANCED_FACE('',(#228),#10668,.T.);
#11290=ADVANCED_FACE('',(#229),#10669,.T.);
#11291=ADVANCED_FACE('',(#230),#10670,.T.);
#11292=ADVANCED_FACE('',(#231),#10671,.T.);
#11293=ADVANCED_FACE('',(#232),#10672,.T.);
#11294=ADVANCED_FACE('',(#233),#10673,.T.);
#11295=ADVANCED_FACE('',(#234),#10674,.T.);
#11296=ADVANCED_FACE('',(#235),#10675,.T.);
#11297=ADVANCED_FACE('',(#236),#10676,.T.);
#11298=ADVANCED_FACE('',(#237),#10677,.T.);
#11299=ADVANCED_FACE('',(#238),#10678,.T.);
#11300=ADVANCED_FACE('',(#239),#10679,.T.);
#11301=ADVANCED_FACE('',(#240),#10680,.T.);
#11302=ADVANCED_FACE('',(#241),#10681,.T.);
#11303=ADVANCED_FACE('',(#242),#10682,.T.);
#11304=ADVANCED_FACE('',(#243),#10683,.T.);
#11305=ADVANCED_FACE('',(#244),#10684,.T.);
#11306=ADVANCED_FACE('',(#245),#10685,.T.);
#11307=ADVANCED_FACE('',(#246),#10686,.T.);
#11308=ADVANCED_FACE('',(#247),#10687,.T.);
#11309=ADVANCED_FACE('',(#248),#10688,.T.);
#11310=ADVANCED_FACE('',(#249),#10689,.T.);
#11311=ADVANCED_FACE('',(#250),#10690,.T.);
#11312=ADVANCED_FACE('',(#251),#10691,.T.);
#11313=ADVANCED_FACE('',(#252),#10692,.T.);
#11314=ADVANCED_FACE('',(#253),#10693,.T.);
#11315=ADVANCED_FACE('',(#254),#10694,.T.);
#11316=ADVANCED_FACE('',(#255),#10695,.T.);
#11317=ADVANCED_FACE('',(#256),#10696,.T.);
#11318=ADVANCED_FACE('',(#257),#10697,.T.);
#11319=ADVANCED_FACE('',(#258),#10698,.T.);
#11320=ADVANCED_FACE('',(#259),#10699,.T.);
#11321=ADVANCED_FACE('',(#260),#10700,.T.);
#11322=ADVANCED_FACE('',(#261),#10701,.T.);
#11323=ADVANCED_FACE('',(#262),#10702,.T.);
#11324=ADVANCED_FACE('',(#263),#10703,.T.);
#11325=ADVANCED_FACE('',(#264),#10704,.T.);
#11326=ADVANCED_FACE('',(#265),#10705,.T.);
#11327=ADVANCED_FACE('',(#266),#10706,.T.);
#11328=ADVANCED_FACE('',(#267),#10707,.T.);
#11329=ADVANCED_FACE('',(#268),#10708,.T.);
#11330=ADVANCED_FACE('',(#269),#10709,.T.);
#11331=ADVANCED_FACE('',(#270),#10710,.T.);
#11332=ADVANCED_FACE('',(#271),#10711,.T.);
#11333=ADVANCED_FACE('',(#272),#10712,.T.);
#11334=ADVANCED_FACE('',(#273),#10713,.T.);
#11335=ADVANCED_FACE('',(#274),#10714,.T.);
#11336=ADVANCED_FACE('',(#275),#10715,.T.);
#11337=ADVANCED_FACE('',(#276),#10716,.T.);
#11338=ADVANCED_FACE('',(#277),#10717,.T.);
#11339=ADVANCED_FACE('',(#278),#10718,.T.);
#11340=ADVANCED_FACE('',(#279),#10719,.T.);
#11341=ADVANCED_FACE('',(#280),#10720,.T.);
#11342=ADVANCED_FACE('',(#281),#10721,.T.);
#11343=ADVANCED_FACE('',(#282),#10722,.T.);
#11344=ADVANCED_FACE('',(#283),#10723,.T.);
#11345=ADVANCED_FACE('',(#284),#10724,.T.);
#11346=ADVANCED_FACE('',(#285),#10725,.T.);
#11347=ADVANCED_FACE('',(#286),#10726,.T.);
#11348=ADVANCED_FACE('',(#287),#10727,.T.);
#11349=ADVANCED_FACE('',(#288),#10728,.T.);
#11350=ADVANCED_FACE('',(#289),#10729,.T.);
#11351=ADVANCED_FACE('',(#290),#10730,.T.);
#11352=ADVANCED_FACE('',(#291),#10731,.T.);
#11353=ADVANCED_FACE('',(#292),#10732,.T.);
#11354=ADVANCED_FACE('',(#293),#10733,.T.);
#11355=ADVANCED_FACE('',(#294),#10734,.T.);
#11356=ADVANCED_FACE('',(#295),#10735,.T.);
#11357=ADVANCED_FACE('',(#296),#10736,.T.);
#11358=ADVANCED_FACE('',(#297),#10737,.T.);
#11359=ADVANCED_FACE('',(#298),#10738,.T.);
#11360=ADVANCED_FACE('',(#299),#10739,.T.);
#11361=ADVANCED_FACE('',(#300),#10740,.T.);
#11362=ADVANCED_FACE('',(#301),#10741,.T.);
#11363=ADVANCED_FACE('',(#302),#10742,.T.);
#11364=ADVANCED_FACE('',(#303),#10743,.T.);
#11365=ADVANCED_FACE('',(#304),#10744,.T.);
#11366=ADVANCED_FACE('',(#305),#10745,.T.);
#11367=ADVANCED_FACE('',(#306),#10746,.T.);
#11368=ADVANCED_FACE('',(#307),#10747,.T.);
#11369=ADVANCED_FACE('',(#308),#10748,.T.);
#11370=ADVANCED_FACE('',(#309),#10749,.T.);
#11371=ADVANCED_FACE('',(#310),#10750,.T.);
#11372=ADVANCED_FACE('',(#311),#10751,.T.);
#11373=ADVANCED_FACE('',(#312),#10752,.T.);
#11374=ADVANCED_FACE('',(#313),#10753,.T.);
#11375=ADVANCED_FACE('',(#314),#10754,.T.);
#11376=ADVANCED_FACE('',(#315),#10755,.T.);
#11377=ADVANCED_FACE('',(#316),#10756,.T.);
#11378=ADVANCED_FACE('',(#317),#10757,.T.);
#11379=ADVANCED_FACE('',(#318),#10758,.T.);
#11380=ADVANCED_FACE('',(#319),#10759,.T.);
#11381=ADVANCED_FACE('',(#320),#10760,.T.);
#11382=ADVANCED_FACE('',(#321),#10761,.T.);
#11383=ADVANCED_FACE('',(#322),#10762,.T.);
#11384=ADVANCED_FACE('',(#323),#10763,.T.);
#11385=ADVANCED_FACE('',(#324),#10764,.T.);
#11386=ADVANCED_FACE('',(#325),#10765,.T.);
#11387=ADVANCED_FACE('',(#326),#10766,.T.);
#11388=ADVANCED_FACE('',(#327),#10767,.T.);
#11389=ADVANCED_FACE('',(#328),#10768,.T.);
#11390=ADVANCED_FACE('',(#329),#10769,.T.);
#11391=ADVANCED_FACE('',(#330),#10770,.T.);
#11392=ADVANCED_FACE('',(#331),#10771,.T.);
#11393=ADVANCED_FACE('',(#332),#10772,.T.);
#11394=ADVANCED_FACE('',(#333),#10773,.T.);
#11395=ADVANCED_FACE('',(#334),#10774,.T.);
#11396=ADVANCED_FACE('',(#335),#10775,.T.);
#11397=ADVANCED_FACE('',(#336),#10776,.T.);
#11398=ADVANCED_FACE('',(#337),#10777,.T.);
#11399=ADVANCED_FACE('',(#338),#10778,.T.);
#11400=ADVANCED_FACE('',(#339),#10779,.T.);
#11401=ADVANCED_FACE('',(#340),#10780,.T.);
#11402=ADVANCED_FACE('',(#341),#10781,.T.);
#11403=ADVANCED_FACE('',(#342),#10782,.T.);
#11404=ADVANCED_FACE('',(#343),#10783,.T.);
#11405=ADVANCED_FACE('',(#344),#10784,.T.);
#11406=ADVANCED_FACE('',(#345),#10785,.T.);
#11407=ADVANCED_FACE('',(#346),#10786,.T.);
#11408=ADVANCED_FACE('',(#347),#10787,.T.);
#11409=ADVANCED_FACE('',(#348),#10788,.T.);
#11410=ADVANCED_FACE('',(#349),#10789,.T.);
#11411=ADVANCED_FACE('',(#350),#10790,.T.);
#11412=ADVANCED_FACE('',(#351),#10791,.T.);
#11413=ADVANCED_FACE('',(#352),#10792,.T.);
#11414=ADVANCED_FACE('',(#353),#10793,.T.);
#11415=ADVANCED_FACE('',(#354),#10794,.T.);
#11416=ADVANCED_FACE('',(#355),#10795,.T.);
#11417=ADVANCED_FACE('',(#356),#10796,.T.);
#11418=ADVANCED_FACE('',(#357),#10797,.T.);
#11419=ADVANCED_FACE('',(#358),#10798,.T.);
#11420=ADVANCED_FACE('',(#359),#10799,.T.);
#11421=ADVANCED_FACE('',(#360),#10800,.T.);
#11422=ADVANCED_FACE('',(#361),#10801,.T.);
#11423=ADVANCED_FACE('',(#362),#10802,.T.);
#11424=ADVANCED_FACE('',(#363),#10803,.T.);
#11425=ADVANCED_FACE('',(#364),#10804,.T.);
#11426=ADVANCED_FACE('',(#365),#10805,.T.);
#11427=ADVANCED_FACE('',(#366),#10806,.T.);
#11428=ADVANCED_FACE('',(#367),#10807,.T.);
#11429=ADVANCED_FACE('',(#368),#10808,.T.);
#11430=ADVANCED_FACE('',(#369),#10809,.T.);
#11431=ADVANCED_FACE('',(#370),#10810,.T.);
#11432=ADVANCED_FACE('',(#371),#10811,.T.);
#11433=ADVANCED_FACE('',(#372),#10812,.T.);
#11434=ADVANCED_FACE('',(#373),#10813,.T.);
#11435=ADVANCED_FACE('',(#374),#10814,.T.);
#11436=ADVANCED_FACE('',(#375),#10815,.T.);
#11437=ADVANCED_FACE('',(#376),#10816,.T.);
#11438=ADVANCED_FACE('',(#377),#10817,.T.);
#11439=ADVANCED_FACE('',(#378),#10818,.T.);
#11440=ADVANCED_FACE('',(#379),#10819,.T.);
#11441=ADVANCED_FACE('',(#380),#10820,.T.);
#11442=ADVANCED_FACE('',(#381),#10821,.T.);
#11443=ADVANCED_FACE('',(#382),#10822,.T.);
#11444=ADVANCED_FACE('',(#383),#10823,.T.);
#11445=ADVANCED_FACE('',(#384),#10824,.T.);
#11446=ADVANCED_FACE('',(#385),#10825,.T.);
#11447=ADVANCED_FACE('',(#386),#10826,.T.);
#11448=ADVANCED_FACE('',(#387),#10827,.T.);
#11449=ADVANCED_FACE('',(#388),#10828,.T.);
#11450=ADVANCED_FACE('',(#389),#10829,.T.);
#11451=ADVANCED_FACE('',(#390),#10830,.T.);
#11452=ADVANCED_FACE('',(#391),#10831,.T.);
#11453=ADVANCED_FACE('',(#392),#10832,.T.);
#11454=ADVANCED_FACE('',(#393),#10833,.T.);
#11455=ADVANCED_FACE('',(#394),#10834,.T.);
#11456=ADVANCED_FACE('',(#395),#10835,.T.);
#11457=ADVANCED_FACE('',(#396),#10836,.T.);
#11458=ADVANCED_FACE('',(#397),#10837,.T.);
#11459=ADVANCED_FACE('',(#398),#10838,.T.);
#11460=ADVANCED_FACE('',(#399),#10839,.T.);
#11461=ADVANCED_FACE('',(#400),#10840,.T.);
#11462=ADVANCED_FACE('',(#401),#10841,.T.);
#11463=ADVANCED_FACE('',(#402),#10842,.T.);
#11464=ADVANCED_FACE('',(#403),#10843,.T.);
#11465=ADVANCED_FACE('',(#404),#10844,.T.);
#11466=ADVANCED_FACE('',(#405),#10845,.T.);
#11467=ADVANCED_FACE('',(#406),#10846,.T.);
#11468=ADVANCED_FACE('',(#407),#10847,.T.);
#11469=ADVANCED_FACE('',(#408),#10848,.T.);
#11470=ADVANCED_FACE('',(#409),#10849,.T.);
#11471=ADVANCED_FACE('',(#410),#10850,.T.);
#11472=ADVANCED_FACE('',(#411),#10851,.T.);
#11473=ADVANCED_FACE('',(#412),#10852,.T.);
#11474=ADVANCED_FACE('',(#413),#10853,.T.);
#11475=ADVANCED_FACE('',(#414),#10854,.T.);
#11476=ADVANCED_FACE('',(#415),#10855,.T.);
#11477=ADVANCED_FACE('',(#416),#10856,.T.);
#11478=ADVANCED_FACE('',(#417),#10857,.T.);
#11479=ADVANCED_FACE('',(#418),#10858,.T.);
#11480=ADVANCED_FACE('',(#419),#10859,.T.);
#11481=ADVANCED_FACE('',(#420),#10860,.T.);
#11482=ADVANCED_FACE('',(#421),#10861,.T.);
#11483=ADVANCED_FACE('',(#422),#10862,.T.);
#11484=ADVANCED_FACE('',(#423),#10863,.T.);
#11485=ADVANCED_FACE('',(#424),#10864,.T.);
#11486=ADVANCED_FACE('',(#425),#10865,.T.);
#11487=ADVANCED_FACE('',(#426),#10866,.T.);
#11488=ADVANCED_FACE('',(#427),#10867,.T.);
#11489=ADVANCED_FACE('',(#428),#10868,.T.);
#11490=ADVANCED_FACE('',(#429),#10869,.T.);
#11491=ADVANCED_FACE('',(#430),#10870,.T.);
#11492=ADVANCED_FACE('',(#431),#10871,.T.);
#11493=ADVANCED_FACE('',(#432),#10872,.T.);
#11494=ADVANCED_FACE('',(#433),#10873,.T.);
#11495=ADVANCED_FACE('',(#434),#10874,.T.);
#11496=ADVANCED_FACE('',(#435),#10875,.T.);
#11497=ADVANCED_FACE('',(#436),#10876,.T.);
#11498=ADVANCED_FACE('',(#437),#10877,.T.);
#11499=ADVANCED_FACE('',(#438),#10878,.T.);
#11500=ADVANCED_FACE('',(#439),#10879,.T.);
#11501=ADVANCED_FACE('',(#440),#10880,.T.);
#11502=ADVANCED_FACE('',(#441),#10881,.T.);
#11503=ADVANCED_FACE('',(#442),#10882,.T.);
#11504=ADVANCED_FACE('',(#443),#10883,.T.);
#11505=ADVANCED_FACE('',(#444),#10884,.T.);
#11506=ADVANCED_FACE('',(#445),#10885,.T.);
#11507=ADVANCED_FACE('',(#446),#10886,.T.);
#11508=ADVANCED_FACE('',(#447),#10887,.T.);
#11509=ADVANCED_FACE('',(#448),#10888,.T.);
#11510=ADVANCED_FACE('',(#449),#10889,.T.);
#11511=ADVANCED_FACE('',(#450),#10890,.T.);
#11512=ADVANCED_FACE('',(#451),#10891,.T.);
#11513=ADVANCED_FACE('',(#452),#10892,.T.);
#11514=ADVANCED_FACE('',(#453),#10893,.T.);
#11515=ADVANCED_FACE('',(#454),#10894,.T.);
#11516=ADVANCED_FACE('',(#455),#10895,.T.);
#11517=ADVANCED_FACE('',(#456),#10896,.T.);
#11518=ADVANCED_FACE('',(#457),#10897,.T.);
#11519=ADVANCED_FACE('',(#458),#10898,.T.);
#11520=ADVANCED_FACE('',(#459),#10899,.T.);
#11521=ADVANCED_FACE('',(#460),#10900,.T.);
#11522=ADVANCED_FACE('',(#461),#10901,.T.);
#11523=ADVANCED_FACE('',(#462),#10902,.T.);
#11524=ADVANCED_FACE('',(#463),#10903,.T.);
#11525=ADVANCED_FACE('',(#464),#10904,.T.);
#11526=ADVANCED_FACE('',(#465),#10905,.T.);
#11527=ADVANCED_FACE('',(#466),#10906,.T.);
#11528=ADVANCED_FACE('',(#467),#10907,.T.);
#11529=ADVANCED_FACE('',(#468),#10908,.T.);
#11530=ADVANCED_FACE('',(#469),#10909,.T.);
#11531=ADVANCED_FACE('',(#470),#10910,.T.);
#11532=ADVANCED_FACE('',(#471),#10911,.T.);
#11533=ADVANCED_FACE('',(#472),#10912,.T.);
#11534=ADVANCED_FACE('',(#473),#10913,.T.);
#11535=ADVANCED_FACE('',(#474),#10914,.T.);
#11536=ADVANCED_FACE('',(#475),#10915,.T.);
#11537=ADVANCED_FACE('',(#476),#10916,.T.);
#11538=ADVANCED_FACE('',(#477),#10917,.T.);
#11539=ADVANCED_FACE('',(#478),#10918,.T.);
#11540=ADVANCED_FACE('',(#479),#10919,.T.);
#11541=ADVANCED_FACE('',(#480),#10920,.T.);
#11542=ADVANCED_FACE('',(#481),#10921,.T.);
#11543=ADVANCED_FACE('',(#482),#10922,.T.);
#11544=ADVANCED_FACE('',(#483),#10923,.T.);
#11545=ADVANCED_FACE('',(#484),#10924,.T.);
#11546=ADVANCED_FACE('',(#485),#10925,.T.);
#11547=ADVANCED_FACE('',(#486),#10926,.T.);
#11548=ADVANCED_FACE('',(#487),#10927,.T.);
#11549=ADVANCED_FACE('',(#488),#10928,.T.);
#11550=ADVANCED_FACE('',(#489),#10929,.T.);
#11551=ADVANCED_FACE('',(#490),#10930,.T.);
#11552=ADVANCED_FACE('',(#491),#10931,.T.);
#11553=ADVANCED_FACE('',(#492),#209,.T.);
#11554=ADVANCED_FACE('',(#493),#10932,.T.);
#11555=ADVANCED_FACE('',(#494),#210,.T.);
#11556=ADVANCED_FACE('',(#495),#10933,.T.);
#11557=ADVANCED_FACE('',(#496),#10934,.T.);
#11558=ADVANCED_FACE('',(#497),#10935,.T.);
#11559=ADVANCED_FACE('',(#498),#211,.T.);
#11560=ADVANCED_FACE('',(#499),#10936,.T.);
#11561=ADVANCED_FACE('',(#500),#212,.T.);
#11562=ADVANCED_FACE('',(#501),#10937,.T.);
#11563=ADVANCED_FACE('',(#502),#213,.T.);
#11564=ADVANCED_FACE('',(#503),#10938,.T.);
#11565=ADVANCED_FACE('',(#504),#214,.T.);
#11566=ADVANCED_FACE('',(#505),#10939,.T.);
#11567=ADVANCED_FACE('',(#506),#10940,.T.);
#11568=ADVANCED_FACE('',(#507),#34,.T.);
#11569=ADVANCED_FACE('',(#508),#10941,.T.);
#11570=ADVANCED_FACE('',(#509),#35,.T.);
#11571=ADVANCED_FACE('',(#510),#10942,.T.);
#11572=ADVANCED_FACE('',(#511),#10943,.F.);
#11573=ADVANCED_FACE('',(#512),#10944,.F.);
#11574=ADVANCED_FACE('',(#513),#10945,.F.);
#11575=ADVANCED_FACE('',(#514),#10946,.F.);
#11576=ADVANCED_FACE('',(#515),#10947,.F.);
#11577=ADVANCED_FACE('',(#516),#10948,.F.);
#11578=ADVANCED_FACE('',(#517),#10949,.T.);
#11579=ADVANCED_FACE('',(#518),#10950,.F.);
#11580=ADVANCED_FACE('',(#519),#10951,.F.);
#11581=ADVANCED_FACE('',(#520),#10952,.F.);
#11582=ADVANCED_FACE('',(#521),#10953,.F.);
#11583=ADVANCED_FACE('',(#522),#10954,.F.);
#11584=ADVANCED_FACE('',(#523),#10955,.F.);
#11585=ADVANCED_FACE('',(#524),#10956,.T.);
#11586=ADVANCED_FACE('',(#525),#10957,.F.);
#11587=ADVANCED_FACE('',(#526),#10958,.F.);
#11588=ADVANCED_FACE('',(#527),#10959,.F.);
#11589=ADVANCED_FACE('',(#528),#10960,.F.);
#11590=ADVANCED_FACE('',(#529),#10961,.F.);
#11591=ADVANCED_FACE('',(#530),#10962,.F.);
#11592=ADVANCED_FACE('',(#531),#10963,.T.);
#11593=ADVANCED_FACE('',(#532),#10964,.F.);
#11594=ADVANCED_FACE('',(#533),#10965,.F.);
#11595=ADVANCED_FACE('',(#534),#10966,.F.);
#11596=ADVANCED_FACE('',(#535),#10967,.F.);
#11597=ADVANCED_FACE('',(#536),#10968,.F.);
#11598=ADVANCED_FACE('',(#537),#10969,.F.);
#11599=ADVANCED_FACE('',(#538),#10970,.T.);
#11600=ADVANCED_FACE('',(#539),#10971,.F.);
#11601=ADVANCED_FACE('',(#540),#10972,.F.);
#11602=ADVANCED_FACE('',(#541),#10973,.F.);
#11603=ADVANCED_FACE('',(#542),#10974,.F.);
#11604=ADVANCED_FACE('',(#543),#10975,.F.);
#11605=ADVANCED_FACE('',(#544),#10976,.F.);
#11606=ADVANCED_FACE('',(#545),#10977,.T.);
#11607=ADVANCED_FACE('',(#546),#10978,.F.);
#11608=ADVANCED_FACE('',(#547),#10979,.F.);
#11609=ADVANCED_FACE('',(#548),#10980,.F.);
#11610=ADVANCED_FACE('',(#549),#10981,.F.);
#11611=ADVANCED_FACE('',(#550),#10982,.F.);
#11612=ADVANCED_FACE('',(#551),#10983,.F.);
#11613=ADVANCED_FACE('',(#552),#10984,.T.);
#11614=ADVANCED_FACE('',(#553),#10985,.F.);
#11615=ADVANCED_FACE('',(#554),#10986,.F.);
#11616=ADVANCED_FACE('',(#555),#10987,.F.);
#11617=ADVANCED_FACE('',(#556),#10988,.F.);
#11618=ADVANCED_FACE('',(#557),#10989,.F.);
#11619=ADVANCED_FACE('',(#558),#10990,.F.);
#11620=ADVANCED_FACE('',(#559),#10991,.T.);
#11621=ADVANCED_FACE('',(#560),#10992,.F.);
#11622=ADVANCED_FACE('',(#561),#10993,.F.);
#11623=ADVANCED_FACE('',(#562),#10994,.F.);
#11624=ADVANCED_FACE('',(#563),#10995,.F.);
#11625=ADVANCED_FACE('',(#564),#10996,.F.);
#11626=ADVANCED_FACE('',(#565),#10997,.F.);
#11627=ADVANCED_FACE('',(#566),#10998,.T.);
#11628=ADVANCED_FACE('',(#567),#10999,.F.);
#11629=ADVANCED_FACE('',(#568),#11000,.F.);
#11630=ADVANCED_FACE('',(#569),#11001,.F.);
#11631=ADVANCED_FACE('',(#570),#11002,.F.);
#11632=ADVANCED_FACE('',(#571),#11003,.F.);
#11633=ADVANCED_FACE('',(#572),#11004,.F.);
#11634=ADVANCED_FACE('',(#573),#11005,.T.);
#11635=ADVANCED_FACE('',(#574),#11006,.F.);
#11636=ADVANCED_FACE('',(#575),#11007,.F.);
#11637=ADVANCED_FACE('',(#576),#11008,.F.);
#11638=ADVANCED_FACE('',(#577),#11009,.F.);
#11639=ADVANCED_FACE('',(#578),#11010,.F.);
#11640=ADVANCED_FACE('',(#579),#11011,.F.);
#11641=ADVANCED_FACE('',(#580),#11012,.T.);
#11642=ADVANCED_FACE('',(#581),#11013,.F.);
#11643=ADVANCED_FACE('',(#582),#11014,.F.);
#11644=ADVANCED_FACE('',(#583),#11015,.F.);
#11645=ADVANCED_FACE('',(#584),#11016,.F.);
#11646=ADVANCED_FACE('',(#585),#11017,.F.);
#11647=ADVANCED_FACE('',(#586),#11018,.F.);
#11648=ADVANCED_FACE('',(#587),#11019,.T.);
#11649=ADVANCED_FACE('',(#588),#11020,.F.);
#11650=ADVANCED_FACE('',(#589),#11021,.F.);
#11651=ADVANCED_FACE('',(#590),#11022,.F.);
#11652=ADVANCED_FACE('',(#591),#11023,.F.);
#11653=ADVANCED_FACE('',(#592),#11024,.F.);
#11654=ADVANCED_FACE('',(#593),#11025,.F.);
#11655=ADVANCED_FACE('',(#594),#11026,.T.);
#11656=ADVANCED_FACE('',(#595),#11027,.F.);
#11657=ADVANCED_FACE('',(#596),#11028,.F.);
#11658=ADVANCED_FACE('',(#597),#11029,.F.);
#11659=ADVANCED_FACE('',(#598),#11030,.F.);
#11660=ADVANCED_FACE('',(#599),#11031,.F.);
#11661=ADVANCED_FACE('',(#600),#11032,.F.);
#11662=ADVANCED_FACE('',(#601),#11033,.T.);
#11663=ADVANCED_FACE('',(#602),#11034,.F.);
#11664=ADVANCED_FACE('',(#603),#11035,.F.);
#11665=ADVANCED_FACE('',(#604),#11036,.F.);
#11666=ADVANCED_FACE('',(#605),#11037,.F.);
#11667=ADVANCED_FACE('',(#606),#11038,.F.);
#11668=ADVANCED_FACE('',(#607),#11039,.F.);
#11669=ADVANCED_FACE('',(#608),#11040,.T.);
#11670=ADVANCED_FACE('',(#609),#11041,.F.);
#11671=ADVANCED_FACE('',(#610),#11042,.F.);
#11672=ADVANCED_FACE('',(#611),#11043,.F.);
#11673=ADVANCED_FACE('',(#612),#11044,.F.);
#11674=ADVANCED_FACE('',(#613),#11045,.F.);
#11675=ADVANCED_FACE('',(#614),#11046,.F.);
#11676=ADVANCED_FACE('',(#615),#11047,.T.);
#11677=ADVANCED_FACE('',(#616),#11048,.F.);
#11678=ADVANCED_FACE('',(#617),#11049,.F.);
#11679=ADVANCED_FACE('',(#618),#11050,.F.);
#11680=ADVANCED_FACE('',(#619),#11051,.F.);
#11681=ADVANCED_FACE('',(#620),#11052,.F.);
#11682=ADVANCED_FACE('',(#621),#11053,.F.);
#11683=ADVANCED_FACE('',(#622),#11054,.T.);
#11684=ADVANCED_FACE('',(#623),#11055,.F.);
#11685=ADVANCED_FACE('',(#624),#11056,.F.);
#11686=ADVANCED_FACE('',(#625),#11057,.F.);
#11687=ADVANCED_FACE('',(#626),#11058,.F.);
#11688=ADVANCED_FACE('',(#627),#11059,.F.);
#11689=ADVANCED_FACE('',(#628),#11060,.F.);
#11690=ADVANCED_FACE('',(#629),#11061,.T.);
#11691=ADVANCED_FACE('',(#630),#11062,.F.);
#11692=ADVANCED_FACE('',(#631),#11063,.F.);
#11693=ADVANCED_FACE('',(#632),#11064,.F.);
#11694=ADVANCED_FACE('',(#633,#33),#11065,.F.);
#11695=ADVANCED_FACE('',(#634),#215,.F.);
#11696=ADVANCED_FACE('',(#635),#36,.F.);
#11697=ADVANCED_FACE('',(#636),#11066,.F.);
#11698=ADVANCED_FACE('',(#637),#11067,.T.);
#11699=ADVANCED_FACE('',(#638),#11068,.F.);
#11700=ADVANCED_FACE('',(#639),#15,.T.);
#11701=ADVANCED_FACE('',(#640),#37,.T.);
#11702=ADVANCED_FACE('',(#641),#11069,.F.);
#11703=ADVANCED_FACE('',(#642),#11070,.F.);
#11704=ADVANCED_FACE('',(#643),#11071,.F.);
#11705=ADVANCED_FACE('',(#644),#11072,.F.);
#11706=ADVANCED_FACE('',(#645),#11073,.F.);
#11707=ADVANCED_FACE('',(#646),#11074,.F.);
#11708=ADVANCED_FACE('',(#647),#11075,.F.);
#11709=ADVANCED_FACE('',(#648),#11076,.F.);
#11710=ADVANCED_FACE('',(#649),#11077,.F.);
#11711=ADVANCED_FACE('',(#650),#11078,.F.);
#11712=ADVANCED_FACE('',(#651),#11079,.F.);
#11713=ADVANCED_FACE('',(#652),#11080,.F.);
#11714=ADVANCED_FACE('',(#653),#11081,.F.);
#11715=ADVANCED_FACE('',(#654),#11082,.F.);
#11716=ADVANCED_FACE('',(#655),#11083,.F.);
#11717=ADVANCED_FACE('',(#656),#11084,.F.);
#11718=ADVANCED_FACE('',(#657),#11085,.F.);
#11719=ADVANCED_FACE('',(#658),#11086,.F.);
#11720=ADVANCED_FACE('',(#659),#11087,.F.);
#11721=ADVANCED_FACE('',(#660),#11088,.F.);
#11722=ADVANCED_FACE('',(#661),#11089,.F.);
#11723=ADVANCED_FACE('',(#662),#11090,.F.);
#11724=ADVANCED_FACE('',(#663),#11091,.F.);
#11725=ADVANCED_FACE('',(#664),#11092,.F.);
#11726=ADVANCED_FACE('',(#665),#11093,.F.);
#11727=ADVANCED_FACE('',(#666),#11094,.F.);
#11728=ADVANCED_FACE('',(#667),#11095,.F.);
#11729=ADVANCED_FACE('',(#668),#11096,.F.);
#11730=ADVANCED_FACE('',(#669),#11097,.F.);
#11731=ADVANCED_FACE('',(#670),#11098,.F.);
#11732=ADVANCED_FACE('',(#671),#11099,.F.);
#11733=ADVANCED_FACE('',(#672),#11100,.F.);
#11734=ADVANCED_FACE('',(#673),#11101,.F.);
#11735=ADVANCED_FACE('',(#674),#11102,.F.);
#11736=ADVANCED_FACE('',(#675),#11103,.F.);
#11737=ADVANCED_FACE('',(#676),#11104,.T.);
#11738=ADVANCED_FACE('',(#677),#11105,.F.);
#11739=ADVANCED_FACE('',(#678),#11106,.F.);
#11740=ADVANCED_FACE('',(#679),#11107,.F.);
#11741=ADVANCED_FACE('',(#680),#11108,.T.);
#11742=ADVANCED_FACE('',(#681),#11109,.F.);
#11743=ADVANCED_FACE('',(#682),#11110,.F.);
#11744=ADVANCED_FACE('',(#683),#11111,.T.);
#11745=ADVANCED_FACE('',(#684),#11112,.F.);
#11746=ADVANCED_FACE('',(#685),#11113,.F.);
#11747=ADVANCED_FACE('',(#686),#11114,.F.);
#11748=ADVANCED_FACE('',(#687),#11115,.F.);
#11749=ADVANCED_FACE('',(#688),#11116,.F.);
#11750=ADVANCED_FACE('',(#689),#11117,.F.);
#11751=ADVANCED_FACE('',(#690),#11118,.F.);
#11752=ADVANCED_FACE('',(#691),#11119,.F.);
#11753=ADVANCED_FACE('',(#692),#11120,.T.);
#11754=ADVANCED_FACE('',(#693),#11121,.F.);
#11755=ADVANCED_FACE('',(#694),#11122,.F.);
#11756=ADVANCED_FACE('',(#695),#11123,.F.);
#11757=ADVANCED_FACE('',(#696),#11124,.F.);
#11758=ADVANCED_FACE('',(#697),#11125,.F.);
#11759=ADVANCED_FACE('',(#698),#11126,.F.);
#11760=ADVANCED_FACE('',(#699),#11127,.F.);
#11761=ADVANCED_FACE('',(#700),#11128,.F.);
#11762=ADVANCED_FACE('',(#701),#11129,.T.);
#11763=ADVANCED_FACE('',(#702),#11130,.F.);
#11764=ADVANCED_FACE('',(#703),#11131,.F.);
#11765=ADVANCED_FACE('',(#704),#11132,.F.);
#11766=ADVANCED_FACE('',(#705),#11133,.F.);
#11767=ADVANCED_FACE('',(#706),#11134,.F.);
#11768=ADVANCED_FACE('',(#707),#11135,.F.);
#11769=ADVANCED_FACE('',(#708),#11136,.F.);
#11770=ADVANCED_FACE('',(#709),#11137,.F.);
#11771=ADVANCED_FACE('',(#710),#11138,.T.);
#11772=ADVANCED_FACE('',(#711),#11139,.F.);
#11773=ADVANCED_FACE('',(#712),#11140,.F.);
#11774=ADVANCED_FACE('',(#713),#11141,.F.);
#11775=ADVANCED_FACE('',(#714),#11142,.F.);
#11776=ADVANCED_FACE('',(#715),#11143,.F.);
#11777=ADVANCED_FACE('',(#716),#11144,.F.);
#11778=ADVANCED_FACE('',(#717),#11145,.F.);
#11779=ADVANCED_FACE('',(#718),#11146,.F.);
#11780=ADVANCED_FACE('',(#719),#11147,.T.);
#11781=ADVANCED_FACE('',(#720),#11148,.F.);
#11782=ADVANCED_FACE('',(#721),#11149,.F.);
#11783=ADVANCED_FACE('',(#722),#11150,.F.);
#11784=ADVANCED_FACE('',(#723),#11151,.F.);
#11785=ADVANCED_FACE('',(#724),#11152,.F.);
#11786=ADVANCED_FACE('',(#725),#11153,.F.);
#11787=ADVANCED_FACE('',(#726),#11154,.F.);
#11788=ADVANCED_FACE('',(#727),#11155,.F.);
#11789=ADVANCED_FACE('',(#728),#11156,.T.);
#11790=ADVANCED_FACE('',(#729),#11157,.F.);
#11791=ADVANCED_FACE('',(#730),#11158,.F.);
#11792=ADVANCED_FACE('',(#731),#11159,.F.);
#11793=ADVANCED_FACE('',(#732),#11160,.F.);
#11794=ADVANCED_FACE('',(#733),#11161,.F.);
#11795=ADVANCED_FACE('',(#734),#11162,.F.);
#11796=ADVANCED_FACE('',(#735),#11163,.F.);
#11797=ADVANCED_FACE('',(#736),#11164,.F.);
#11798=ADVANCED_FACE('',(#737),#11165,.T.);
#11799=ADVANCED_FACE('',(#738),#11166,.F.);
#11800=ADVANCED_FACE('',(#739),#11167,.F.);
#11801=ADVANCED_FACE('',(#740),#11168,.F.);
#11802=ADVANCED_FACE('',(#741),#11169,.F.);
#11803=ADVANCED_FACE('',(#742),#11170,.F.);
#11804=ADVANCED_FACE('',(#743),#11171,.F.);
#11805=ADVANCED_FACE('',(#744),#11172,.F.);
#11806=ADVANCED_FACE('',(#745),#11173,.F.);
#11807=ADVANCED_FACE('',(#746),#11174,.T.);
#11808=ADVANCED_FACE('',(#747),#11175,.F.);
#11809=ADVANCED_FACE('',(#748),#11176,.F.);
#11810=ADVANCED_FACE('',(#749),#11177,.F.);
#11811=ADVANCED_FACE('',(#750),#11178,.F.);
#11812=ADVANCED_FACE('',(#751),#11179,.F.);
#11813=ADVANCED_FACE('',(#752),#11180,.F.);
#11814=ADVANCED_FACE('',(#753),#11181,.F.);
#11815=ADVANCED_FACE('',(#754),#11182,.F.);
#11816=ADVANCED_FACE('',(#755),#11183,.T.);
#11817=ADVANCED_FACE('',(#756),#11184,.F.);
#11818=ADVANCED_FACE('',(#757),#11185,.F.);
#11819=ADVANCED_FACE('',(#758),#11186,.F.);
#11820=ADVANCED_FACE('',(#759),#11187,.F.);
#11821=ADVANCED_FACE('',(#760),#11188,.F.);
#11822=ADVANCED_FACE('',(#761),#11189,.F.);
#11823=ADVANCED_FACE('',(#762),#11190,.F.);
#11824=ADVANCED_FACE('',(#763),#11191,.F.);
#11825=ADVANCED_FACE('',(#764),#11192,.T.);
#11826=ADVANCED_FACE('',(#765),#11193,.F.);
#11827=ADVANCED_FACE('',(#766),#11194,.F.);
#11828=ADVANCED_FACE('',(#767),#11195,.F.);
#11829=ADVANCED_FACE('',(#768),#11196,.F.);
#11830=ADVANCED_FACE('',(#769),#11197,.F.);
#11831=ADVANCED_FACE('',(#770),#11198,.F.);
#11832=ADVANCED_FACE('',(#771),#11199,.F.);
#11833=ADVANCED_FACE('',(#772),#11200,.F.);
#11834=ADVANCED_FACE('',(#773),#11201,.T.);
#11835=ADVANCED_FACE('',(#774),#11202,.F.);
#11836=ADVANCED_FACE('',(#775),#11203,.F.);
#11837=ADVANCED_FACE('',(#776),#11204,.F.);
#11838=ADVANCED_FACE('',(#777),#11205,.F.);
#11839=ADVANCED_FACE('',(#778),#11206,.F.);
#11840=ADVANCED_FACE('',(#779),#11207,.F.);
#11841=ADVANCED_FACE('',(#780),#11208,.F.);
#11842=ADVANCED_FACE('',(#781),#11209,.F.);
#11843=ADVANCED_FACE('',(#782),#11210,.T.);
#11844=ADVANCED_FACE('',(#783),#11211,.F.);
#11845=ADVANCED_FACE('',(#784),#11212,.F.);
#11846=ADVANCED_FACE('',(#785),#11213,.F.);
#11847=ADVANCED_FACE('',(#786),#11214,.F.);
#11848=ADVANCED_FACE('',(#787),#11215,.F.);
#11849=ADVANCED_FACE('',(#788),#11216,.F.);
#11850=ADVANCED_FACE('',(#789),#11217,.F.);
#11851=ADVANCED_FACE('',(#790),#11218,.F.);
#11852=ADVANCED_FACE('',(#791),#11219,.T.);
#11853=ADVANCED_FACE('',(#792),#11220,.F.);
#11854=ADVANCED_FACE('',(#793),#11221,.F.);
#11855=ADVANCED_FACE('',(#794),#11222,.F.);
#11856=ADVANCED_FACE('',(#795),#11223,.F.);
#11857=ADVANCED_FACE('',(#796),#11224,.F.);
#11858=ADVANCED_FACE('',(#797),#11225,.F.);
#11859=ADVANCED_FACE('',(#798),#11226,.F.);
#11860=ADVANCED_FACE('',(#799),#11227,.F.);
#11861=ADVANCED_FACE('',(#800),#11228,.T.);
#11862=ADVANCED_FACE('',(#801),#11229,.F.);
#11863=ADVANCED_FACE('',(#802),#11230,.F.);
#11864=ADVANCED_FACE('',(#803),#11231,.F.);
#11865=ADVANCED_FACE('',(#804),#11232,.F.);
#11866=ADVANCED_FACE('',(#805),#11233,.F.);
#11867=ADVANCED_FACE('',(#806),#11234,.F.);
#11868=ADVANCED_FACE('',(#807),#11235,.F.);
#11869=ADVANCED_FACE('',(#808),#11236,.F.);
#11870=ADVANCED_FACE('',(#809),#11237,.T.);
#11871=ADVANCED_FACE('',(#810),#11238,.F.);
#11872=ADVANCED_FACE('',(#811),#11239,.F.);
#11873=ADVANCED_FACE('',(#812),#11240,.F.);
#11874=ADVANCED_FACE('',(#813),#11241,.F.);
#11875=ADVANCED_FACE('',(#814),#11242,.F.);
#11876=ADVANCED_FACE('',(#815),#11243,.F.);
#11877=ADVANCED_FACE('',(#816),#11244,.F.);
#11878=ADVANCED_FACE('',(#817),#11245,.F.);
#11879=ADVANCED_FACE('',(#818),#11246,.T.);
#11880=ADVANCED_FACE('',(#819),#11247,.F.);
#11881=ADVANCED_FACE('',(#820),#11248,.F.);
#11882=ADVANCED_FACE('',(#821),#11249,.F.);
#11883=ADVANCED_FACE('',(#822),#11250,.F.);
#11884=ADVANCED_FACE('',(#823),#11251,.F.);
#11885=ADVANCED_FACE('',(#824),#11252,.F.);
#11886=ADVANCED_FACE('',(#825),#11253,.F.);
#11887=ADVANCED_FACE('',(#826),#11254,.F.);
#11888=ADVANCED_FACE('',(#827),#11255,.T.);
#11889=ADVANCED_FACE('',(#828),#11256,.F.);
#11890=ADVANCED_FACE('',(#829),#11257,.F.);
#11891=ADVANCED_FACE('',(#830),#11258,.F.);
#11892=ADVANCED_FACE('',(#831),#11259,.F.);
#11893=ADVANCED_FACE('',(#832),#11260,.F.);
#11894=ADVANCED_FACE('',(#833),#11261,.F.);
#11895=ADVANCED_FACE('',(#834),#11262,.F.);
#11896=ADVANCED_FACE('',(#835),#11263,.F.);
#11897=ADVANCED_FACE('',(#836),#11264,.T.);
#11898=ADVANCED_FACE('',(#837),#38,.T.);
#11899=ADVANCED_FACE('',(#838),#11265,.T.);
#11900=ADVANCED_FACE('',(#839),#39,.T.);
#11901=ADVANCED_FACE('',(#840),#16,.T.);
#11902=ADVANCED_FACE('',(#841),#40,.T.);
#11903=ADVANCED_FACE('',(#842),#17,.T.);
#11904=ADVANCED_FACE('',(#843),#41,.T.);
#11905=ADVANCED_FACE('',(#844),#18,.T.);
#11906=ADVANCED_FACE('',(#845),#19,.T.);
#11907=ADVANCED_FACE('',(#846),#42,.T.);
#11908=ADVANCED_FACE('',(#847),#11266,.T.);
#11909=ADVANCED_FACE('',(#848),#43,.T.);
#11910=ADVANCED_FACE('',(#849),#11267,.T.);
#11911=ADVANCED_FACE('',(#850),#44,.T.);
#11912=ADVANCED_FACE('',(#851),#11268,.T.);
#11913=ADVANCED_FACE('',(#852),#45,.T.);
#11914=ADVANCED_FACE('',(#853),#20,.T.);
#11915=ADVANCED_FACE('',(#854),#46,.T.);
#11916=ADVANCED_FACE('',(#855),#21,.T.);
#11917=ADVANCED_FACE('',(#856),#47,.T.);
#11918=ADVANCED_FACE('',(#857),#22,.T.);
#11919=ADVANCED_FACE('',(#858),#48,.T.);
#11920=ADVANCED_FACE('',(#859),#11269,.T.);
#11921=ADVANCED_FACE('',(#860),#23,.T.);
#11922=ADVANCED_FACE('',(#861),#49,.T.);
#11923=ADVANCED_FACE('',(#862),#24,.T.);
#11924=ADVANCED_FACE('',(#863),#50,.T.);
#11925=ADVANCED_FACE('',(#864),#25,.T.);
#11926=ADVANCED_FACE('',(#865),#51,.T.);
#11927=ADVANCED_FACE('',(#866),#11270,.T.);
#11928=ADVANCED_FACE('',(#867),#52,.T.);
#11929=ADVANCED_FACE('',(#868),#11271,.T.);
#11930=ADVANCED_FACE('',(#869),#53,.T.);
#11931=ADVANCED_FACE('',(#870),#54,.T.);
#11932=ADVANCED_FACE('',(#871),#26,.T.);
#11933=ADVANCED_FACE('',(#872),#55,.T.);
#11934=ADVANCED_FACE('',(#873),#27,.T.);
#11935=ADVANCED_FACE('',(#874),#56,.T.);
#11936=ADVANCED_FACE('',(#875),#28,.T.);
#11937=ADVANCED_FACE('',(#876),#11272,.F.);
#11938=ADVANCED_FACE('',(#877),#11273,.T.);
#11939=ADVANCED_FACE('',(#878),#57,.T.);
#11940=ADVANCED_FACE('',(#879),#11274,.T.);
#11941=ADVANCED_FACE('',(#880),#58,.T.);
#11942=ADVANCED_FACE('',(#881),#11275,.T.);
#11943=ADVANCED_FACE('',(#882),#59,.T.);
#11944=ADVANCED_FACE('',(#883),#11276,.F.);
#11945=CLOSED_SHELL('',(#11277,#11278,#11279,#11280,#11281,#11282,#11283,
#11284,#11285,#11286,#11287,#11288,#11289,#11290,#11291,#11292,#11293,#11294,
#11295,#11296,#11297,#11298,#11299,#11300,#11301,#11302,#11303,#11304,#11305,
#11306,#11307,#11308,#11309,#11310,#11311,#11312,#11313,#11314,#11315,#11316,
#11317,#11318,#11319,#11320,#11321,#11322,#11323,#11324,#11325,#11326,#11327,
#11328,#11329,#11330,#11331,#11332,#11333,#11334,#11335,#11336,#11337,#11338,
#11339,#11340,#11341,#11342,#11343,#11344,#11345,#11346,#11347,#11348,#11349,
#11350,#11351,#11352,#11353,#11354,#11355,#11356,#11357,#11358,#11359,#11360,
#11361,#11362,#11363,#11364,#11365,#11366,#11367,#11368,#11369,#11370,#11371,
#11372,#11373,#11374,#11375,#11376,#11377,#11378,#11379,#11380,#11381,#11382,
#11383,#11384,#11385,#11386,#11387,#11388,#11389,#11390,#11391,#11392,#11393,
#11394,#11395,#11396,#11397,#11398,#11399,#11400,#11401,#11402,#11403,#11404,
#11405,#11406,#11407,#11408,#11409,#11410,#11411,#11412,#11413,#11414,#11415,
#11416,#11417,#11418,#11419,#11420,#11421,#11422,#11423,#11424,#11425,#11426,
#11427,#11428,#11429,#11430,#11431,#11432,#11433,#11434,#11435,#11436,#11437,
#11438,#11439,#11440,#11441,#11442,#11443,#11444,#11445,#11446,#11447,#11448,
#11449,#11450,#11451,#11452,#11453,#11454,#11455,#11456,#11457,#11458,#11459,
#11460,#11461,#11462,#11463,#11464,#11465,#11466,#11467,#11468,#11469,#11470,
#11471,#11472,#11473,#11474,#11475,#11476,#11477,#11478,#11479,#11480,#11481,
#11482,#11483,#11484,#11485,#11486,#11487,#11488,#11489,#11490,#11491,#11492,
#11493,#11494,#11495,#11496,#11497,#11498,#11499,#11500,#11501,#11502,#11503,
#11504,#11505,#11506,#11507,#11508,#11509,#11510,#11511,#11512,#11513,#11514,
#11515,#11516,#11517,#11518,#11519,#11520,#11521,#11522,#11523,#11524,#11525,
#11526,#11527,#11528,#11529,#11530,#11531,#11532,#11533,#11534,#11535,#11536,
#11537,#11538,#11539,#11540,#11541,#11542,#11543,#11544,#11545,#11546,#11547,
#11548,#11549,#11550,#11551,#11552,#11553,#11554,#11555,#11556,#11557,#11558,
#11559,#11560,#11561,#11562,#11563,#11564,#11565,#11566,#11567,#11568,#11569,
#11570,#11571,#11572,#11573,#11574,#11575,#11576,#11577,#11578,#11579,#11580,
#11581,#11582,#11583,#11584,#11585,#11586,#11587,#11588,#11589,#11590,#11591,
#11592,#11593,#11594,#11595,#11596,#11597,#11598,#11599,#11600,#11601,#11602,
#11603,#11604,#11605,#11606,#11607,#11608,#11609,#11610,#11611,#11612,#11613,
#11614,#11615,#11616,#11617,#11618,#11619,#11620,#11621,#11622,#11623,#11624,
#11625,#11626,#11627,#11628,#11629,#11630,#11631,#11632,#11633,#11634,#11635,
#11636,#11637,#11638,#11639,#11640,#11641,#11642,#11643,#11644,#11645,#11646,
#11647,#11648,#11649,#11650,#11651,#11652,#11653,#11654,#11655,#11656,#11657,
#11658,#11659,#11660,#11661,#11662,#11663,#11664,#11665,#11666,#11667,#11668,
#11669,#11670,#11671,#11672,#11673,#11674,#11675,#11676,#11677,#11678,#11679,
#11680,#11681,#11682,#11683,#11684,#11685,#11686,#11687,#11688,#11689,#11690,
#11691,#11692,#11693,#11694,#11695,#11696,#11697,#11698,#11699,#11700,#11701,
#11702,#11703,#11704,#11705,#11706,#11707,#11708,#11709,#11710,#11711,#11712,
#11713,#11714,#11715,#11716,#11717,#11718,#11719,#11720,#11721,#11722,#11723,
#11724,#11725,#11726,#11727,#11728,#11729,#11730,#11731,#11732,#11733,#11734,
#11735,#11736,#11737,#11738,#11739,#11740,#11741,#11742,#11743,#11744,#11745,
#11746,#11747,#11748,#11749,#11750,#11751,#11752,#11753,#11754,#11755,#11756,
#11757,#11758,#11759,#11760,#11761,#11762,#11763,#11764,#11765,#11766,#11767,
#11768,#11769,#11770,#11771,#11772,#11773,#11774,#11775,#11776,#11777,#11778,
#11779,#11780,#11781,#11782,#11783,#11784,#11785,#11786,#11787,#11788,#11789,
#11790,#11791,#11792,#11793,#11794,#11795,#11796,#11797,#11798,#11799,#11800,
#11801,#11802,#11803,#11804,#11805,#11806,#11807,#11808,#11809,#11810,#11811,
#11812,#11813,#11814,#11815,#11816,#11817,#11818,#11819,#11820,#11821,#11822,
#11823,#11824,#11825,#11826,#11827,#11828,#11829,#11830,#11831,#11832,#11833,
#11834,#11835,#11836,#11837,#11838,#11839,#11840,#11841,#11842,#11843,#11844,
#11845,#11846,#11847,#11848,#11849,#11850,#11851,#11852,#11853,#11854,#11855,
#11856,#11857,#11858,#11859,#11860,#11861,#11862,#11863,#11864,#11865,#11866,
#11867,#11868,#11869,#11870,#11871,#11872,#11873,#11874,#11875,#11876,#11877,
#11878,#11879,#11880,#11881,#11882,#11883,#11884,#11885,#11886,#11887,#11888,
#11889,#11890,#11891,#11892,#11893,#11894,#11895,#11896,#11897,#11898,#11899,
#11900,#11901,#11902,#11903,#11904,#11905,#11906,#11907,#11908,#11909,#11910,
#11911,#11912,#11913,#11914,#11915,#11916,#11917,#11918,#11919,#11920,#11921,
#11922,#11923,#11924,#11925,#11926,#11927,#11928,#11929,#11930,#11931,#11932,
#11933,#11934,#11935,#11936,#11937,#11938,#11939,#11940,#11941,#11942,#11943,
#11944));
#11946=DERIVED_UNIT_ELEMENT(#11948,1.);
#11947=DERIVED_UNIT_ELEMENT(#19331,-3.);
#11948=(
MASS_UNIT()
NAMED_UNIT(*)
SI_UNIT(.KILO.,.GRAM.)
);
#11949=DERIVED_UNIT((#11946,#11947));
#11950=MEASURE_REPRESENTATION_ITEM('density measure',
POSITIVE_RATIO_MEASURE(7850.),#11949);
#11951=PROPERTY_DEFINITION_REPRESENTATION(#11956,#11953);
#11952=PROPERTY_DEFINITION_REPRESENTATION(#11957,#11954);
#11953=REPRESENTATION('material name',(#11955),#19328);
#11954=REPRESENTATION('density',(#11950),#19328);
#11955=DESCRIPTIVE_REPRESENTATION_ITEM('Steel','Steel');
#11956=PROPERTY_DEFINITION('material property','material name',#19338);
#11957=PROPERTY_DEFINITION('material property','density of part',#19338);
#11958=AXIS2_PLACEMENT_3D('',#15938,#12776,#12777);
#11959=AXIS2_PLACEMENT_3D('',#15939,#12778,#12779);
#11960=AXIS2_PLACEMENT_3D('',#15948,#12784,#12785);
#11961=AXIS2_PLACEMENT_3D('',#15957,#12790,#12791);
#11962=AXIS2_PLACEMENT_3D('',#15966,#12796,#12797);
#11963=AXIS2_PLACEMENT_3D('',#15972,#12801,#12802);
#11964=AXIS2_PLACEMENT_3D('',#15981,#12807,#12808);
#11965=AXIS2_PLACEMENT_3D('',#15990,#12813,#12814);
#11966=AXIS2_PLACEMENT_3D('',#15996,#12818,#12819);
#11967=AXIS2_PLACEMENT_3D('',#16002,#12823,#12824);
#11968=AXIS2_PLACEMENT_3D('',#16011,#12829,#12830);
#11969=AXIS2_PLACEMENT_3D('',#16020,#12835,#12836);
#11970=AXIS2_PLACEMENT_3D('',#16026,#12840,#12841);
#11971=AXIS2_PLACEMENT_3D('',#16032,#12845,#12846);
#11972=AXIS2_PLACEMENT_3D('',#16041,#12851,#12852);
#11973=AXIS2_PLACEMENT_3D('',#16047,#12856,#12857);
#11974=AXIS2_PLACEMENT_3D('',#16056,#12862,#12863);
#11975=AXIS2_PLACEMENT_3D('',#16062,#12867,#12868);
#11976=AXIS2_PLACEMENT_3D('',#16071,#12873,#12874);
#11977=AXIS2_PLACEMENT_3D('',#16077,#12878,#12879);
#11978=AXIS2_PLACEMENT_3D('',#16086,#12884,#12885);
#11979=AXIS2_PLACEMENT_3D('',#16092,#12889,#12890);
#11980=AXIS2_PLACEMENT_3D('',#16101,#12895,#12896);
#11981=AXIS2_PLACEMENT_3D('',#16107,#12900,#12901);
#11982=AXIS2_PLACEMENT_3D('',#16116,#12906,#12907);
#11983=AXIS2_PLACEMENT_3D('',#16122,#12911,#12912);
#11984=AXIS2_PLACEMENT_3D('',#16131,#12917,#12918);
#11985=AXIS2_PLACEMENT_3D('',#16137,#12922,#12923);
#11986=AXIS2_PLACEMENT_3D('',#16146,#12928,#12929);
#11987=AXIS2_PLACEMENT_3D('',#16152,#12933,#12934);
#11988=AXIS2_PLACEMENT_3D('',#16161,#12939,#12940);
#11989=AXIS2_PLACEMENT_3D('',#16170,#12945,#12946);
#11990=AXIS2_PLACEMENT_3D('',#16176,#12950,#12951);
#11991=AXIS2_PLACEMENT_3D('',#16182,#12955,#12956);
#11992=AXIS2_PLACEMENT_3D('',#16191,#12961,#12962);
#11993=AXIS2_PLACEMENT_3D('',#16200,#12967,#12968);
#11994=AXIS2_PLACEMENT_3D('',#16206,#12972,#12973);
#11995=AXIS2_PLACEMENT_3D('',#16212,#12977,#12978);
#11996=AXIS2_PLACEMENT_3D('',#16221,#12983,#12984);
#11997=AXIS2_PLACEMENT_3D('',#16227,#12988,#12989);
#11998=AXIS2_PLACEMENT_3D('',#16236,#12994,#12995);
#11999=AXIS2_PLACEMENT_3D('',#16242,#12999,#13000);
#12000=AXIS2_PLACEMENT_3D('',#16251,#13005,#13006);
#12001=AXIS2_PLACEMENT_3D('',#16257,#13010,#13011);
#12002=AXIS2_PLACEMENT_3D('',#16266,#13016,#13017);
#12003=AXIS2_PLACEMENT_3D('',#16272,#13021,#13022);
#12004=AXIS2_PLACEMENT_3D('',#16281,#13027,#13028);
#12005=AXIS2_PLACEMENT_3D('',#16287,#13032,#13033);
#12006=AXIS2_PLACEMENT_3D('',#16296,#13038,#13039);
#12007=AXIS2_PLACEMENT_3D('',#16302,#13043,#13044);
#12008=AXIS2_PLACEMENT_3D('',#16311,#13049,#13050);
#12009=AXIS2_PLACEMENT_3D('',#16317,#13054,#13055);
#12010=AXIS2_PLACEMENT_3D('',#16326,#13060,#13061);
#12011=AXIS2_PLACEMENT_3D('',#16332,#13065,#13066);
#12012=AXIS2_PLACEMENT_3D('',#16341,#13071,#13072);
#12013=AXIS2_PLACEMENT_3D('',#16350,#13077,#13078);
#12014=AXIS2_PLACEMENT_3D('',#16356,#13082,#13083);
#12015=AXIS2_PLACEMENT_3D('',#16362,#13087,#13088);
#12016=AXIS2_PLACEMENT_3D('',#16371,#13093,#13094);
#12017=AXIS2_PLACEMENT_3D('',#16380,#13099,#13100);
#12018=AXIS2_PLACEMENT_3D('',#16386,#13104,#13105);
#12019=AXIS2_PLACEMENT_3D('',#16392,#13109,#13110);
#12020=AXIS2_PLACEMENT_3D('',#16401,#13115,#13116);
#12021=AXIS2_PLACEMENT_3D('',#16407,#13120,#13121);
#12022=AXIS2_PLACEMENT_3D('',#16416,#13126,#13127);
#12023=AXIS2_PLACEMENT_3D('',#16422,#13131,#13132);
#12024=AXIS2_PLACEMENT_3D('',#16431,#13137,#13138);
#12025=AXIS2_PLACEMENT_3D('',#16437,#13142,#13143);
#12026=AXIS2_PLACEMENT_3D('',#16446,#13148,#13149);
#12027=AXIS2_PLACEMENT_3D('',#16452,#13153,#13154);
#12028=AXIS2_PLACEMENT_3D('',#16461,#13159,#13160);
#12029=AXIS2_PLACEMENT_3D('',#16467,#13164,#13165);
#12030=AXIS2_PLACEMENT_3D('',#16476,#13170,#13171);
#12031=AXIS2_PLACEMENT_3D('',#16482,#13175,#13176);
#12032=AXIS2_PLACEMENT_3D('',#16491,#13181,#13182);
#12033=AXIS2_PLACEMENT_3D('',#16497,#13186,#13187);
#12034=AXIS2_PLACEMENT_3D('',#16506,#13192,#13193);
#12035=AXIS2_PLACEMENT_3D('',#16512,#13197,#13198);
#12036=AXIS2_PLACEMENT_3D('',#16521,#13203,#13204);
#12037=AXIS2_PLACEMENT_3D('',#16530,#13209,#13210);
#12038=AXIS2_PLACEMENT_3D('',#16536,#13214,#13215);
#12039=AXIS2_PLACEMENT_3D('',#16542,#13219,#13220);
#12040=AXIS2_PLACEMENT_3D('',#16551,#13225,#13226);
#12041=AXIS2_PLACEMENT_3D('',#16560,#13231,#13232);
#12042=AXIS2_PLACEMENT_3D('',#16566,#13236,#13237);
#12043=AXIS2_PLACEMENT_3D('',#16572,#13241,#13242);
#12044=AXIS2_PLACEMENT_3D('',#16581,#13247,#13248);
#12045=AXIS2_PLACEMENT_3D('',#16587,#13252,#13253);
#12046=AXIS2_PLACEMENT_3D('',#16596,#13258,#13259);
#12047=AXIS2_PLACEMENT_3D('',#16602,#13263,#13264);
#12048=AXIS2_PLACEMENT_3D('',#16611,#13269,#13270);
#12049=AXIS2_PLACEMENT_3D('',#16617,#13274,#13275);
#12050=AXIS2_PLACEMENT_3D('',#16626,#13280,#13281);
#12051=AXIS2_PLACEMENT_3D('',#16632,#13285,#13286);
#12052=AXIS2_PLACEMENT_3D('',#16641,#13291,#13292);
#12053=AXIS2_PLACEMENT_3D('',#16647,#13296,#13297);
#12054=AXIS2_PLACEMENT_3D('',#16656,#13302,#13303);
#12055=AXIS2_PLACEMENT_3D('',#16662,#13307,#13308);
#12056=AXIS2_PLACEMENT_3D('',#16671,#13313,#13314);
#12057=AXIS2_PLACEMENT_3D('',#16677,#13318,#13319);
#12058=AXIS2_PLACEMENT_3D('',#16686,#13324,#13325);
#12059=AXIS2_PLACEMENT_3D('',#16692,#13329,#13330);
#12060=AXIS2_PLACEMENT_3D('',#16701,#13335,#13336);
#12061=AXIS2_PLACEMENT_3D('',#16710,#13341,#13342);
#12062=AXIS2_PLACEMENT_3D('',#16716,#13346,#13347);
#12063=AXIS2_PLACEMENT_3D('',#16722,#13351,#13352);
#12064=AXIS2_PLACEMENT_3D('',#16731,#13357,#13358);
#12065=AXIS2_PLACEMENT_3D('',#16740,#13363,#13364);
#12066=AXIS2_PLACEMENT_3D('',#16746,#13368,#13369);
#12067=AXIS2_PLACEMENT_3D('',#16752,#13373,#13374);
#12068=AXIS2_PLACEMENT_3D('',#16761,#13379,#13380);
#12069=AXIS2_PLACEMENT_3D('',#16767,#13384,#13385);
#12070=AXIS2_PLACEMENT_3D('',#16776,#13390,#13391);
#12071=AXIS2_PLACEMENT_3D('',#16782,#13395,#13396);
#12072=AXIS2_PLACEMENT_3D('',#16791,#13401,#13402);
#12073=AXIS2_PLACEMENT_3D('',#16797,#13406,#13407);
#12074=AXIS2_PLACEMENT_3D('',#16806,#13412,#13413);
#12075=AXIS2_PLACEMENT_3D('',#16812,#13417,#13418);
#12076=AXIS2_PLACEMENT_3D('',#16821,#13423,#13424);
#12077=AXIS2_PLACEMENT_3D('',#16827,#13428,#13429);
#12078=AXIS2_PLACEMENT_3D('',#16836,#13434,#13435);
#12079=AXIS2_PLACEMENT_3D('',#16842,#13439,#13440);
#12080=AXIS2_PLACEMENT_3D('',#16851,#13445,#13446);
#12081=AXIS2_PLACEMENT_3D('',#16857,#13450,#13451);
#12082=AXIS2_PLACEMENT_3D('',#16866,#13456,#13457);
#12083=AXIS2_PLACEMENT_3D('',#16872,#13461,#13462);
#12084=AXIS2_PLACEMENT_3D('',#16881,#13467,#13468);
#12085=AXIS2_PLACEMENT_3D('',#16890,#13473,#13474);
#12086=AXIS2_PLACEMENT_3D('',#16896,#13478,#13479);
#12087=AXIS2_PLACEMENT_3D('',#16902,#13483,#13484);
#12088=AXIS2_PLACEMENT_3D('',#16911,#13489,#13490);
#12089=AXIS2_PLACEMENT_3D('',#16920,#13495,#13496);
#12090=AXIS2_PLACEMENT_3D('',#16926,#13500,#13501);
#12091=AXIS2_PLACEMENT_3D('',#16932,#13505,#13506);
#12092=AXIS2_PLACEMENT_3D('',#16941,#13511,#13512);
#12093=AXIS2_PLACEMENT_3D('',#16947,#13516,#13517);
#12094=AXIS2_PLACEMENT_3D('',#16956,#13522,#13523);
#12095=AXIS2_PLACEMENT_3D('',#16962,#13527,#13528);
#12096=AXIS2_PLACEMENT_3D('',#16971,#13533,#13534);
#12097=AXIS2_PLACEMENT_3D('',#16977,#13538,#13539);
#12098=AXIS2_PLACEMENT_3D('',#16986,#13544,#13545);
#12099=AXIS2_PLACEMENT_3D('',#16992,#13549,#13550);
#12100=AXIS2_PLACEMENT_3D('',#16995,#13553,#13554);
#12101=AXIS2_PLACEMENT_3D('',#17001,#13558,#13559);
#12102=AXIS2_PLACEMENT_3D('',#17004,#13562,#13563);
#12103=AXIS2_PLACEMENT_3D('',#17010,#13567,#13568);
#12104=AXIS2_PLACEMENT_3D('',#17013,#13571,#13572);
#12105=AXIS2_PLACEMENT_3D('',#17019,#13576,#13577);
#12106=AXIS2_PLACEMENT_3D('',#17022,#13580,#13581);
#12107=AXIS2_PLACEMENT_3D('',#17028,#13585,#13586);
#12108=AXIS2_PLACEMENT_3D('',#17031,#13589,#13590);
#12109=AXIS2_PLACEMENT_3D('',#17034,#13593,#13594);
#12110=AXIS2_PLACEMENT_3D('',#17040,#13598,#13599);
#12111=AXIS2_PLACEMENT_3D('',#17046,#13603,#13604);
#12112=AXIS2_PLACEMENT_3D('',#17049,#13607,#13608);
#12113=AXIS2_PLACEMENT_3D('',#17052,#13611,#13612);
#12114=AXIS2_PLACEMENT_3D('',#17058,#13616,#13617);
#12115=AXIS2_PLACEMENT_3D('',#17064,#13621,#13622);
#12116=AXIS2_PLACEMENT_3D('',#17067,#13625,#13626);
#12117=AXIS2_PLACEMENT_3D('',#17073,#13630,#13631);
#12118=AXIS2_PLACEMENT_3D('',#17076,#13634,#13635);
#12119=AXIS2_PLACEMENT_3D('',#17082,#13639,#13640);
#12120=AXIS2_PLACEMENT_3D('',#17085,#13643,#13644);
#12121=AXIS2_PLACEMENT_3D('',#17091,#13648,#13649);
#12122=AXIS2_PLACEMENT_3D('',#17094,#13652,#13653);
#12123=AXIS2_PLACEMENT_3D('',#17100,#13657,#13658);
#12124=AXIS2_PLACEMENT_3D('',#17103,#13661,#13662);
#12125=AXIS2_PLACEMENT_3D('',#17109,#13666,#13667);
#12126=AXIS2_PLACEMENT_3D('',#17112,#13670,#13671);
#12127=AXIS2_PLACEMENT_3D('',#17118,#13675,#13676);
#12128=AXIS2_PLACEMENT_3D('',#17121,#13679,#13680);
#12129=AXIS2_PLACEMENT_3D('',#17127,#13684,#13685);
#12130=AXIS2_PLACEMENT_3D('',#17130,#13688,#13689);
#12131=AXIS2_PLACEMENT_3D('',#17136,#13693,#13694);
#12132=AXIS2_PLACEMENT_3D('',#17139,#13697,#13698);
#12133=AXIS2_PLACEMENT_3D('',#17142,#13701,#13702);
#12134=AXIS2_PLACEMENT_3D('',#17148,#13706,#13707);
#12135=AXIS2_PLACEMENT_3D('',#17154,#13711,#13712);
#12136=AXIS2_PLACEMENT_3D('',#17157,#13715,#13716);
#12137=AXIS2_PLACEMENT_3D('',#17160,#13719,#13720);
#12138=AXIS2_PLACEMENT_3D('',#17166,#13724,#13725);
#12139=AXIS2_PLACEMENT_3D('',#17172,#13729,#13730);
#12140=AXIS2_PLACEMENT_3D('',#17175,#13733,#13734);
#12141=AXIS2_PLACEMENT_3D('',#17181,#13738,#13739);
#12142=AXIS2_PLACEMENT_3D('',#17184,#13742,#13743);
#12143=AXIS2_PLACEMENT_3D('',#17190,#13747,#13748);
#12144=AXIS2_PLACEMENT_3D('',#17193,#13751,#13752);
#12145=AXIS2_PLACEMENT_3D('',#17199,#13756,#13757);
#12146=AXIS2_PLACEMENT_3D('',#17202,#13760,#13761);
#12147=AXIS2_PLACEMENT_3D('',#17208,#13765,#13766);
#12148=AXIS2_PLACEMENT_3D('',#17211,#13769,#13770);
#12149=AXIS2_PLACEMENT_3D('',#17217,#13774,#13775);
#12150=AXIS2_PLACEMENT_3D('',#17220,#13778,#13779);
#12151=AXIS2_PLACEMENT_3D('',#17226,#13783,#13784);
#12152=AXIS2_PLACEMENT_3D('',#17229,#13787,#13788);
#12153=AXIS2_PLACEMENT_3D('',#17235,#13792,#13793);
#12154=AXIS2_PLACEMENT_3D('',#17238,#13796,#13797);
#12155=AXIS2_PLACEMENT_3D('',#17244,#13801,#13802);
#12156=AXIS2_PLACEMENT_3D('',#17247,#13805,#13806);
#12157=AXIS2_PLACEMENT_3D('',#17250,#13809,#13810);
#12158=AXIS2_PLACEMENT_3D('',#17256,#13814,#13815);
#12159=AXIS2_PLACEMENT_3D('',#17262,#13819,#13820);
#12160=AXIS2_PLACEMENT_3D('',#17265,#13823,#13824);
#12161=AXIS2_PLACEMENT_3D('',#17268,#13827,#13828);
#12162=AXIS2_PLACEMENT_3D('',#17274,#13832,#13833);
#12163=AXIS2_PLACEMENT_3D('',#17280,#13837,#13838);
#12164=AXIS2_PLACEMENT_3D('',#17283,#13841,#13842);
#12165=AXIS2_PLACEMENT_3D('',#17289,#13846,#13847);
#12166=AXIS2_PLACEMENT_3D('',#17292,#13850,#13851);
#12167=AXIS2_PLACEMENT_3D('',#17298,#13855,#13856);
#12168=AXIS2_PLACEMENT_3D('',#17301,#13859,#13860);
#12169=AXIS2_PLACEMENT_3D('',#17307,#13864,#13865);
#12170=AXIS2_PLACEMENT_3D('',#17310,#13868,#13869);
#12171=AXIS2_PLACEMENT_3D('',#17316,#13873,#13874);
#12172=AXIS2_PLACEMENT_3D('',#17319,#13877,#13878);
#12173=AXIS2_PLACEMENT_3D('',#17325,#13882,#13883);
#12174=AXIS2_PLACEMENT_3D('',#17328,#13886,#13887);
#12175=AXIS2_PLACEMENT_3D('',#17334,#13891,#13892);
#12176=AXIS2_PLACEMENT_3D('',#17337,#13895,#13896);
#12177=AXIS2_PLACEMENT_3D('',#17343,#13900,#13901);
#12178=AXIS2_PLACEMENT_3D('',#17346,#13904,#13905);
#12179=AXIS2_PLACEMENT_3D('',#17352,#13909,#13910);
#12180=AXIS2_PLACEMENT_3D('',#17355,#13913,#13914);
#12181=AXIS2_PLACEMENT_3D('',#17358,#13917,#13918);
#12182=AXIS2_PLACEMENT_3D('',#17364,#13922,#13923);
#12183=AXIS2_PLACEMENT_3D('',#17370,#13927,#13928);
#12184=AXIS2_PLACEMENT_3D('',#17373,#13931,#13932);
#12185=AXIS2_PLACEMENT_3D('',#17376,#13935,#13936);
#12186=AXIS2_PLACEMENT_3D('',#17382,#13940,#13941);
#12187=AXIS2_PLACEMENT_3D('',#17388,#13945,#13946);
#12188=AXIS2_PLACEMENT_3D('',#17391,#13949,#13950);
#12189=AXIS2_PLACEMENT_3D('',#17397,#13954,#13955);
#12190=AXIS2_PLACEMENT_3D('',#17400,#13958,#13959);
#12191=AXIS2_PLACEMENT_3D('',#17406,#13963,#13964);
#12192=AXIS2_PLACEMENT_3D('',#17409,#13967,#13968);
#12193=AXIS2_PLACEMENT_3D('',#17415,#13972,#13973);
#12194=AXIS2_PLACEMENT_3D('',#17418,#13976,#13977);
#12195=AXIS2_PLACEMENT_3D('',#17424,#13981,#13982);
#12196=AXIS2_PLACEMENT_3D('',#17427,#13985,#13986);
#12197=AXIS2_PLACEMENT_3D('',#17433,#13990,#13991);
#12198=AXIS2_PLACEMENT_3D('',#17436,#13994,#13995);
#12199=AXIS2_PLACEMENT_3D('',#17442,#13999,#14000);
#12200=AXIS2_PLACEMENT_3D('',#17445,#14003,#14004);
#12201=AXIS2_PLACEMENT_3D('',#17451,#14008,#14009);
#12202=AXIS2_PLACEMENT_3D('',#17454,#14012,#14013);
#12203=AXIS2_PLACEMENT_3D('',#17460,#14017,#14018);
#12204=AXIS2_PLACEMENT_3D('',#17463,#14021,#14022);
#12205=AXIS2_PLACEMENT_3D('',#17466,#14025,#14026);
#12206=AXIS2_PLACEMENT_3D('',#17472,#14030,#14031);
#12207=AXIS2_PLACEMENT_3D('',#17478,#14035,#14036);
#12208=AXIS2_PLACEMENT_3D('',#17481,#14039,#14040);
#12209=AXIS2_PLACEMENT_3D('',#17484,#14043,#14044);
#12210=AXIS2_PLACEMENT_3D('',#17490,#14048,#14049);
#12211=AXIS2_PLACEMENT_3D('',#17496,#14053,#14054);
#12212=AXIS2_PLACEMENT_3D('',#17499,#14057,#14058);
#12213=AXIS2_PLACEMENT_3D('',#17505,#14062,#14063);
#12214=AXIS2_PLACEMENT_3D('',#17508,#14066,#14067);
#12215=AXIS2_PLACEMENT_3D('',#17514,#14071,#14072);
#12216=AXIS2_PLACEMENT_3D('',#17517,#14075,#14076);
#12217=AXIS2_PLACEMENT_3D('',#17523,#14080,#14081);
#12218=AXIS2_PLACEMENT_3D('',#17526,#14084,#14085);
#12219=AXIS2_PLACEMENT_3D('',#17532,#14089,#14090);
#12220=AXIS2_PLACEMENT_3D('',#17535,#14093,#14094);
#12221=AXIS2_PLACEMENT_3D('',#17541,#14098,#14099);
#12222=AXIS2_PLACEMENT_3D('',#17544,#14102,#14103);
#12223=AXIS2_PLACEMENT_3D('',#17550,#14107,#14108);
#12224=AXIS2_PLACEMENT_3D('',#17553,#14111,#14112);
#12225=AXIS2_PLACEMENT_3D('',#17559,#14116,#14117);
#12226=AXIS2_PLACEMENT_3D('',#17562,#14120,#14121);
#12227=AXIS2_PLACEMENT_3D('',#17568,#14125,#14126);
#12228=AXIS2_PLACEMENT_3D('',#17571,#14129,#14130);
#12229=AXIS2_PLACEMENT_3D('',#17574,#14133,#14134);
#12230=AXIS2_PLACEMENT_3D('',#17580,#14138,#14139);
#12231=AXIS2_PLACEMENT_3D('',#17586,#14143,#14144);
#12232=AXIS2_PLACEMENT_3D('',#17589,#14147,#14148);
#12233=AXIS2_PLACEMENT_3D('',#17592,#14151,#14152);
#12234=AXIS2_PLACEMENT_3D('',#17598,#14156,#14157);
#12235=AXIS2_PLACEMENT_3D('',#17604,#14161,#14162);
#12236=AXIS2_PLACEMENT_3D('',#17608,#14164,#14165);
#12237=AXIS2_PLACEMENT_3D('',#17609,#14166,#14167);
#12238=AXIS2_PLACEMENT_3D('',#17610,#14168,#14169);
#12239=AXIS2_PLACEMENT_3D('',#17616,#14173,#14174);
#12240=AXIS2_PLACEMENT_3D('',#17620,#14176,#14177);
#12241=AXIS2_PLACEMENT_3D('',#17621,#14178,#14179);
#12242=AXIS2_PLACEMENT_3D('',#17622,#14180,#14181);
#12243=AXIS2_PLACEMENT_3D('',#17628,#14185,#14186);
#12244=AXIS2_PLACEMENT_3D('',#17631,#14189,#14190);
#12245=AXIS2_PLACEMENT_3D('',#17637,#14194,#14195);
#12246=AXIS2_PLACEMENT_3D('',#17639,#14196,#14197);
#12247=AXIS2_PLACEMENT_3D('',#17642,#14199,#14200);
#12248=AXIS2_PLACEMENT_3D('',#17643,#14201,#14202);
#12249=AXIS2_PLACEMENT_3D('',#17649,#14206,#14207);
#12250=AXIS2_PLACEMENT_3D('',#17651,#14208,#14209);
#12251=AXIS2_PLACEMENT_3D('',#17654,#14211,#14212);
#12252=AXIS2_PLACEMENT_3D('',#17655,#14213,#14214);
#12253=AXIS2_PLACEMENT_3D('',#17658,#14217,#14218);
#12254=AXIS2_PLACEMENT_3D('',#17662,#14220,#14221);
#12255=AXIS2_PLACEMENT_3D('',#17663,#14222,#14223);
#12256=AXIS2_PLACEMENT_3D('',#17664,#14224,#14225);
#12257=AXIS2_PLACEMENT_3D('',#17670,#14229,#14230);
#12258=AXIS2_PLACEMENT_3D('',#17674,#14232,#14233);
#12259=AXIS2_PLACEMENT_3D('',#17675,#14234,#14235);
#12260=AXIS2_PLACEMENT_3D('',#17676,#14236,#14237);
#12261=AXIS2_PLACEMENT_3D('',#17679,#14240,#14241);
#12262=AXIS2_PLACEMENT_3D('',#17685,#14245,#14246);
#12263=AXIS2_PLACEMENT_3D('',#17688,#14248,#14249);
#12264=AXIS2_PLACEMENT_3D('',#17689,#14250,#14251);
#12265=AXIS2_PLACEMENT_3D('',#17693,#14253,#14254);
#12266=AXIS2_PLACEMENT_3D('',#17697,#14256,#14257);
#12267=AXIS2_PLACEMENT_3D('',#17700,#14259,#14260);
#12268=AXIS2_PLACEMENT_3D('',#17701,#14261,#14262);
#12269=AXIS2_PLACEMENT_3D('',#17704,#14264,#14265);
#12270=AXIS2_PLACEMENT_3D('',#17705,#14266,#14267);
#12271=AXIS2_PLACEMENT_3D('',#17709,#14270,#14271);
#12272=AXIS2_PLACEMENT_3D('',#17715,#14274,#14275);
#12273=AXIS2_PLACEMENT_3D('',#17716,#14276,#14277);
#12274=AXIS2_PLACEMENT_3D('',#17717,#14278,#14279);
#12275=AXIS2_PLACEMENT_3D('',#17721,#14282,#14283);
#12276=AXIS2_PLACEMENT_3D('',#17725,#14285,#14286);
#12277=AXIS2_PLACEMENT_3D('',#17727,#14288,#14289);
#12278=AXIS2_PLACEMENT_3D('',#17733,#14293,#14294);
#12279=AXIS2_PLACEMENT_3D('',#17737,#14297,#14298);
#12280=AXIS2_PLACEMENT_3D('',#17741,#14301,#14302);
#12281=AXIS2_PLACEMENT_3D('',#17746,#14306,#14307);
#12282=AXIS2_PLACEMENT_3D('',#17751,#14310,#14311);
#12283=AXIS2_PLACEMENT_3D('',#17752,#14312,#14313);
#12284=AXIS2_PLACEMENT_3D('',#17756,#14316,#14317);
#12285=AXIS2_PLACEMENT_3D('',#17760,#14319,#14320);
#12286=AXIS2_PLACEMENT_3D('',#17762,#14322,#14323);
#12287=AXIS2_PLACEMENT_3D('',#17768,#14327,#14328);
#12288=AXIS2_PLACEMENT_3D('',#17772,#14331,#14332);
#12289=AXIS2_PLACEMENT_3D('',#17776,#14335,#14336);
#12290=AXIS2_PLACEMENT_3D('',#17781,#14340,#14341);
#12291=AXIS2_PLACEMENT_3D('',#17786,#14344,#14345);
#12292=AXIS2_PLACEMENT_3D('',#17787,#14346,#14347);
#12293=AXIS2_PLACEMENT_3D('',#17791,#14350,#14351);
#12294=AXIS2_PLACEMENT_3D('',#17795,#14353,#14354);
#12295=AXIS2_PLACEMENT_3D('',#17797,#14356,#14357);
#12296=AXIS2_PLACEMENT_3D('',#17803,#14361,#14362);
#12297=AXIS2_PLACEMENT_3D('',#17807,#14365,#14366);
#12298=AXIS2_PLACEMENT_3D('',#17811,#14369,#14370);
#12299=AXIS2_PLACEMENT_3D('',#17816,#14374,#14375);
#12300=AXIS2_PLACEMENT_3D('',#17821,#14378,#14379);
#12301=AXIS2_PLACEMENT_3D('',#17822,#14380,#14381);
#12302=AXIS2_PLACEMENT_3D('',#17826,#14384,#14385);
#12303=AXIS2_PLACEMENT_3D('',#17830,#14387,#14388);
#12304=AXIS2_PLACEMENT_3D('',#17832,#14390,#14391);
#12305=AXIS2_PLACEMENT_3D('',#17838,#14395,#14396);
#12306=AXIS2_PLACEMENT_3D('',#17842,#14399,#14400);
#12307=AXIS2_PLACEMENT_3D('',#17846,#14403,#14404);
#12308=AXIS2_PLACEMENT_3D('',#17851,#14408,#14409);
#12309=AXIS2_PLACEMENT_3D('',#17856,#14412,#14413);
#12310=AXIS2_PLACEMENT_3D('',#17857,#14414,#14415);
#12311=AXIS2_PLACEMENT_3D('',#17861,#14418,#14419);
#12312=AXIS2_PLACEMENT_3D('',#17865,#14421,#14422);
#12313=AXIS2_PLACEMENT_3D('',#17867,#14424,#14425);
#12314=AXIS2_PLACEMENT_3D('',#17873,#14429,#14430);
#12315=AXIS2_PLACEMENT_3D('',#17877,#14433,#14434);
#12316=AXIS2_PLACEMENT_3D('',#17881,#14437,#14438);
#12317=AXIS2_PLACEMENT_3D('',#17886,#14442,#14443);
#12318=AXIS2_PLACEMENT_3D('',#17891,#14446,#14447);
#12319=AXIS2_PLACEMENT_3D('',#17892,#14448,#14449);
#12320=AXIS2_PLACEMENT_3D('',#17896,#14452,#14453);
#12321=AXIS2_PLACEMENT_3D('',#17900,#14455,#14456);
#12322=AXIS2_PLACEMENT_3D('',#17902,#14458,#14459);
#12323=AXIS2_PLACEMENT_3D('',#17908,#14463,#14464);
#12324=AXIS2_PLACEMENT_3D('',#17912,#14467,#14468);
#12325=AXIS2_PLACEMENT_3D('',#17916,#14471,#14472);
#12326=AXIS2_PLACEMENT_3D('',#17921,#14476,#14477);
#12327=AXIS2_PLACEMENT_3D('',#17926,#14480,#14481);
#12328=AXIS2_PLACEMENT_3D('',#17927,#14482,#14483);
#12329=AXIS2_PLACEMENT_3D('',#17931,#14486,#14487);
#12330=AXIS2_PLACEMENT_3D('',#17935,#14489,#14490);
#12331=AXIS2_PLACEMENT_3D('',#17937,#14492,#14493);
#12332=AXIS2_PLACEMENT_3D('',#17943,#14497,#14498);
#12333=AXIS2_PLACEMENT_3D('',#17947,#14501,#14502);
#12334=AXIS2_PLACEMENT_3D('',#17951,#14505,#14506);
#12335=AXIS2_PLACEMENT_3D('',#17956,#14510,#14511);
#12336=AXIS2_PLACEMENT_3D('',#17961,#14514,#14515);
#12337=AXIS2_PLACEMENT_3D('',#17962,#14516,#14517);
#12338=AXIS2_PLACEMENT_3D('',#17966,#14520,#14521);
#12339=AXIS2_PLACEMENT_3D('',#17970,#14523,#14524);
#12340=AXIS2_PLACEMENT_3D('',#17972,#14526,#14527);
#12341=AXIS2_PLACEMENT_3D('',#17978,#14531,#14532);
#12342=AXIS2_PLACEMENT_3D('',#17982,#14535,#14536);
#12343=AXIS2_PLACEMENT_3D('',#17986,#14539,#14540);
#12344=AXIS2_PLACEMENT_3D('',#17991,#14544,#14545);
#12345=AXIS2_PLACEMENT_3D('',#17996,#14548,#14549);
#12346=AXIS2_PLACEMENT_3D('',#17997,#14550,#14551);
#12347=AXIS2_PLACEMENT_3D('',#18001,#14554,#14555);
#12348=AXIS2_PLACEMENT_3D('',#18005,#14557,#14558);
#12349=AXIS2_PLACEMENT_3D('',#18007,#14560,#14561);
#12350=AXIS2_PLACEMENT_3D('',#18013,#14565,#14566);
#12351=AXIS2_PLACEMENT_3D('',#18017,#14569,#14570);
#12352=AXIS2_PLACEMENT_3D('',#18021,#14573,#14574);
#12353=AXIS2_PLACEMENT_3D('',#18026,#14578,#14579);
#12354=AXIS2_PLACEMENT_3D('',#18031,#14582,#14583);
#12355=AXIS2_PLACEMENT_3D('',#18032,#14584,#14585);
#12356=AXIS2_PLACEMENT_3D('',#18036,#14588,#14589);
#12357=AXIS2_PLACEMENT_3D('',#18040,#14591,#14592);
#12358=AXIS2_PLACEMENT_3D('',#18042,#14594,#14595);
#12359=AXIS2_PLACEMENT_3D('',#18048,#14599,#14600);
#12360=AXIS2_PLACEMENT_3D('',#18052,#14603,#14604);
#12361=AXIS2_PLACEMENT_3D('',#18056,#14607,#14608);
#12362=AXIS2_PLACEMENT_3D('',#18061,#14612,#14613);
#12363=AXIS2_PLACEMENT_3D('',#18066,#14616,#14617);
#12364=AXIS2_PLACEMENT_3D('',#18067,#14618,#14619);
#12365=AXIS2_PLACEMENT_3D('',#18071,#14622,#14623);
#12366=AXIS2_PLACEMENT_3D('',#18075,#14625,#14626);
#12367=AXIS2_PLACEMENT_3D('',#18077,#14628,#14629);
#12368=AXIS2_PLACEMENT_3D('',#18083,#14633,#14634);
#12369=AXIS2_PLACEMENT_3D('',#18087,#14637,#14638);
#12370=AXIS2_PLACEMENT_3D('',#18091,#14641,#14642);
#12371=AXIS2_PLACEMENT_3D('',#18096,#14646,#14647);
#12372=AXIS2_PLACEMENT_3D('',#18101,#14650,#14651);
#12373=AXIS2_PLACEMENT_3D('',#18102,#14652,#14653);
#12374=AXIS2_PLACEMENT_3D('',#18106,#14656,#14657);
#12375=AXIS2_PLACEMENT_3D('',#18110,#14659,#14660);
#12376=AXIS2_PLACEMENT_3D('',#18112,#14662,#14663);
#12377=AXIS2_PLACEMENT_3D('',#18118,#14667,#14668);
#12378=AXIS2_PLACEMENT_3D('',#18122,#14671,#14672);
#12379=AXIS2_PLACEMENT_3D('',#18126,#14675,#14676);
#12380=AXIS2_PLACEMENT_3D('',#18131,#14680,#14681);
#12381=AXIS2_PLACEMENT_3D('',#18136,#14684,#14685);
#12382=AXIS2_PLACEMENT_3D('',#18137,#14686,#14687);
#12383=AXIS2_PLACEMENT_3D('',#18141,#14690,#14691);
#12384=AXIS2_PLACEMENT_3D('',#18145,#14693,#14694);
#12385=AXIS2_PLACEMENT_3D('',#18147,#14696,#14697);
#12386=AXIS2_PLACEMENT_3D('',#18153,#14701,#14702);
#12387=AXIS2_PLACEMENT_3D('',#18157,#14705,#14706);
#12388=AXIS2_PLACEMENT_3D('',#18161,#14709,#14710);
#12389=AXIS2_PLACEMENT_3D('',#18166,#14714,#14715);
#12390=AXIS2_PLACEMENT_3D('',#18171,#14718,#14719);
#12391=AXIS2_PLACEMENT_3D('',#18172,#14720,#14721);
#12392=AXIS2_PLACEMENT_3D('',#18176,#14724,#14725);
#12393=AXIS2_PLACEMENT_3D('',#18180,#14727,#14728);
#12394=AXIS2_PLACEMENT_3D('',#18182,#14730,#14731);
#12395=AXIS2_PLACEMENT_3D('',#18188,#14735,#14736);
#12396=AXIS2_PLACEMENT_3D('',#18192,#14739,#14740);
#12397=AXIS2_PLACEMENT_3D('',#18196,#14743,#14744);
#12398=AXIS2_PLACEMENT_3D('',#18201,#14748,#14749);
#12399=AXIS2_PLACEMENT_3D('',#18206,#14752,#14753);
#12400=AXIS2_PLACEMENT_3D('',#18207,#14754,#14755);
#12401=AXIS2_PLACEMENT_3D('',#18211,#14758,#14759);
#12402=AXIS2_PLACEMENT_3D('',#18215,#14761,#14762);
#12403=AXIS2_PLACEMENT_3D('',#18217,#14764,#14765);
#12404=AXIS2_PLACEMENT_3D('',#18223,#14769,#14770);
#12405=AXIS2_PLACEMENT_3D('',#18227,#14773,#14774);
#12406=AXIS2_PLACEMENT_3D('',#18231,#14777,#14778);
#12407=AXIS2_PLACEMENT_3D('',#18236,#14782,#14783);
#12408=AXIS2_PLACEMENT_3D('',#18241,#14786,#14787);
#12409=AXIS2_PLACEMENT_3D('',#18242,#14788,#14789);
#12410=AXIS2_PLACEMENT_3D('',#18246,#14792,#14793);
#12411=AXIS2_PLACEMENT_3D('',#18250,#14795,#14796);
#12412=AXIS2_PLACEMENT_3D('',#18252,#14798,#14799);
#12413=AXIS2_PLACEMENT_3D('',#18258,#14803,#14804);
#12414=AXIS2_PLACEMENT_3D('',#18262,#14807,#14808);
#12415=AXIS2_PLACEMENT_3D('',#18266,#14811,#14812);
#12416=AXIS2_PLACEMENT_3D('',#18271,#14816,#14817);
#12417=AXIS2_PLACEMENT_3D('',#18276,#14820,#14821);
#12418=AXIS2_PLACEMENT_3D('',#18277,#14822,#14823);
#12419=AXIS2_PLACEMENT_3D('',#18281,#14826,#14827);
#12420=AXIS2_PLACEMENT_3D('',#18285,#14829,#14830);
#12421=AXIS2_PLACEMENT_3D('',#18287,#14832,#14833);
#12422=AXIS2_PLACEMENT_3D('',#18293,#14837,#14838);
#12423=AXIS2_PLACEMENT_3D('',#18297,#14841,#14842);
#12424=AXIS2_PLACEMENT_3D('',#18301,#14845,#14846);
#12425=AXIS2_PLACEMENT_3D('',#18306,#14850,#14851);
#12426=AXIS2_PLACEMENT_3D('',#18311,#14854,#14855);
#12427=AXIS2_PLACEMENT_3D('',#18312,#14856,#14857);
#12428=AXIS2_PLACEMENT_3D('',#18332,#14868,#14869);
#12429=AXIS2_PLACEMENT_3D('',#18336,#14871,#14872);
#12430=AXIS2_PLACEMENT_3D('',#18338,#14874,#14875);
#12431=AXIS2_PLACEMENT_3D('',#18340,#14876,#14877);
#12432=AXIS2_PLACEMENT_3D('',#18341,#14878,#14879);
#12433=AXIS2_PLACEMENT_3D('',#18344,#14881,#14882);
#12434=AXIS2_PLACEMENT_3D('',#18345,#14883,#14884);
#12435=AXIS2_PLACEMENT_3D('',#18348,#14886,#14887);
#12436=AXIS2_PLACEMENT_3D('',#18349,#14888,#14889);
#12437=AXIS2_PLACEMENT_3D('',#18355,#14893,#14894);
#12438=AXIS2_PLACEMENT_3D('',#18356,#14895,#14896);
#12439=AXIS2_PLACEMENT_3D('',#18365,#14898,#14899);
#12440=AXIS2_PLACEMENT_3D('',#18367,#14900,#14901);
#12441=AXIS2_PLACEMENT_3D('',#18369,#14902,#14903);
#12442=AXIS2_PLACEMENT_3D('',#18371,#14904,#14905);
#12443=AXIS2_PLACEMENT_3D('',#18380,#14906,#14907);
#12444=AXIS2_PLACEMENT_3D('',#18400,#14925,#14926);
#12445=AXIS2_PLACEMENT_3D('',#18404,#14928,#14929);
#12446=AXIS2_PLACEMENT_3D('',#18408,#14931,#14932);
#12447=AXIS2_PLACEMENT_3D('',#18412,#14934,#14935);
#12448=AXIS2_PLACEMENT_3D('',#18417,#14938,#14939);
#12449=AXIS2_PLACEMENT_3D('',#18421,#14941,#14942);
#12450=AXIS2_PLACEMENT_3D('',#18425,#14944,#14945);
#12451=AXIS2_PLACEMENT_3D('',#18429,#14947,#14948);
#12452=AXIS2_PLACEMENT_3D('',#18433,#14950,#14951);
#12453=AXIS2_PLACEMENT_3D('',#18437,#14953,#14954);
#12454=AXIS2_PLACEMENT_3D('',#18441,#14956,#14957);
#12455=AXIS2_PLACEMENT_3D('',#18445,#14959,#14960);
#12456=AXIS2_PLACEMENT_3D('',#18449,#14962,#14963);
#12457=AXIS2_PLACEMENT_3D('',#18453,#14965,#14966);
#12458=AXIS2_PLACEMENT_3D('',#18457,#14968,#14969);
#12459=AXIS2_PLACEMENT_3D('',#18461,#14971,#14972);
#12460=AXIS2_PLACEMENT_3D('',#18465,#14974,#14975);
#12461=AXIS2_PLACEMENT_3D('',#18469,#14977,#14978);
#12462=AXIS2_PLACEMENT_3D('',#18473,#14980,#14981);
#12463=AXIS2_PLACEMENT_3D('',#18477,#14983,#14984);
#12464=AXIS2_PLACEMENT_3D('',#18481,#14986,#14987);
#12465=AXIS2_PLACEMENT_3D('',#18485,#14989,#14990);
#12466=AXIS2_PLACEMENT_3D('',#18489,#14992,#14993);
#12467=AXIS2_PLACEMENT_3D('',#18493,#14995,#14996);
#12468=AXIS2_PLACEMENT_3D('',#18497,#14998,#14999);
#12469=AXIS2_PLACEMENT_3D('',#18501,#15001,#15002);
#12470=AXIS2_PLACEMENT_3D('',#18505,#15004,#15005);
#12471=AXIS2_PLACEMENT_3D('',#18509,#15007,#15008);
#12472=AXIS2_PLACEMENT_3D('',#18513,#15010,#15011);
#12473=AXIS2_PLACEMENT_3D('',#18517,#15013,#15014);
#12474=AXIS2_PLACEMENT_3D('',#18521,#15016,#15017);
#12475=AXIS2_PLACEMENT_3D('',#18525,#15019,#15020);
#12476=AXIS2_PLACEMENT_3D('',#18529,#15022,#15023);
#12477=AXIS2_PLACEMENT_3D('',#18533,#15025,#15026);
#12478=AXIS2_PLACEMENT_3D('',#18537,#15028,#15029);
#12479=AXIS2_PLACEMENT_3D('',#18541,#15031,#15032);
#12480=AXIS2_PLACEMENT_3D('',#18545,#15034,#15035);
#12481=AXIS2_PLACEMENT_3D('',#18547,#15037,#15038);
#12482=AXIS2_PLACEMENT_3D('',#18548,#15039,#15040);
#12483=AXIS2_PLACEMENT_3D('',#18549,#15041,#15042);
#12484=AXIS2_PLACEMENT_3D('',#18550,#15043,#15044);
#12485=AXIS2_PLACEMENT_3D('',#18551,#15045,#15046);
#12486=AXIS2_PLACEMENT_3D('',#18552,#15047,#15048);
#12487=AXIS2_PLACEMENT_3D('',#18553,#15049,#15050);
#12488=AXIS2_PLACEMENT_3D('',#18554,#15051,#15052);
#12489=AXIS2_PLACEMENT_3D('',#18555,#15053,#15054);
#12490=AXIS2_PLACEMENT_3D('',#18556,#15055,#15056);
#12491=AXIS2_PLACEMENT_3D('',#18557,#15057,#15058);
#12492=AXIS2_PLACEMENT_3D('',#18558,#15059,#15060);
#12493=AXIS2_PLACEMENT_3D('',#18559,#15061,#15062);
#12494=AXIS2_PLACEMENT_3D('',#18560,#15063,#15064);
#12495=AXIS2_PLACEMENT_3D('',#18561,#15065,#15066);
#12496=AXIS2_PLACEMENT_3D('',#18562,#15067,#15068);
#12497=AXIS2_PLACEMENT_3D('',#18563,#15069,#15070);
#12498=AXIS2_PLACEMENT_3D('',#18564,#15071,#15072);
#12499=AXIS2_PLACEMENT_3D('',#18565,#15073,#15074);
#12500=AXIS2_PLACEMENT_3D('',#18566,#15075,#15076);
#12501=AXIS2_PLACEMENT_3D('',#18567,#15077,#15078);
#12502=AXIS2_PLACEMENT_3D('',#18568,#15079,#15080);
#12503=AXIS2_PLACEMENT_3D('',#18569,#15081,#15082);
#12504=AXIS2_PLACEMENT_3D('',#18570,#15083,#15084);
#12505=AXIS2_PLACEMENT_3D('',#18571,#15085,#15086);
#12506=AXIS2_PLACEMENT_3D('',#18572,#15087,#15088);
#12507=AXIS2_PLACEMENT_3D('',#18573,#15089,#15090);
#12508=AXIS2_PLACEMENT_3D('',#18574,#15091,#15092);
#12509=AXIS2_PLACEMENT_3D('',#18575,#15093,#15094);
#12510=AXIS2_PLACEMENT_3D('',#18576,#15095,#15096);
#12511=AXIS2_PLACEMENT_3D('',#18577,#15097,#15098);
#12512=AXIS2_PLACEMENT_3D('',#18578,#15099,#15100);
#12513=AXIS2_PLACEMENT_3D('',#18579,#15101,#15102);
#12514=AXIS2_PLACEMENT_3D('',#18580,#15103,#15104);
#12515=AXIS2_PLACEMENT_3D('',#18582,#15106,#15107);
#12516=AXIS2_PLACEMENT_3D('',#18586,#15110,#15111);
#12517=AXIS2_PLACEMENT_3D('',#18590,#15114,#15115);
#12518=AXIS2_PLACEMENT_3D('',#18593,#15118,#15119);
#12519=AXIS2_PLACEMENT_3D('',#18595,#15121,#15122);
#12520=AXIS2_PLACEMENT_3D('',#18597,#15124,#15125);
#12521=AXIS2_PLACEMENT_3D('',#18599,#15127,#15128);
#12522=AXIS2_PLACEMENT_3D('',#18601,#15130,#15131);
#12523=AXIS2_PLACEMENT_3D('',#18602,#15132,#15133);
#12524=AXIS2_PLACEMENT_3D('',#18609,#15138,#15139);
#12525=AXIS2_PLACEMENT_3D('',#18615,#15143,#15144);
#12526=AXIS2_PLACEMENT_3D('',#18617,#15146,#15147);
#12527=AXIS2_PLACEMENT_3D('',#18619,#15149,#15150);
#12528=AXIS2_PLACEMENT_3D('',#18620,#15151,#15152);
#12529=AXIS2_PLACEMENT_3D('',#18624,#15155,#15156);
#12530=AXIS2_PLACEMENT_3D('',#18628,#15159,#15160);
#12531=AXIS2_PLACEMENT_3D('',#18631,#15163,#15164);
#12532=AXIS2_PLACEMENT_3D('',#18632,#15165,#15166);
#12533=AXIS2_PLACEMENT_3D('',#18639,#15171,#15172);
#12534=AXIS2_PLACEMENT_3D('',#18645,#15176,#15177);
#12535=AXIS2_PLACEMENT_3D('',#18647,#15179,#15180);
#12536=AXIS2_PLACEMENT_3D('',#18649,#15182,#15183);
#12537=AXIS2_PLACEMENT_3D('',#18650,#15184,#15185);
#12538=AXIS2_PLACEMENT_3D('',#18656,#15189,#15190);
#12539=AXIS2_PLACEMENT_3D('',#18659,#15193,#15194);
#12540=AXIS2_PLACEMENT_3D('',#18661,#15196,#15197);
#12541=AXIS2_PLACEMENT_3D('',#18662,#15198,#15199);
#12542=AXIS2_PLACEMENT_3D('',#18669,#15204,#15205);
#12543=AXIS2_PLACEMENT_3D('',#18675,#15209,#15210);
#12544=AXIS2_PLACEMENT_3D('',#18677,#15212,#15213);
#12545=AXIS2_PLACEMENT_3D('',#18679,#15215,#15216);
#12546=AXIS2_PLACEMENT_3D('',#18680,#15217,#15218);
#12547=AXIS2_PLACEMENT_3D('',#18684,#15221,#15222);
#12548=AXIS2_PLACEMENT_3D('',#18688,#15225,#15226);
#12549=AXIS2_PLACEMENT_3D('',#18691,#15229,#15230);
#12550=AXIS2_PLACEMENT_3D('',#18692,#15231,#15232);
#12551=AXIS2_PLACEMENT_3D('',#18699,#15237,#15238);
#12552=AXIS2_PLACEMENT_3D('',#18705,#15242,#15243);
#12553=AXIS2_PLACEMENT_3D('',#18707,#15245,#15246);
#12554=AXIS2_PLACEMENT_3D('',#18709,#15248,#15249);
#12555=AXIS2_PLACEMENT_3D('',#18710,#15250,#15251);
#12556=AXIS2_PLACEMENT_3D('',#18714,#15254,#15255);
#12557=AXIS2_PLACEMENT_3D('',#18718,#15258,#15259);
#12558=AXIS2_PLACEMENT_3D('',#18721,#15262,#15263);
#12559=AXIS2_PLACEMENT_3D('',#18722,#15264,#15265);
#12560=AXIS2_PLACEMENT_3D('',#18729,#15270,#15271);
#12561=AXIS2_PLACEMENT_3D('',#18735,#15275,#15276);
#12562=AXIS2_PLACEMENT_3D('',#18737,#15278,#15279);
#12563=AXIS2_PLACEMENT_3D('',#18739,#15281,#15282);
#12564=AXIS2_PLACEMENT_3D('',#18740,#15283,#15284);
#12565=AXIS2_PLACEMENT_3D('',#18746,#15288,#15289);
#12566=AXIS2_PLACEMENT_3D('',#18749,#15292,#15293);
#12567=AXIS2_PLACEMENT_3D('',#18751,#15295,#15296);
#12568=AXIS2_PLACEMENT_3D('',#18752,#15297,#15298);
#12569=AXIS2_PLACEMENT_3D('',#18759,#15303,#15304);
#12570=AXIS2_PLACEMENT_3D('',#18765,#15308,#15309);
#12571=AXIS2_PLACEMENT_3D('',#18767,#15311,#15312);
#12572=AXIS2_PLACEMENT_3D('',#18769,#15314,#15315);
#12573=AXIS2_PLACEMENT_3D('',#18770,#15316,#15317);
#12574=AXIS2_PLACEMENT_3D('',#18774,#15320,#15321);
#12575=AXIS2_PLACEMENT_3D('',#18778,#15324,#15325);
#12576=AXIS2_PLACEMENT_3D('',#18781,#15328,#15329);
#12577=AXIS2_PLACEMENT_3D('',#18782,#15330,#15331);
#12578=AXIS2_PLACEMENT_3D('',#18789,#15336,#15337);
#12579=AXIS2_PLACEMENT_3D('',#18795,#15341,#15342);
#12580=AXIS2_PLACEMENT_3D('',#18797,#15344,#15345);
#12581=AXIS2_PLACEMENT_3D('',#18799,#15347,#15348);
#12582=AXIS2_PLACEMENT_3D('',#18800,#15349,#15350);
#12583=AXIS2_PLACEMENT_3D('',#18804,#15353,#15354);
#12584=AXIS2_PLACEMENT_3D('',#18808,#15357,#15358);
#12585=AXIS2_PLACEMENT_3D('',#18811,#15361,#15362);
#12586=AXIS2_PLACEMENT_3D('',#18812,#15363,#15364);
#12587=AXIS2_PLACEMENT_3D('',#18819,#15369,#15370);
#12588=AXIS2_PLACEMENT_3D('',#18825,#15374,#15375);
#12589=AXIS2_PLACEMENT_3D('',#18827,#15377,#15378);
#12590=AXIS2_PLACEMENT_3D('',#18829,#15380,#15381);
#12591=AXIS2_PLACEMENT_3D('',#18830,#15382,#15383);
#12592=AXIS2_PLACEMENT_3D('',#18836,#15387,#15388);
#12593=AXIS2_PLACEMENT_3D('',#18839,#15391,#15392);
#12594=AXIS2_PLACEMENT_3D('',#18841,#15394,#15395);
#12595=AXIS2_PLACEMENT_3D('',#18842,#15396,#15397);
#12596=AXIS2_PLACEMENT_3D('',#18849,#15402,#15403);
#12597=AXIS2_PLACEMENT_3D('',#18855,#15407,#15408);
#12598=AXIS2_PLACEMENT_3D('',#18857,#15410,#15411);
#12599=AXIS2_PLACEMENT_3D('',#18859,#15413,#15414);
#12600=AXIS2_PLACEMENT_3D('',#18860,#15415,#15416);
#12601=AXIS2_PLACEMENT_3D('',#18864,#15419,#15420);
#12602=AXIS2_PLACEMENT_3D('',#18868,#15423,#15424);
#12603=AXIS2_PLACEMENT_3D('',#18871,#15427,#15428);
#12604=AXIS2_PLACEMENT_3D('',#18872,#15429,#15430);
#12605=AXIS2_PLACEMENT_3D('',#18879,#15435,#15436);
#12606=AXIS2_PLACEMENT_3D('',#18885,#15440,#15441);
#12607=AXIS2_PLACEMENT_3D('',#18887,#15443,#15444);
#12608=AXIS2_PLACEMENT_3D('',#18889,#15446,#15447);
#12609=AXIS2_PLACEMENT_3D('',#18890,#15448,#15449);
#12610=AXIS2_PLACEMENT_3D('',#18894,#15452,#15453);
#12611=AXIS2_PLACEMENT_3D('',#18898,#15456,#15457);
#12612=AXIS2_PLACEMENT_3D('',#18901,#15460,#15461);
#12613=AXIS2_PLACEMENT_3D('',#18902,#15462,#15463);
#12614=AXIS2_PLACEMENT_3D('',#18909,#15468,#15469);
#12615=AXIS2_PLACEMENT_3D('',#18915,#15473,#15474);
#12616=AXIS2_PLACEMENT_3D('',#18917,#15476,#15477);
#12617=AXIS2_PLACEMENT_3D('',#18919,#15479,#15480);
#12618=AXIS2_PLACEMENT_3D('',#18920,#15481,#15482);
#12619=AXIS2_PLACEMENT_3D('',#18926,#15486,#15487);
#12620=AXIS2_PLACEMENT_3D('',#18929,#15490,#15491);
#12621=AXIS2_PLACEMENT_3D('',#18931,#15493,#15494);
#12622=AXIS2_PLACEMENT_3D('',#18932,#15495,#15496);
#12623=AXIS2_PLACEMENT_3D('',#18939,#15501,#15502);
#12624=AXIS2_PLACEMENT_3D('',#18945,#15506,#15507);
#12625=AXIS2_PLACEMENT_3D('',#18947,#15509,#15510);
#12626=AXIS2_PLACEMENT_3D('',#18949,#15512,#15513);
#12627=AXIS2_PLACEMENT_3D('',#18950,#15514,#15515);
#12628=AXIS2_PLACEMENT_3D('',#18954,#15518,#15519);
#12629=AXIS2_PLACEMENT_3D('',#18958,#15522,#15523);
#12630=AXIS2_PLACEMENT_3D('',#18961,#15526,#15527);
#12631=AXIS2_PLACEMENT_3D('',#18962,#15528,#15529);
#12632=AXIS2_PLACEMENT_3D('',#18969,#15534,#15535);
#12633=AXIS2_PLACEMENT_3D('',#18975,#15539,#15540);
#12634=AXIS2_PLACEMENT_3D('',#18977,#15542,#15543);
#12635=AXIS2_PLACEMENT_3D('',#18979,#15545,#15546);
#12636=AXIS2_PLACEMENT_3D('',#18980,#15547,#15548);
#12637=AXIS2_PLACEMENT_3D('',#18984,#15551,#15552);
#12638=AXIS2_PLACEMENT_3D('',#18988,#15555,#15556);
#12639=AXIS2_PLACEMENT_3D('',#18991,#15559,#15560);
#12640=AXIS2_PLACEMENT_3D('',#18992,#15561,#15562);
#12641=AXIS2_PLACEMENT_3D('',#18999,#15567,#15568);
#12642=AXIS2_PLACEMENT_3D('',#19005,#15572,#15573);
#12643=AXIS2_PLACEMENT_3D('',#19007,#15575,#15576);
#12644=AXIS2_PLACEMENT_3D('',#19009,#15578,#15579);
#12645=AXIS2_PLACEMENT_3D('',#19010,#15580,#15581);
#12646=AXIS2_PLACEMENT_3D('',#19016,#15585,#15586);
#12647=AXIS2_PLACEMENT_3D('',#19019,#15589,#15590);
#12648=AXIS2_PLACEMENT_3D('',#19021,#15592,#15593);
#12649=AXIS2_PLACEMENT_3D('',#19022,#15594,#15595);
#12650=AXIS2_PLACEMENT_3D('',#19029,#15600,#15601);
#12651=AXIS2_PLACEMENT_3D('',#19035,#15605,#15606);
#12652=AXIS2_PLACEMENT_3D('',#19037,#15608,#15609);
#12653=AXIS2_PLACEMENT_3D('',#19039,#15611,#15612);
#12654=AXIS2_PLACEMENT_3D('',#19040,#15613,#15614);
#12655=AXIS2_PLACEMENT_3D('',#19044,#15617,#15618);
#12656=AXIS2_PLACEMENT_3D('',#19048,#15621,#15622);
#12657=AXIS2_PLACEMENT_3D('',#19051,#15625,#15626);
#12658=AXIS2_PLACEMENT_3D('',#19052,#15627,#15628);
#12659=AXIS2_PLACEMENT_3D('',#19059,#15633,#15634);
#12660=AXIS2_PLACEMENT_3D('',#19065,#15638,#15639);
#12661=AXIS2_PLACEMENT_3D('',#19067,#15641,#15642);
#12662=AXIS2_PLACEMENT_3D('',#19069,#15644,#15645);
#12663=AXIS2_PLACEMENT_3D('',#19070,#15646,#15647);
#12664=AXIS2_PLACEMENT_3D('',#19074,#15650,#15651);
#12665=AXIS2_PLACEMENT_3D('',#19078,#15654,#15655);
#12666=AXIS2_PLACEMENT_3D('',#19081,#15658,#15659);
#12667=AXIS2_PLACEMENT_3D('',#19082,#15660,#15661);
#12668=AXIS2_PLACEMENT_3D('',#19091,#15667,#15668);
#12669=AXIS2_PLACEMENT_3D('',#19097,#15672,#15673);
#12670=AXIS2_PLACEMENT_3D('',#19099,#15675,#15676);
#12671=AXIS2_PLACEMENT_3D('',#19101,#15678,#15679);
#12672=AXIS2_PLACEMENT_3D('',#19102,#15680,#15681);
#12673=AXIS2_PLACEMENT_3D('',#19122,#15687,#15688);
#12674=AXIS2_PLACEMENT_3D('',#19125,#15690,#15691);
#12675=AXIS2_PLACEMENT_3D('',#19127,#15693,#15694);
#12676=AXIS2_PLACEMENT_3D('',#19130,#15696,#15697);
#12677=AXIS2_PLACEMENT_3D('',#19131,#15698,#15699);
#12678=AXIS2_PLACEMENT_3D('',#19132,#15700,#15701);
#12679=AXIS2_PLACEMENT_3D('',#19133,#15702,#15703);
#12680=AXIS2_PLACEMENT_3D('',#19137,#15705,#15706);
#12681=AXIS2_PLACEMENT_3D('',#19141,#15708,#15709);
#12682=AXIS2_PLACEMENT_3D('',#19145,#15711,#15712);
#12683=AXIS2_PLACEMENT_3D('',#19146,#15713,#15714);
#12684=AXIS2_PLACEMENT_3D('',#19148,#15715,#15716);
#12685=AXIS2_PLACEMENT_3D('',#19152,#15718,#15719);
#12686=AXIS2_PLACEMENT_3D('',#19156,#15721,#15722);
#12687=AXIS2_PLACEMENT_3D('',#19158,#15724,#15725);
#12688=AXIS2_PLACEMENT_3D('',#19162,#15727,#15728);
#12689=AXIS2_PLACEMENT_3D('',#19164,#15730,#15731);
#12690=AXIS2_PLACEMENT_3D('',#19166,#15733,#15734);
#12691=AXIS2_PLACEMENT_3D('',#19169,#15736,#15737);
#12692=AXIS2_PLACEMENT_3D('',#19170,#15738,#15739);
#12693=AXIS2_PLACEMENT_3D('',#19172,#15740,#15741);
#12694=AXIS2_PLACEMENT_3D('',#19173,#15742,#15743);
#12695=AXIS2_PLACEMENT_3D('',#19174,#15744,#15745);
#12696=AXIS2_PLACEMENT_3D('',#19176,#15746,#15747);
#12697=AXIS2_PLACEMENT_3D('',#19178,#15749,#15750);
#12698=AXIS2_PLACEMENT_3D('',#19180,#15751,#15752);
#12699=AXIS2_PLACEMENT_3D('',#19181,#15753,#15754);
#12700=AXIS2_PLACEMENT_3D('',#19182,#15755,#15756);
#12701=AXIS2_PLACEMENT_3D('',#19184,#15757,#15758);
#12702=AXIS2_PLACEMENT_3D('',#19186,#15760,#15761);
#12703=AXIS2_PLACEMENT_3D('',#19187,#15762,#15763);
#12704=AXIS2_PLACEMENT_3D('',#19188,#15764,#15765);
#12705=AXIS2_PLACEMENT_3D('',#19189,#15766,#15767);
#12706=AXIS2_PLACEMENT_3D('',#19198,#15768,#15769);
#12707=AXIS2_PLACEMENT_3D('',#19201,#15771,#15772);
#12708=AXIS2_PLACEMENT_3D('',#19202,#15773,#15774);
#12709=AXIS2_PLACEMENT_3D('',#19206,#15777,#15778);
#12710=AXIS2_PLACEMENT_3D('',#19209,#15780,#15781);
#12711=AXIS2_PLACEMENT_3D('',#19210,#15782,#15783);
#12712=AXIS2_PLACEMENT_3D('',#19214,#15786,#15787);
#12713=AXIS2_PLACEMENT_3D('',#19217,#15789,#15790);
#12714=AXIS2_PLACEMENT_3D('',#19218,#15791,#15792);
#12715=AXIS2_PLACEMENT_3D('',#19220,#15794,#15795);
#12716=AXIS2_PLACEMENT_3D('',#19223,#15797,#15798);
#12717=AXIS2_PLACEMENT_3D('',#19224,#15799,#15800);
#12718=AXIS2_PLACEMENT_3D('',#19226,#15801,#15802);
#12719=AXIS2_PLACEMENT_3D('',#19227,#15803,#15804);
#12720=AXIS2_PLACEMENT_3D('',#19228,#15805,#15806);
#12721=AXIS2_PLACEMENT_3D('',#19231,#15807,#15808);
#12722=AXIS2_PLACEMENT_3D('',#19234,#15811,#15812);
#12723=AXIS2_PLACEMENT_3D('',#19237,#15813,#15814);
#12724=AXIS2_PLACEMENT_3D('',#19238,#15815,#15816);
#12725=AXIS2_PLACEMENT_3D('',#19239,#15817,#15818);
#12726=AXIS2_PLACEMENT_3D('',#19240,#15819,#15820);
#12727=AXIS2_PLACEMENT_3D('',#19243,#15821,#15822);
#12728=AXIS2_PLACEMENT_3D('',#19246,#15825,#15826);
#12729=AXIS2_PLACEMENT_3D('',#19249,#15827,#15828);
#12730=AXIS2_PLACEMENT_3D('',#19250,#15829,#15830);
#12731=AXIS2_PLACEMENT_3D('',#19251,#15831,#15832);
#12732=AXIS2_PLACEMENT_3D('',#19252,#15833,#15834);
#12733=AXIS2_PLACEMENT_3D('',#19255,#15837,#15838);
#12734=AXIS2_PLACEMENT_3D('',#19256,#15839,#15840);
#12735=AXIS2_PLACEMENT_3D('',#19258,#15841,#15842);
#12736=AXIS2_PLACEMENT_3D('',#19259,#15843,#15844);
#12737=AXIS2_PLACEMENT_3D('',#19260,#15845,#15846);
#12738=AXIS2_PLACEMENT_3D('',#19262,#15847,#15848);
#12739=AXIS2_PLACEMENT_3D('',#19264,#15850,#15851);
#12740=AXIS2_PLACEMENT_3D('',#19266,#15852,#15853);
#12741=AXIS2_PLACEMENT_3D('',#19267,#15854,#15855);
#12742=AXIS2_PLACEMENT_3D('',#19268,#15856,#15857);
#12743=AXIS2_PLACEMENT_3D('',#19270,#15858,#15859);
#12744=AXIS2_PLACEMENT_3D('',#19272,#15861,#15862);
#12745=AXIS2_PLACEMENT_3D('',#19273,#15863,#15864);
#12746=AXIS2_PLACEMENT_3D('',#19274,#15865,#15866);
#12747=AXIS2_PLACEMENT_3D('',#19277,#15868,#15869);
#12748=AXIS2_PLACEMENT_3D('',#19278,#15870,#15871);
#12749=AXIS2_PLACEMENT_3D('',#19282,#15874,#15875);
#12750=AXIS2_PLACEMENT_3D('',#19285,#15877,#15878);
#12751=AXIS2_PLACEMENT_3D('',#19286,#15879,#15880);
#12752=AXIS2_PLACEMENT_3D('',#19290,#15883,#15884);
#12753=AXIS2_PLACEMENT_3D('',#19291,#15885,#15886);
#12754=AXIS2_PLACEMENT_3D('',#19292,#15887,#15888);
#12755=AXIS2_PLACEMENT_3D('',#19295,#15890,#15891);
#12756=AXIS2_PLACEMENT_3D('',#19296,#15892,#15893);
#12757=AXIS2_PLACEMENT_3D('',#19298,#15894,#15895);
#12758=AXIS2_PLACEMENT_3D('',#19299,#15896,#15897);
#12759=AXIS2_PLACEMENT_3D('',#19300,#15898,#15899);
#12760=AXIS2_PLACEMENT_3D('',#19302,#15900,#15901);
#12761=AXIS2_PLACEMENT_3D('',#19304,#15903,#15904);
#12762=AXIS2_PLACEMENT_3D('',#19306,#15905,#15906);
#12763=AXIS2_PLACEMENT_3D('',#19307,#15907,#15908);
#12764=AXIS2_PLACEMENT_3D('',#19308,#15909,#15910);
#12765=AXIS2_PLACEMENT_3D('',#19310,#15911,#15912);
#12766=AXIS2_PLACEMENT_3D('',#19312,#15914,#15915);
#12767=AXIS2_PLACEMENT_3D('',#19313,#15916,#15917);
#12768=AXIS2_PLACEMENT_3D('',#19314,#15918,#15919);
#12769=AXIS2_PLACEMENT_3D('',#19315,#15920,#15921);
#12770=AXIS2_PLACEMENT_3D('',#19317,#15923,#15924);
#12771=AXIS2_PLACEMENT_3D('',#19319,#15926,#15927);
#12772=AXIS2_PLACEMENT_3D('',#19321,#15929,#15930);
#12773=AXIS2_PLACEMENT_3D('',#19323,#15932,#15933);
#12774=AXIS2_PLACEMENT_3D('',#19324,#15934,#15935);
#12775=AXIS2_PLACEMENT_3D('',#19325,#15936,#15937);
#12776=DIRECTION('axis',(0.,0.,1.));
#12777=DIRECTION('refdir',(1.,0.,0.));
#12778=DIRECTION('center_axis',(0.,-0.707106781186548,-0.707106781186547));
#12779=DIRECTION('ref_axis',(-1.,0.,0.));
#12780=DIRECTION('',(-1.,0.,0.));
#12781=DIRECTION('',(0.,0.707106781186547,-0.707106781186548));
#12782=DIRECTION('',(1.,0.,0.));
#12783=DIRECTION('',(0.577350269189629,-0.577350269189624,0.577350269189625));
#12784=DIRECTION('center_axis',(0.707106781186545,-0.70710678118655,0.));
#12785=DIRECTION('ref_axis',(0.,0.,-1.));
#12786=DIRECTION('',(0.,0.,-1.));
#12787=DIRECTION('',(0.577350269189629,0.577350269189624,0.577350269189624));
#12788=DIRECTION('',(0.,0.,1.));
#12789=DIRECTION('',(0.577350269189629,0.577350269189624,0.577350269189625));
#12790=DIRECTION('center_axis',(3.47715518845144E-33,-0.707106781186548,
0.707106781186547));
#12791=DIRECTION('ref_axis',(1.,0.,-4.917440025984E-33));
#12792=DIRECTION('',(1.,0.,-4.917440025984E-33));
#12793=DIRECTION('',(0.,0.707106781186547,0.707106781186548));
#12794=DIRECTION('',(-1.,0.,4.917440025984E-33));
#12795=DIRECTION('',(0.57735026918964,-0.577350269189618,-0.577350269189619));
#12796=DIRECTION('center_axis',(-0.707106781186534,-0.707106781186561,0.));
#12797=DIRECTION('ref_axis',(0.,0.,1.));
#12798=DIRECTION('',(0.,0.,-1.));
#12799=DIRECTION('',(0.577350269189641,-0.577350269189619,-0.577350269189618));
#12800=DIRECTION('',(0.,0.,1.));
#12801=DIRECTION('center_axis',(0.707106781186545,-0.70710678118655,0.));
#12802=DIRECTION('ref_axis',(0.,0.,-1.));
#12803=DIRECTION('',(0.,0.,-1.));
#12804=DIRECTION('',(0.577350269189629,0.577350269189624,0.577350269189624));
#12805=DIRECTION('',(0.,0.,1.));
#12806=DIRECTION('',(-0.577350269189629,-0.577350269189624,-0.577350269189625));
#12807=DIRECTION('center_axis',(0.707106781186534,-0.707106781186561,0.));
#12808=DIRECTION('ref_axis',(0.,0.,-1.));
#12809=DIRECTION('',(0.,0.,1.));
#12810=DIRECTION('',(-0.57735026918964,-0.577350269189618,-0.577350269189619));
#12811=DIRECTION('',(0.,0.,-1.));
#12812=DIRECTION('',(0.577350269189641,0.577350269189619,0.577350269189618));
#12813=DIRECTION('center_axis',(3.47715518845144E-33,-0.707106781186548,
0.707106781186547));
#12814=DIRECTION('ref_axis',(1.,0.,-4.917440025984E-33));
#12815=DIRECTION('',(-1.,0.,4.917440025984E-33));
#12816=DIRECTION('',(0.57735026918964,-0.577350269189618,-0.577350269189619));
#12817=DIRECTION('',(1.,0.,-4.917440025984E-33));
#12818=DIRECTION('center_axis',(-0.707106781186534,-0.707106781186561,0.));
#12819=DIRECTION('ref_axis',(0.,0.,1.));
#12820=DIRECTION('',(0.,0.,-1.));
#12821=DIRECTION('',(0.577350269189641,-0.577350269189619,-0.577350269189618));
#12822=DIRECTION('',(0.,0.,1.));
#12823=DIRECTION('center_axis',(0.707106781186545,-0.70710678118655,0.));
#12824=DIRECTION('ref_axis',(0.,0.,-1.));
#12825=DIRECTION('',(0.,0.,-1.));
#12826=DIRECTION('',(0.577350269189629,0.577350269189624,0.577350269189624));
#12827=DIRECTION('',(0.,0.,1.));
#12828=DIRECTION('',(-0.577350269189629,-0.577350269189624,-0.577350269189625));
#12829=DIRECTION('center_axis',(0.707106781186534,-0.707106781186561,0.));
#12830=DIRECTION('ref_axis',(0.,0.,-1.));
#12831=DIRECTION('',(0.,0.,1.));
#12832=DIRECTION('',(-0.57735026918964,-0.577350269189618,-0.577350269189619));
#12833=DIRECTION('',(0.,0.,-1.));
#12834=DIRECTION('',(0.577350269189641,0.577350269189619,0.577350269189618));
#12835=DIRECTION('center_axis',(3.47715518845144E-33,-0.707106781186548,
0.707106781186547));
#12836=DIRECTION('ref_axis',(1.,0.,-4.917440025984E-33));
#12837=DIRECTION('',(-1.,0.,4.917440025984E-33));
#12838=DIRECTION('',(0.57735026918964,-0.577350269189618,-0.577350269189619));
#12839=DIRECTION('',(1.,0.,-4.917440025984E-33));
#12840=DIRECTION('center_axis',(-0.707106781186534,-0.707106781186561,0.));
#12841=DIRECTION('ref_axis',(0.,0.,1.));
#12842=DIRECTION('',(0.,0.,-1.));
#12843=DIRECTION('',(0.577350269189641,-0.577350269189619,-0.577350269189618));
#12844=DIRECTION('',(0.,0.,1.));
#12845=DIRECTION('center_axis',(3.47715518845144E-33,-0.707106781186548,
0.707106781186547));
#12846=DIRECTION('ref_axis',(1.,0.,-4.917440025984E-33));
#12847=DIRECTION('',(1.,0.,-4.917440025984E-33));
#12848=DIRECTION('',(0.577350269189629,0.577350269189624,0.577350269189625));
#12849=DIRECTION('',(-1.,0.,4.917440025984E-33));
#12850=DIRECTION('',(0.577350269189629,-0.577350269189624,-0.577350269189625));
#12851=DIRECTION('center_axis',(0.707106781186545,-0.70710678118655,0.));
#12852=DIRECTION('ref_axis',(0.,0.,-1.));
#12853=DIRECTION('',(0.,0.,-1.));
#12854=DIRECTION('',(0.577350269189629,0.577350269189624,0.577350269189624));
#12855=DIRECTION('',(0.,0.,1.));
#12856=DIRECTION('center_axis',(3.47715518845144E-33,-0.707106781186548,
0.707106781186547));
#12857=DIRECTION('ref_axis',(1.,0.,-4.917440025984E-33));
#12858=DIRECTION('',(-1.,0.,4.917440025984E-33));
#12859=DIRECTION('',(0.57735026918964,-0.577350269189618,-0.577350269189619));
#12860=DIRECTION('',(1.,0.,-4.917440025984E-33));
#12861=DIRECTION('',(0.57735026918964,0.577350269189618,0.577350269189619));
#12862=DIRECTION('center_axis',(-0.707106781186534,-0.707106781186561,0.));
#12863=DIRECTION('ref_axis',(0.,0.,1.));
#12864=DIRECTION('',(0.,0.,-1.));
#12865=DIRECTION('',(0.577350269189641,-0.577350269189619,-0.577350269189618));
#12866=DIRECTION('',(0.,0.,1.));
#12867=DIRECTION('center_axis',(3.47715518845144E-33,-0.707106781186548,
0.707106781186547));
#12868=DIRECTION('ref_axis',(1.,0.,-4.917440025984E-33));
#12869=DIRECTION('',(1.,0.,-4.917440025984E-33));
#12870=DIRECTION('',(0.577350269189629,0.577350269189624,0.577350269189625));
#12871=DIRECTION('',(-1.,0.,4.917440025984E-33));
#12872=DIRECTION('',(0.577350269189629,-0.577350269189624,-0.577350269189625));
#12873=DIRECTION('center_axis',(0.707106781186545,-0.70710678118655,0.));
#12874=DIRECTION('ref_axis',(0.,0.,-1.));
#12875=DIRECTION('',(0.,0.,-1.));
#12876=DIRECTION('',(0.577350269189629,0.577350269189624,0.577350269189624));
#12877=DIRECTION('',(0.,0.,1.));
#12878=DIRECTION('center_axis',(3.47715518845144E-33,-0.707106781186548,
0.707106781186547));
#12879=DIRECTION('ref_axis',(1.,0.,-4.917440025984E-33));
#12880=DIRECTION('',(-1.,0.,4.917440025984E-33));
#12881=DIRECTION('',(0.57735026918964,-0.577350269189618,-0.577350269189619));
#12882=DIRECTION('',(1.,0.,-4.917440025984E-33));
#12883=DIRECTION('',(0.57735026918964,0.577350269189618,0.577350269189619));
#12884=DIRECTION('center_axis',(-0.707106781186534,-0.707106781186561,0.));
#12885=DIRECTION('ref_axis',(0.,0.,1.));
#12886=DIRECTION('',(0.,0.,-1.));
#12887=DIRECTION('',(0.577350269189641,-0.577350269189619,-0.577350269189618));
#12888=DIRECTION('',(0.,0.,1.));
#12889=DIRECTION('center_axis',(3.47715518845144E-33,-0.707106781186548,
0.707106781186547));
#12890=DIRECTION('ref_axis',(1.,0.,-4.917440025984E-33));
#12891=DIRECTION('',(1.,0.,-4.917440025984E-33));
#12892=DIRECTION('',(0.577350269189629,0.577350269189624,0.577350269189625));
#12893=DIRECTION('',(-1.,0.,4.917440025984E-33));
#12894=DIRECTION('',(0.577350269189629,-0.577350269189624,-0.577350269189625));
#12895=DIRECTION('center_axis',(0.707106781186545,-0.70710678118655,0.));
#12896=DIRECTION('ref_axis',(0.,0.,-1.));
#12897=DIRECTION('',(0.,0.,-1.));
#12898=DIRECTION('',(0.577350269189629,0.577350269189624,0.577350269189624));
#12899=DIRECTION('',(0.,0.,1.));
#12900=DIRECTION('center_axis',(3.47715518845144E-33,-0.707106781186548,
0.707106781186547));
#12901=DIRECTION('ref_axis',(1.,0.,-4.917440025984E-33));
#12902=DIRECTION('',(-1.,0.,4.917440025984E-33));
#12903=DIRECTION('',(0.57735026918964,-0.577350269189618,-0.577350269189619));
#12904=DIRECTION('',(1.,0.,-4.917440025984E-33));
#12905=DIRECTION('',(0.57735026918964,0.577350269189618,0.577350269189619));
#12906=DIRECTION('center_axis',(-0.707106781186534,-0.707106781186561,0.));
#12907=DIRECTION('ref_axis',(0.,0.,1.));
#12908=DIRECTION('',(0.,0.,-1.));
#12909=DIRECTION('',(0.577350269189641,-0.577350269189619,-0.577350269189618));
#12910=DIRECTION('',(0.,0.,1.));
#12911=DIRECTION('center_axis',(3.47715518845144E-33,-0.707106781186548,
0.707106781186547));
#12912=DIRECTION('ref_axis',(1.,0.,-4.917440025984E-33));
#12913=DIRECTION('',(1.,0.,-4.917440025984E-33));
#12914=DIRECTION('',(0.577350269189629,0.577350269189624,0.577350269189625));
#12915=DIRECTION('',(-1.,0.,4.917440025984E-33));
#12916=DIRECTION('',(0.577350269189629,-0.577350269189624,-0.577350269189625));
#12917=DIRECTION('center_axis',(0.707106781186545,-0.70710678118655,0.));
#12918=DIRECTION('ref_axis',(0.,0.,-1.));
#12919=DIRECTION('',(0.,0.,-1.));
#12920=DIRECTION('',(0.577350269189629,0.577350269189624,0.577350269189624));
#12921=DIRECTION('',(0.,0.,1.));
#12922=DIRECTION('center_axis',(3.47715518845144E-33,-0.707106781186548,
0.707106781186547));
#12923=DIRECTION('ref_axis',(1.,0.,-4.917440025984E-33));
#12924=DIRECTION('',(-1.,0.,4.917440025984E-33));
#12925=DIRECTION('',(0.57735026918964,-0.577350269189618,-0.577350269189619));
#12926=DIRECTION('',(1.,0.,-4.917440025984E-33));
#12927=DIRECTION('',(0.57735026918964,0.577350269189618,0.577350269189619));
#12928=DIRECTION('center_axis',(-0.707106781186534,-0.707106781186561,0.));
#12929=DIRECTION('ref_axis',(0.,0.,1.));
#12930=DIRECTION('',(0.,0.,-1.));
#12931=DIRECTION('',(0.577350269189641,-0.577350269189619,-0.577350269189618));
#12932=DIRECTION('',(0.,0.,1.));
#12933=DIRECTION('center_axis',(0.70710678118655,-0.707106781186545,0.));
#12934=DIRECTION('ref_axis',(0.,0.,-1.));
#12935=DIRECTION('',(0.,0.,-1.));
#12936=DIRECTION('',(0.577350269189624,0.577350269189627,0.577350269189627));
#12937=DIRECTION('',(0.,0.,1.));
#12938=DIRECTION('',(-0.577350269189623,-0.577350269189627,-0.577350269189627));
#12939=DIRECTION('center_axis',(0.707106781186534,-0.707106781186561,0.));
#12940=DIRECTION('ref_axis',(0.,0.,-1.));
#12941=DIRECTION('',(0.,0.,1.));
#12942=DIRECTION('',(-0.57735026918964,-0.577350269189618,-0.577350269189619));
#12943=DIRECTION('',(0.,0.,-1.));
#12944=DIRECTION('',(0.577350269189641,0.577350269189619,0.577350269189618));
#12945=DIRECTION('center_axis',(3.47715518845144E-33,-0.707106781186548,
0.707106781186547));
#12946=DIRECTION('ref_axis',(1.,0.,-4.917440025984E-33));
#12947=DIRECTION('',(-1.,0.,4.917440025984E-33));
#12948=DIRECTION('',(0.57735026918964,-0.577350269189618,-0.577350269189619));
#12949=DIRECTION('',(1.,0.,-4.917440025984E-33));
#12950=DIRECTION('center_axis',(-0.707106781186534,-0.707106781186561,0.));
#12951=DIRECTION('ref_axis',(0.,0.,1.));
#12952=DIRECTION('',(0.,0.,-1.));
#12953=DIRECTION('',(0.57735026918964,-0.577350269189619,-0.577350269189618));
#12954=DIRECTION('',(0.,0.,1.));
#12955=DIRECTION('center_axis',(0.70710678118655,-0.707106781186545,0.));
#12956=DIRECTION('ref_axis',(0.,0.,-1.));
#12957=DIRECTION('',(0.,0.,-1.));
#12958=DIRECTION('',(0.577350269189624,0.577350269189627,0.577350269189627));
#12959=DIRECTION('',(0.,0.,1.));
#12960=DIRECTION('',(-0.577350269189623,-0.577350269189627,-0.577350269189627));
#12961=DIRECTION('center_axis',(0.707106781186534,-0.707106781186561,0.));
#12962=DIRECTION('ref_axis',(0.,0.,-1.));
#12963=DIRECTION('',(0.,0.,1.));
#12964=DIRECTION('',(-0.57735026918964,-0.577350269189618,-0.577350269189619));
#12965=DIRECTION('',(0.,0.,-1.));
#12966=DIRECTION('',(0.577350269189641,0.577350269189619,0.577350269189618));
#12967=DIRECTION('center_axis',(3.47715518845144E-33,-0.707106781186548,
0.707106781186547));
#12968=DIRECTION('ref_axis',(1.,0.,-4.917440025984E-33));
#12969=DIRECTION('',(-1.,0.,4.917440025984E-33));
#12970=DIRECTION('',(0.57735026918964,-0.577350269189618,-0.577350269189619));
#12971=DIRECTION('',(1.,0.,-4.917440025984E-33));
#12972=DIRECTION('center_axis',(-0.707106781186534,-0.707106781186561,0.));
#12973=DIRECTION('ref_axis',(0.,0.,1.));
#12974=DIRECTION('',(0.,0.,-1.));
#12975=DIRECTION('',(0.577350269189641,-0.577350269189619,-0.577350269189618));
#12976=DIRECTION('',(0.,0.,1.));
#12977=DIRECTION('center_axis',(3.47715518845144E-33,-0.707106781186548,
0.707106781186547));
#12978=DIRECTION('ref_axis',(1.,0.,-4.917440025984E-33));
#12979=DIRECTION('',(1.,0.,-4.917440025984E-33));
#12980=DIRECTION('',(0.577350269189623,0.577350269189627,0.577350269189627));
#12981=DIRECTION('',(-1.,0.,4.917440025984E-33));
#12982=DIRECTION('',(0.577350269189623,-0.577350269189627,-0.577350269189628));
#12983=DIRECTION('center_axis',(0.70710678118655,-0.707106781186545,0.));
#12984=DIRECTION('ref_axis',(0.,0.,-1.));
#12985=DIRECTION('',(0.,0.,-1.));
#12986=DIRECTION('',(0.577350269189624,0.577350269189627,0.577350269189627));
#12987=DIRECTION('',(0.,0.,1.));
#12988=DIRECTION('center_axis',(3.47715518845144E-33,-0.707106781186548,
0.707106781186547));
#12989=DIRECTION('ref_axis',(1.,0.,-4.917440025984E-33));
#12990=DIRECTION('',(-1.,0.,4.917440025984E-33));
#12991=DIRECTION('',(0.57735026918964,-0.577350269189618,-0.577350269189619));
#12992=DIRECTION('',(1.,0.,-4.917440025984E-33));
#12993=DIRECTION('',(0.57735026918964,0.577350269189618,0.577350269189619));
#12994=DIRECTION('center_axis',(-0.707106781186534,-0.707106781186561,0.));
#12995=DIRECTION('ref_axis',(0.,0.,1.));
#12996=DIRECTION('',(0.,0.,-1.));
#12997=DIRECTION('',(0.577350269189641,-0.577350269189619,-0.577350269189618));
#12998=DIRECTION('',(0.,0.,1.));
#12999=DIRECTION('center_axis',(3.47715518845144E-33,-0.707106781186548,
0.707106781186547));
#13000=DIRECTION('ref_axis',(1.,0.,-4.917440025984E-33));
#13001=DIRECTION('',(1.,0.,-4.917440025984E-33));
#13002=DIRECTION('',(0.577350269189623,0.577350269189627,0.577350269189627));
#13003=DIRECTION('',(-1.,0.,4.917440025984E-33));
#13004=DIRECTION('',(0.577350269189623,-0.577350269189627,-0.577350269189627));
#13005=DIRECTION('center_axis',(0.70710678118655,-0.707106781186545,0.));
#13006=DIRECTION('ref_axis',(0.,0.,-1.));
#13007=DIRECTION('',(0.,0.,-1.));
#13008=DIRECTION('',(0.577350269189624,0.577350269189627,0.577350269189627));
#13009=DIRECTION('',(0.,0.,1.));
#13010=DIRECTION('center_axis',(3.47715518845144E-33,-0.707106781186548,
0.707106781186547));
#13011=DIRECTION('ref_axis',(1.,0.,-4.917440025984E-33));
#13012=DIRECTION('',(-1.,0.,4.917440025984E-33));
#13013=DIRECTION('',(0.57735026918964,-0.577350269189618,-0.577350269189619));
#13014=DIRECTION('',(1.,0.,-4.917440025984E-33));
#13015=DIRECTION('',(0.57735026918964,0.577350269189618,0.577350269189619));
#13016=DIRECTION('center_axis',(-0.707106781186534,-0.707106781186561,0.));
#13017=DIRECTION('ref_axis',(0.,0.,1.));
#13018=DIRECTION('',(0.,0.,-1.));
#13019=DIRECTION('',(0.577350269189641,-0.577350269189619,-0.577350269189618));
#13020=DIRECTION('',(0.,0.,1.));
#13021=DIRECTION('center_axis',(3.47715518845144E-33,-0.707106781186548,
0.707106781186547));
#13022=DIRECTION('ref_axis',(1.,0.,-4.917440025984E-33));
#13023=DIRECTION('',(1.,0.,-4.917440025984E-33));
#13024=DIRECTION('',(0.577350269189623,0.577350269189627,0.577350269189627));
#13025=DIRECTION('',(-1.,0.,4.917440025984E-33));
#13026=DIRECTION('',(0.577350269189623,-0.577350269189627,-0.577350269189628));
#13027=DIRECTION('center_axis',(0.70710678118655,-0.707106781186545,0.));
#13028=DIRECTION('ref_axis',(0.,0.,-1.));
#13029=DIRECTION('',(0.,0.,-1.));
#13030=DIRECTION('',(0.577350269189624,0.577350269189627,0.577350269189627));
#13031=DIRECTION('',(0.,0.,1.));
#13032=DIRECTION('center_axis',(3.47715518845144E-33,-0.707106781186548,
0.707106781186547));
#13033=DIRECTION('ref_axis',(1.,0.,-4.917440025984E-33));
#13034=DIRECTION('',(-1.,0.,4.917440025984E-33));
#13035=DIRECTION('',(0.577350269189618,-0.57735026918963,-0.57735026918963));
#13036=DIRECTION('',(1.,0.,-4.917440025984E-33));
#13037=DIRECTION('',(0.577350269189618,0.57735026918963,0.57735026918963));
#13038=DIRECTION('center_axis',(-0.707106781186555,-0.70710678118654,0.));
#13039=DIRECTION('ref_axis',(0.,0.,1.));
#13040=DIRECTION('',(0.,0.,-1.));
#13041=DIRECTION('',(0.577350269189618,-0.57735026918963,-0.57735026918963));
#13042=DIRECTION('',(0.,0.,1.));
#13043=DIRECTION('center_axis',(3.47715518845144E-33,-0.707106781186548,
0.707106781186547));
#13044=DIRECTION('ref_axis',(1.,0.,-4.917440025984E-33));
#13045=DIRECTION('',(1.,0.,-4.917440025984E-33));
#13046=DIRECTION('',(0.577350269189623,0.577350269189627,0.577350269189627));
#13047=DIRECTION('',(-1.,0.,4.917440025984E-33));
#13048=DIRECTION('',(0.577350269189623,-0.577350269189627,-0.577350269189627));
#13049=DIRECTION('center_axis',(0.70710678118655,-0.707106781186545,0.));
#13050=DIRECTION('ref_axis',(0.,0.,-1.));
#13051=DIRECTION('',(0.,0.,-1.));
#13052=DIRECTION('',(0.577350269189624,0.577350269189627,0.577350269189627));
#13053=DIRECTION('',(0.,0.,1.));
#13054=DIRECTION('center_axis',(3.47715518845144E-33,-0.707106781186548,
0.707106781186547));
#13055=DIRECTION('ref_axis',(1.,0.,-4.917440025984E-33));
#13056=DIRECTION('',(-1.,0.,4.917440025984E-33));
#13057=DIRECTION('',(0.577350269189618,-0.57735026918963,-0.57735026918963));
#13058=DIRECTION('',(1.,0.,-4.917440025984E-33));
#13059=DIRECTION('',(0.577350269189618,0.57735026918963,0.57735026918963));
#13060=DIRECTION('center_axis',(-0.707106781186555,-0.70710678118654,0.));
#13061=DIRECTION('ref_axis',(0.,0.,1.));
#13062=DIRECTION('',(0.,0.,-1.));
#13063=DIRECTION('',(0.577350269189618,-0.57735026918963,-0.57735026918963));
#13064=DIRECTION('',(0.,0.,1.));
#13065=DIRECTION('center_axis',(0.70710678118655,-0.707106781186545,0.));
#13066=DIRECTION('ref_axis',(0.,0.,-1.));
#13067=DIRECTION('',(0.,0.,-1.));
#13068=DIRECTION('',(0.577350269189624,0.577350269189627,0.577350269189627));
#13069=DIRECTION('',(0.,0.,1.));
#13070=DIRECTION('',(-0.577350269189623,-0.577350269189627,-0.577350269189627));
#13071=DIRECTION('center_axis',(0.707106781186555,-0.70710678118654,0.));
#13072=DIRECTION('ref_axis',(0.,0.,-1.));
#13073=DIRECTION('',(0.,0.,1.));
#13074=DIRECTION('',(-0.57735026918964,-0.577350269189618,-0.577350269189619));
#13075=DIRECTION('',(0.,0.,-1.));
#13076=DIRECTION('',(0.577350269189618,0.57735026918963,0.57735026918963));
#13077=DIRECTION('center_axis',(3.47715518845144E-33,-0.707106781186548,
0.707106781186547));
#13078=DIRECTION('ref_axis',(1.,0.,-4.917440025984E-33));
#13079=DIRECTION('',(-1.,0.,4.917440025984E-33));
#13080=DIRECTION('',(0.577350269189618,-0.57735026918963,-0.57735026918963));
#13081=DIRECTION('',(1.,0.,-4.917440025984E-33));
#13082=DIRECTION('center_axis',(-0.707106781186555,-0.70710678118654,0.));
#13083=DIRECTION('ref_axis',(0.,0.,1.));
#13084=DIRECTION('',(0.,0.,-1.));
#13085=DIRECTION('',(0.577350269189618,-0.57735026918963,-0.57735026918963));
#13086=DIRECTION('',(0.,0.,1.));
#13087=DIRECTION('center_axis',(0.70710678118655,-0.707106781186545,0.));
#13088=DIRECTION('ref_axis',(0.,0.,-1.));
#13089=DIRECTION('',(0.,0.,-1.));
#13090=DIRECTION('',(0.577350269189624,0.577350269189627,0.577350269189627));
#13091=DIRECTION('',(0.,0.,1.));
#13092=DIRECTION('',(-0.577350269189623,-0.577350269189627,-0.577350269189627));
#13093=DIRECTION('center_axis',(0.707106781186555,-0.70710678118654,0.));
#13094=DIRECTION('ref_axis',(0.,0.,-1.));
#13095=DIRECTION('',(0.,0.,1.));
#13096=DIRECTION('',(-0.57735026918964,-0.577350269189618,-0.577350269189619));
#13097=DIRECTION('',(0.,0.,-1.));
#13098=DIRECTION('',(0.577350269189618,0.57735026918963,0.57735026918963));
#13099=DIRECTION('center_axis',(3.47715518845144E-33,-0.707106781186548,
0.707106781186547));
#13100=DIRECTION('ref_axis',(1.,0.,-4.917440025984E-33));
#13101=DIRECTION('',(-1.,0.,4.917440025984E-33));
#13102=DIRECTION('',(0.577350269189618,-0.57735026918963,-0.57735026918963));
#13103=DIRECTION('',(1.,0.,-4.917440025984E-33));
#13104=DIRECTION('center_axis',(-0.707106781186555,-0.70710678118654,0.));
#13105=DIRECTION('ref_axis',(0.,0.,1.));
#13106=DIRECTION('',(0.,0.,-1.));
#13107=DIRECTION('',(0.577350269189618,-0.57735026918963,-0.57735026918963));
#13108=DIRECTION('',(0.,0.,1.));
#13109=DIRECTION('center_axis',(3.47715518845144E-33,-0.707106781186548,
0.707106781186547));
#13110=DIRECTION('ref_axis',(1.,0.,-4.917440025984E-33));
#13111=DIRECTION('',(1.,0.,-4.917440025984E-33));
#13112=DIRECTION('',(0.577350269189629,0.577350269189624,0.577350269189625));
#13113=DIRECTION('',(-1.,0.,4.917440025984E-33));
#13114=DIRECTION('',(0.577350269189629,-0.577350269189624,-0.577350269189625));
#13115=DIRECTION('center_axis',(0.707106781186545,-0.70710678118655,0.));
#13116=DIRECTION('ref_axis',(0.,0.,-1.));
#13117=DIRECTION('',(0.,0.,-1.));
#13118=DIRECTION('',(0.577350269189629,0.577350269189624,0.577350269189624));
#13119=DIRECTION('',(0.,0.,1.));
#13120=DIRECTION('center_axis',(3.47715518845144E-33,-0.707106781186548,
0.707106781186547));
#13121=DIRECTION('ref_axis',(1.,0.,-4.917440025984E-33));
#13122=DIRECTION('',(-1.,0.,4.917440025984E-33));
#13123=DIRECTION('',(0.577350269189618,-0.57735026918963,-0.57735026918963));
#13124=DIRECTION('',(1.,0.,-4.917440025984E-33));
#13125=DIRECTION('',(0.577350269189618,0.57735026918963,0.57735026918963));
#13126=DIRECTION('center_axis',(-0.707106781186555,-0.70710678118654,0.));
#13127=DIRECTION('ref_axis',(0.,0.,1.));
#13128=DIRECTION('',(0.,0.,-1.));
#13129=DIRECTION('',(0.577350269189618,-0.57735026918963,-0.57735026918963));
#13130=DIRECTION('',(0.,0.,1.));
#13131=DIRECTION('center_axis',(3.47715518845144E-33,-0.707106781186548,
0.707106781186547));
#13132=DIRECTION('ref_axis',(1.,0.,-4.917440025984E-33));
#13133=DIRECTION('',(1.,0.,-4.917440025984E-33));
#13134=DIRECTION('',(0.577350269189629,0.577350269189624,0.577350269189625));
#13135=DIRECTION('',(-1.,0.,4.917440025984E-33));
#13136=DIRECTION('',(0.577350269189629,-0.577350269189624,-0.577350269189625));
#13137=DIRECTION('center_axis',(0.707106781186545,-0.70710678118655,0.));
#13138=DIRECTION('ref_axis',(0.,0.,-1.));
#13139=DIRECTION('',(0.,0.,-1.));
#13140=DIRECTION('',(0.577350269189629,0.577350269189624,0.577350269189624));
#13141=DIRECTION('',(0.,0.,1.));
#13142=DIRECTION('center_axis',(3.47715518845144E-33,-0.707106781186548,
0.707106781186547));
#13143=DIRECTION('ref_axis',(1.,0.,-4.917440025984E-33));
#13144=DIRECTION('',(-1.,0.,4.917440025984E-33));
#13145=DIRECTION('',(0.577350269189618,-0.57735026918963,-0.57735026918963));
#13146=DIRECTION('',(1.,0.,-4.917440025984E-33));
#13147=DIRECTION('',(0.577350269189618,0.57735026918963,0.57735026918963));
#13148=DIRECTION('center_axis',(-0.707106781186555,-0.70710678118654,0.));
#13149=DIRECTION('ref_axis',(0.,0.,1.));
#13150=DIRECTION('',(0.,0.,-1.));
#13151=DIRECTION('',(0.577350269189618,-0.57735026918963,-0.57735026918963));
#13152=DIRECTION('',(0.,0.,1.));
#13153=DIRECTION('center_axis',(3.47715518845144E-33,-0.707106781186548,
0.707106781186547));
#13154=DIRECTION('ref_axis',(1.,0.,-4.917440025984E-33));
#13155=DIRECTION('',(1.,0.,-4.917440025984E-33));
#13156=DIRECTION('',(0.577350269189629,0.577350269189624,0.577350269189625));
#13157=DIRECTION('',(-1.,0.,4.917440025984E-33));
#13158=DIRECTION('',(0.577350269189629,-0.577350269189624,-0.577350269189625));
#13159=DIRECTION('center_axis',(0.707106781186545,-0.70710678118655,0.));
#13160=DIRECTION('ref_axis',(0.,0.,-1.));
#13161=DIRECTION('',(0.,0.,-1.));
#13162=DIRECTION('',(0.577350269189629,0.577350269189624,0.577350269189624));
#13163=DIRECTION('',(0.,0.,1.));
#13164=DIRECTION('center_axis',(3.47715518845144E-33,-0.707106781186548,
0.707106781186547));
#13165=DIRECTION('ref_axis',(1.,0.,-4.917440025984E-33));
#13166=DIRECTION('',(-1.,0.,4.917440025984E-33));
#13167=DIRECTION('',(0.577350269189618,-0.57735026918963,-0.57735026918963));
#13168=DIRECTION('',(1.,0.,-4.917440025984E-33));
#13169=DIRECTION('',(0.577350269189618,0.57735026918963,0.57735026918963));
#13170=DIRECTION('center_axis',(-0.707106781186555,-0.70710678118654,0.));
#13171=DIRECTION('ref_axis',(0.,0.,1.));
#13172=DIRECTION('',(0.,0.,-1.));
#13173=DIRECTION('',(0.577350269189618,-0.57735026918963,-0.57735026918963));
#13174=DIRECTION('',(0.,0.,1.));
#13175=DIRECTION('center_axis',(3.47715518845144E-33,-0.707106781186548,
0.707106781186547));
#13176=DIRECTION('ref_axis',(1.,0.,-4.917440025984E-33));
#13177=DIRECTION('',(1.,0.,-4.917440025984E-33));
#13178=DIRECTION('',(0.577350269189629,0.577350269189624,0.577350269189625));
#13179=DIRECTION('',(-1.,0.,4.917440025984E-33));
#13180=DIRECTION('',(0.577350269189629,-0.577350269189624,-0.577350269189625));
#13181=DIRECTION('center_axis',(0.707106781186545,-0.70710678118655,0.));
#13182=DIRECTION('ref_axis',(0.,0.,-1.));
#13183=DIRECTION('',(0.,0.,-1.));
#13184=DIRECTION('',(0.577350269189629,0.577350269189624,0.577350269189624));
#13185=DIRECTION('',(0.,0.,1.));
#13186=DIRECTION('center_axis',(3.47715518845144E-33,-0.707106781186548,
0.707106781186547));
#13187=DIRECTION('ref_axis',(1.,0.,-4.917440025984E-33));
#13188=DIRECTION('',(-1.,0.,4.917440025984E-33));
#13189=DIRECTION('',(0.577350269189618,-0.57735026918963,-0.57735026918963));
#13190=DIRECTION('',(1.,0.,-4.917440025984E-33));
#13191=DIRECTION('',(0.577350269189618,0.57735026918963,0.57735026918963));
#13192=DIRECTION('center_axis',(-0.707106781186555,-0.70710678118654,0.));
#13193=DIRECTION('ref_axis',(0.,0.,1.));
#13194=DIRECTION('',(0.,0.,-1.));
#13195=DIRECTION('',(0.577350269189618,-0.57735026918963,-0.57735026918963));
#13196=DIRECTION('',(0.,0.,1.));
#13197=DIRECTION('center_axis',(0.707106781186545,-0.70710678118655,0.));
#13198=DIRECTION('ref_axis',(0.,0.,-1.));
#13199=DIRECTION('',(0.,0.,-1.));
#13200=DIRECTION('',(0.577350269189629,0.577350269189624,0.577350269189624));
#13201=DIRECTION('',(0.,0.,1.));
#13202=DIRECTION('',(-0.577350269189629,-0.577350269189624,-0.577350269189625));
#13203=DIRECTION('center_axis',(0.707106781186555,-0.70710678118654,0.));
#13204=DIRECTION('ref_axis',(0.,0.,-1.));
#13205=DIRECTION('',(0.,0.,1.));
#13206=DIRECTION('',(-0.57735026918964,-0.577350269189618,-0.577350269189619));
#13207=DIRECTION('',(0.,0.,-1.));
#13208=DIRECTION('',(0.577350269189618,0.57735026918963,0.57735026918963));
#13209=DIRECTION('center_axis',(3.47715518845144E-33,-0.707106781186548,
0.707106781186547));
#13210=DIRECTION('ref_axis',(1.,0.,-4.917440025984E-33));
#13211=DIRECTION('',(-1.,0.,4.917440025984E-33));
#13212=DIRECTION('',(0.577350269189618,-0.57735026918963,-0.57735026918963));
#13213=DIRECTION('',(1.,0.,-4.917440025984E-33));
#13214=DIRECTION('center_axis',(-0.707106781186555,-0.70710678118654,0.));
#13215=DIRECTION('ref_axis',(0.,0.,1.));
#13216=DIRECTION('',(0.,0.,-1.));
#13217=DIRECTION('',(0.577350269189618,-0.57735026918963,-0.57735026918963));
#13218=DIRECTION('',(0.,0.,1.));
#13219=DIRECTION('center_axis',(0.707106781186545,-0.70710678118655,0.));
#13220=DIRECTION('ref_axis',(0.,0.,-1.));
#13221=DIRECTION('',(0.,0.,-1.));
#13222=DIRECTION('',(0.577350269189629,0.577350269189624,0.577350269189624));
#13223=DIRECTION('',(0.,0.,1.));
#13224=DIRECTION('',(-0.577350269189629,-0.577350269189624,-0.577350269189625));
#13225=DIRECTION('center_axis',(0.707106781186555,-0.70710678118654,0.));
#13226=DIRECTION('ref_axis',(0.,0.,-1.));
#13227=DIRECTION('',(0.,0.,1.));
#13228=DIRECTION('',(-0.57735026918964,-0.577350269189618,-0.577350269189619));
#13229=DIRECTION('',(0.,0.,-1.));
#13230=DIRECTION('',(0.577350269189618,0.57735026918963,0.57735026918963));
#13231=DIRECTION('center_axis',(3.47715518845144E-33,-0.707106781186548,
0.707106781186547));
#13232=DIRECTION('ref_axis',(1.,0.,-4.917440025984E-33));
#13233=DIRECTION('',(-1.,0.,4.917440025984E-33));
#13234=DIRECTION('',(0.577350269189618,-0.57735026918963,-0.57735026918963));
#13235=DIRECTION('',(1.,0.,-4.917440025984E-33));
#13236=DIRECTION('center_axis',(-0.707106781186555,-0.70710678118654,0.));
#13237=DIRECTION('ref_axis',(0.,0.,1.));
#13238=DIRECTION('',(0.,0.,-1.));
#13239=DIRECTION('',(0.577350269189618,-0.57735026918963,-0.57735026918963));
#13240=DIRECTION('',(0.,0.,1.));
#13241=DIRECTION('center_axis',(3.47715518845144E-33,-0.707106781186548,
0.707106781186547));
#13242=DIRECTION('ref_axis',(1.,0.,-4.917440025984E-33));
#13243=DIRECTION('',(1.,0.,-4.917440025984E-33));
#13244=DIRECTION('',(0.577350269189629,0.577350269189624,0.577350269189625));
#13245=DIRECTION('',(-1.,0.,4.917440025984E-33));
#13246=DIRECTION('',(0.577350269189629,-0.577350269189624,-0.577350269189625));
#13247=DIRECTION('center_axis',(0.707106781186545,-0.70710678118655,0.));
#13248=DIRECTION('ref_axis',(0.,0.,-1.));
#13249=DIRECTION('',(0.,0.,-1.));
#13250=DIRECTION('',(0.577350269189629,0.577350269189624,0.577350269189624));
#13251=DIRECTION('',(0.,0.,1.));
#13252=DIRECTION('center_axis',(3.47715518845144E-33,-0.707106781186548,
0.707106781186547));
#13253=DIRECTION('ref_axis',(1.,0.,-4.917440025984E-33));
#13254=DIRECTION('',(-1.,0.,4.917440025984E-33));
#13255=DIRECTION('',(0.577350269189618,-0.57735026918963,-0.57735026918963));
#13256=DIRECTION('',(1.,0.,-4.917440025984E-33));
#13257=DIRECTION('',(0.577350269189618,0.57735026918963,0.57735026918963));
#13258=DIRECTION('center_axis',(-0.707106781186555,-0.70710678118654,0.));
#13259=DIRECTION('ref_axis',(0.,0.,1.));
#13260=DIRECTION('',(0.,0.,-1.));
#13261=DIRECTION('',(0.577350269189618,-0.57735026918963,-0.57735026918963));
#13262=DIRECTION('',(0.,0.,1.));
#13263=DIRECTION('center_axis',(3.47715518845144E-33,-0.707106781186548,
0.707106781186547));
#13264=DIRECTION('ref_axis',(1.,0.,-4.917440025984E-33));
#13265=DIRECTION('',(1.,0.,-4.917440025984E-33));
#13266=DIRECTION('',(0.577350269189629,0.577350269189624,0.577350269189625));
#13267=DIRECTION('',(-1.,0.,4.917440025984E-33));
#13268=DIRECTION('',(0.577350269189629,-0.577350269189624,-0.577350269189625));
#13269=DIRECTION('center_axis',(0.707106781186545,-0.70710678118655,0.));
#13270=DIRECTION('ref_axis',(0.,0.,-1.));
#13271=DIRECTION('',(0.,0.,-1.));
#13272=DIRECTION('',(0.577350269189629,0.577350269189625,0.577350269189624));
#13273=DIRECTION('',(0.,0.,1.));
#13274=DIRECTION('center_axis',(3.47715518845144E-33,-0.707106781186548,
0.707106781186547));
#13275=DIRECTION('ref_axis',(1.,0.,-4.917440025984E-33));
#13276=DIRECTION('',(-1.,0.,4.917440025984E-33));
#13277=DIRECTION('',(0.577350269189618,-0.57735026918963,-0.57735026918963));
#13278=DIRECTION('',(1.,0.,-4.917440025984E-33));
#13279=DIRECTION('',(0.577350269189618,0.57735026918963,0.57735026918963));
#13280=DIRECTION('center_axis',(-0.707106781186555,-0.70710678118654,0.));
#13281=DIRECTION('ref_axis',(0.,0.,1.));
#13282=DIRECTION('',(0.,0.,-1.));
#13283=DIRECTION('',(0.577350269189618,-0.57735026918963,-0.57735026918963));
#13284=DIRECTION('',(0.,0.,1.));
#13285=DIRECTION('center_axis',(3.47715518845144E-33,-0.707106781186548,
0.707106781186547));
#13286=DIRECTION('ref_axis',(1.,0.,-4.917440025984E-33));
#13287=DIRECTION('',(1.,0.,-4.917440025984E-33));
#13288=DIRECTION('',(0.577350269189629,0.577350269189624,0.577350269189625));
#13289=DIRECTION('',(-1.,0.,4.917440025984E-33));
#13290=DIRECTION('',(0.577350269189629,-0.577350269189624,-0.577350269189625));
#13291=DIRECTION('center_axis',(0.707106781186545,-0.70710678118655,0.));
#13292=DIRECTION('ref_axis',(0.,0.,-1.));
#13293=DIRECTION('',(0.,0.,-1.));
#13294=DIRECTION('',(0.577350269189629,0.577350269189624,0.577350269189624));
#13295=DIRECTION('',(0.,0.,1.));
#13296=DIRECTION('center_axis',(3.47715518845144E-33,-0.707106781186548,
0.707106781186547));
#13297=DIRECTION('ref_axis',(1.,0.,-4.917440025984E-33));
#13298=DIRECTION('',(-1.,0.,4.917440025984E-33));
#13299=DIRECTION('',(0.577350269189618,-0.57735026918963,-0.57735026918963));
#13300=DIRECTION('',(1.,0.,-4.917440025984E-33));
#13301=DIRECTION('',(0.577350269189618,0.57735026918963,0.57735026918963));
#13302=DIRECTION('center_axis',(-0.707106781186555,-0.70710678118654,0.));
#13303=DIRECTION('ref_axis',(0.,0.,1.));
#13304=DIRECTION('',(0.,0.,-1.));
#13305=DIRECTION('',(0.577350269189618,-0.57735026918963,-0.57735026918963));
#13306=DIRECTION('',(0.,0.,1.));
#13307=DIRECTION('center_axis',(3.47715518845144E-33,-0.707106781186548,
0.707106781186547));
#13308=DIRECTION('ref_axis',(1.,0.,-4.917440025984E-33));
#13309=DIRECTION('',(1.,0.,-4.917440025984E-33));
#13310=DIRECTION('',(0.577350269189618,0.57735026918963,0.57735026918963));
#13311=DIRECTION('',(-1.,0.,4.917440025984E-33));
#13312=DIRECTION('',(0.577350269189629,-0.577350269189624,-0.577350269189625));
#13313=DIRECTION('center_axis',(0.707106781186555,-0.70710678118654,0.));
#13314=DIRECTION('ref_axis',(0.,0.,-1.));
#13315=DIRECTION('',(0.,0.,-1.));
#13316=DIRECTION('',(0.577350269189618,0.57735026918963,0.57735026918963));
#13317=DIRECTION('',(0.,0.,1.));
#13318=DIRECTION('center_axis',(3.47715518845144E-33,-0.707106781186548,
0.707106781186547));
#13319=DIRECTION('ref_axis',(1.,0.,-4.917440025984E-33));
#13320=DIRECTION('',(-1.,0.,4.917440025984E-33));
#13321=DIRECTION('',(0.577350269189618,-0.57735026918963,-0.57735026918963));
#13322=DIRECTION('',(1.,0.,-4.917440025984E-33));
#13323=DIRECTION('',(0.577350269189618,0.57735026918963,0.57735026918963));
#13324=DIRECTION('center_axis',(-0.707106781186555,-0.70710678118654,0.));
#13325=DIRECTION('ref_axis',(0.,0.,1.));
#13326=DIRECTION('',(0.,0.,-1.));
#13327=DIRECTION('',(0.577350269189618,-0.57735026918963,-0.57735026918963));
#13328=DIRECTION('',(0.,0.,1.));
#13329=DIRECTION('center_axis',(0.707106781186555,-0.70710678118654,0.));
#13330=DIRECTION('ref_axis',(0.,0.,-1.));
#13331=DIRECTION('',(0.,0.,-1.));
#13332=DIRECTION('',(0.577350269189618,0.57735026918963,0.57735026918963));
#13333=DIRECTION('',(0.,0.,1.));
#13334=DIRECTION('',(-0.577350269189618,-0.57735026918963,-0.57735026918963));
#13335=DIRECTION('center_axis',(0.707106781186555,-0.70710678118654,0.));
#13336=DIRECTION('ref_axis',(0.,0.,-1.));
#13337=DIRECTION('',(0.,0.,1.));
#13338=DIRECTION('',(-0.577350269189618,-0.57735026918963,-0.57735026918963));
#13339=DIRECTION('',(0.,0.,-1.));
#13340=DIRECTION('',(0.577350269189618,0.57735026918963,0.57735026918963));
#13341=DIRECTION('center_axis',(3.47715518845144E-33,-0.707106781186548,
0.707106781186547));
#13342=DIRECTION('ref_axis',(1.,0.,-4.917440025984E-33));
#13343=DIRECTION('',(-1.,0.,4.917440025984E-33));
#13344=DIRECTION('',(0.577350269189618,-0.57735026918963,-0.57735026918963));
#13345=DIRECTION('',(1.,0.,-4.917440025984E-33));
#13346=DIRECTION('center_axis',(-0.707106781186555,-0.70710678118654,0.));
#13347=DIRECTION('ref_axis',(0.,0.,1.));
#13348=DIRECTION('',(0.,0.,-1.));
#13349=DIRECTION('',(0.577350269189618,-0.57735026918963,-0.57735026918963));
#13350=DIRECTION('',(0.,0.,1.));
#13351=DIRECTION('center_axis',(0.707106781186555,-0.70710678118654,0.));
#13352=DIRECTION('ref_axis',(0.,0.,-1.));
#13353=DIRECTION('',(0.,0.,-1.));
#13354=DIRECTION('',(0.577350269189618,0.57735026918963,0.57735026918963));
#13355=DIRECTION('',(0.,0.,1.));
#13356=DIRECTION('',(-0.577350269189618,-0.57735026918963,-0.57735026918963));
#13357=DIRECTION('center_axis',(0.707106781186555,-0.70710678118654,0.));
#13358=DIRECTION('ref_axis',(0.,0.,-1.));
#13359=DIRECTION('',(0.,0.,1.));
#13360=DIRECTION('',(-0.577350269189618,-0.57735026918963,-0.57735026918963));
#13361=DIRECTION('',(0.,0.,-1.));
#13362=DIRECTION('',(0.577350269189618,0.57735026918963,0.57735026918963));
#13363=DIRECTION('center_axis',(3.47715518845144E-33,-0.707106781186548,
0.707106781186547));
#13364=DIRECTION('ref_axis',(1.,0.,-4.917440025984E-33));
#13365=DIRECTION('',(-1.,0.,4.917440025984E-33));
#13366=DIRECTION('',(0.577350269189618,-0.57735026918963,-0.57735026918963));
#13367=DIRECTION('',(1.,0.,-4.917440025984E-33));
#13368=DIRECTION('center_axis',(-0.707106781186555,-0.70710678118654,0.));
#13369=DIRECTION('ref_axis',(0.,0.,1.));
#13370=DIRECTION('',(0.,0.,-1.));
#13371=DIRECTION('',(0.577350269189618,-0.57735026918963,-0.57735026918963));
#13372=DIRECTION('',(0.,0.,1.));
#13373=DIRECTION('center_axis',(3.47715518845144E-33,-0.707106781186548,
0.707106781186547));
#13374=DIRECTION('ref_axis',(1.,0.,-4.917440025984E-33));
#13375=DIRECTION('',(1.,0.,-4.917440025984E-33));
#13376=DIRECTION('',(0.577350269189618,0.57735026918963,0.57735026918963));
#13377=DIRECTION('',(-1.,0.,4.917440025984E-33));
#13378=DIRECTION('',(0.577350269189618,-0.57735026918963,-0.57735026918963));
#13379=DIRECTION('center_axis',(0.707106781186555,-0.70710678118654,0.));
#13380=DIRECTION('ref_axis',(0.,0.,-1.));
#13381=DIRECTION('',(0.,0.,-1.));
#13382=DIRECTION('',(0.577350269189618,0.57735026918963,0.57735026918963));
#13383=DIRECTION('',(0.,0.,1.));
#13384=DIRECTION('center_axis',(3.47715518845144E-33,-0.707106781186548,
0.707106781186547));
#13385=DIRECTION('ref_axis',(1.,0.,-4.917440025984E-33));
#13386=DIRECTION('',(-1.,0.,4.917440025984E-33));
#13387=DIRECTION('',(0.577350269189618,-0.57735026918963,-0.57735026918963));
#13388=DIRECTION('',(1.,0.,-4.917440025984E-33));
#13389=DIRECTION('',(0.577350269189618,0.57735026918963,0.57735026918963));
#13390=DIRECTION('center_axis',(-0.707106781186555,-0.70710678118654,0.));
#13391=DIRECTION('ref_axis',(0.,0.,1.));
#13392=DIRECTION('',(0.,0.,-1.));
#13393=DIRECTION('',(0.577350269189618,-0.57735026918963,-0.57735026918963));
#13394=DIRECTION('',(0.,0.,1.));
#13395=DIRECTION('center_axis',(3.47715518845144E-33,-0.707106781186548,
0.707106781186547));
#13396=DIRECTION('ref_axis',(1.,0.,-4.917440025984E-33));
#13397=DIRECTION('',(1.,0.,-4.917440025984E-33));
#13398=DIRECTION('',(0.577350269189618,0.57735026918963,0.57735026918963));
#13399=DIRECTION('',(-1.,0.,4.917440025984E-33));
#13400=DIRECTION('',(0.577350269189618,-0.57735026918963,-0.57735026918963));
#13401=DIRECTION('center_axis',(0.707106781186555,-0.70710678118654,0.));
#13402=DIRECTION('ref_axis',(0.,0.,-1.));
#13403=DIRECTION('',(0.,0.,-1.));
#13404=DIRECTION('',(0.577350269189618,0.57735026918963,0.57735026918963));
#13405=DIRECTION('',(0.,0.,1.));
#13406=DIRECTION('center_axis',(3.47715518845144E-33,-0.707106781186548,
0.707106781186547));
#13407=DIRECTION('ref_axis',(1.,0.,-4.917440025984E-33));
#13408=DIRECTION('',(-1.,0.,4.917440025984E-33));
#13409=DIRECTION('',(0.577350269189618,-0.57735026918963,-0.57735026918963));
#13410=DIRECTION('',(1.,0.,-4.917440025984E-33));
#13411=DIRECTION('',(0.577350269189618,0.57735026918963,0.57735026918963));
#13412=DIRECTION('center_axis',(-0.707106781186555,-0.70710678118654,0.));
#13413=DIRECTION('ref_axis',(0.,0.,1.));
#13414=DIRECTION('',(0.,0.,-1.));
#13415=DIRECTION('',(0.577350269189618,-0.57735026918963,-0.57735026918963));
#13416=DIRECTION('',(0.,0.,1.));
#13417=DIRECTION('center_axis',(3.47715518845144E-33,-0.707106781186548,
0.707106781186547));
#13418=DIRECTION('ref_axis',(1.,0.,-4.917440025984E-33));
#13419=DIRECTION('',(1.,0.,-4.917440025984E-33));
#13420=DIRECTION('',(0.577350269189618,0.57735026918963,0.57735026918963));
#13421=DIRECTION('',(-1.,0.,4.917440025984E-33));
#13422=DIRECTION('',(0.577350269189618,-0.57735026918963,-0.57735026918963));
#13423=DIRECTION('center_axis',(0.707106781186555,-0.70710678118654,0.));
#13424=DIRECTION('ref_axis',(0.,0.,-1.));
#13425=DIRECTION('',(0.,0.,-1.));
#13426=DIRECTION('',(0.577350269189618,0.57735026918963,0.57735026918963));
#13427=DIRECTION('',(0.,0.,1.));
#13428=DIRECTION('center_axis',(3.47715518845144E-33,-0.707106781186548,
0.707106781186547));
#13429=DIRECTION('ref_axis',(1.,0.,-4.917440025984E-33));
#13430=DIRECTION('',(-1.,0.,4.917440025984E-33));
#13431=DIRECTION('',(0.577350269189618,-0.57735026918963,-0.57735026918963));
#13432=DIRECTION('',(1.,0.,-4.917440025984E-33));
#13433=DIRECTION('',(0.577350269189618,0.57735026918963,0.57735026918963));
#13434=DIRECTION('center_axis',(-0.707106781186555,-0.70710678118654,0.));
#13435=DIRECTION('ref_axis',(0.,0.,1.));
#13436=DIRECTION('',(0.,0.,-1.));
#13437=DIRECTION('',(0.577350269189618,-0.57735026918963,-0.57735026918963));
#13438=DIRECTION('',(0.,0.,1.));
#13439=DIRECTION('center_axis',(3.47715518845144E-33,-0.707106781186548,
0.707106781186547));
#13440=DIRECTION('ref_axis',(1.,0.,-4.917440025984E-33));
#13441=DIRECTION('',(1.,0.,-4.917440025984E-33));
#13442=DIRECTION('',(0.577350269189629,0.577350269189624,0.577350269189625));
#13443=DIRECTION('',(-1.,0.,4.917440025984E-33));
#13444=DIRECTION('',(0.577350269189618,-0.57735026918963,-0.57735026918963));
#13445=DIRECTION('center_axis',(0.707106781186545,-0.70710678118655,0.));
#13446=DIRECTION('ref_axis',(0.,0.,-1.));
#13447=DIRECTION('',(0.,0.,-1.));
#13448=DIRECTION('',(0.577350269189629,0.577350269189624,0.577350269189624));
#13449=DIRECTION('',(0.,0.,1.));
#13450=DIRECTION('center_axis',(3.47715518845144E-33,-0.707106781186548,
0.707106781186547));
#13451=DIRECTION('ref_axis',(1.,0.,-4.917440025984E-33));
#13452=DIRECTION('',(-1.,0.,4.917440025984E-33));
#13453=DIRECTION('',(0.577350269189618,-0.57735026918963,-0.57735026918963));
#13454=DIRECTION('',(1.,0.,-4.917440025984E-33));
#13455=DIRECTION('',(0.577350269189618,0.57735026918963,0.57735026918963));
#13456=DIRECTION('center_axis',(-0.707106781186555,-0.70710678118654,0.));
#13457=DIRECTION('ref_axis',(0.,0.,1.));
#13458=DIRECTION('',(0.,0.,-1.));
#13459=DIRECTION('',(0.577350269189618,-0.57735026918963,-0.57735026918963));
#13460=DIRECTION('',(0.,0.,1.));
#13461=DIRECTION('center_axis',(0.707106781186555,-0.70710678118654,0.));
#13462=DIRECTION('ref_axis',(0.,0.,-1.));
#13463=DIRECTION('',(0.,0.,-1.));
#13464=DIRECTION('',(0.577350269189618,0.57735026918963,0.57735026918963));
#13465=DIRECTION('',(0.,0.,1.));
#13466=DIRECTION('',(-0.577350269189618,-0.57735026918963,-0.57735026918963));
#13467=DIRECTION('center_axis',(0.707106781186555,-0.70710678118654,0.));
#13468=DIRECTION('ref_axis',(0.,0.,-1.));
#13469=DIRECTION('',(0.,0.,1.));
#13470=DIRECTION('',(-0.577350269189618,-0.57735026918963,-0.57735026918963));
#13471=DIRECTION('',(0.,0.,-1.));
#13472=DIRECTION('',(0.577350269189618,0.57735026918963,0.57735026918963));
#13473=DIRECTION('center_axis',(3.47715518845144E-33,-0.707106781186548,
0.707106781186547));
#13474=DIRECTION('ref_axis',(1.,0.,-4.917440025984E-33));
#13475=DIRECTION('',(-1.,0.,4.917440025984E-33));
#13476=DIRECTION('',(0.577350269189618,-0.57735026918963,-0.57735026918963));
#13477=DIRECTION('',(1.,0.,-4.917440025984E-33));
#13478=DIRECTION('center_axis',(-0.707106781186555,-0.70710678118654,0.));
#13479=DIRECTION('ref_axis',(0.,0.,1.));
#13480=DIRECTION('',(0.,0.,-1.));
#13481=DIRECTION('',(0.577350269189618,-0.57735026918963,-0.57735026918963));
#13482=DIRECTION('',(0.,0.,1.));
#13483=DIRECTION('center_axis',(0.707106781186555,-0.70710678118654,0.));
#13484=DIRECTION('ref_axis',(0.,0.,-1.));
#13485=DIRECTION('',(0.,0.,-1.));
#13486=DIRECTION('',(0.577350269189618,0.57735026918963,0.57735026918963));
#13487=DIRECTION('',(0.,0.,1.));
#13488=DIRECTION('',(-0.577350269189618,-0.57735026918963,-0.57735026918963));
#13489=DIRECTION('center_axis',(0.707106781186555,-0.70710678118654,0.));
#13490=DIRECTION('ref_axis',(0.,0.,-1.));
#13491=DIRECTION('',(0.,0.,1.));
#13492=DIRECTION('',(-0.577350269189618,-0.57735026918963,-0.57735026918963));
#13493=DIRECTION('',(0.,0.,-1.));
#13494=DIRECTION('',(0.577350269189618,0.57735026918963,0.57735026918963));
#13495=DIRECTION('center_axis',(3.47715518845144E-33,-0.707106781186548,
0.707106781186547));
#13496=DIRECTION('ref_axis',(1.,0.,-4.917440025984E-33));
#13497=DIRECTION('',(-1.,0.,4.917440025984E-33));
#13498=DIRECTION('',(0.577350269189618,-0.57735026918963,-0.57735026918963));
#13499=DIRECTION('',(1.,0.,-4.917440025984E-33));
#13500=DIRECTION('center_axis',(-0.707106781186555,-0.70710678118654,0.));
#13501=DIRECTION('ref_axis',(0.,0.,1.));
#13502=DIRECTION('',(0.,0.,-1.));
#13503=DIRECTION('',(0.577350269189618,-0.57735026918963,-0.57735026918963));
#13504=DIRECTION('',(0.,0.,1.));
#13505=DIRECTION('center_axis',(3.47715518845144E-33,-0.707106781186548,
0.707106781186547));
#13506=DIRECTION('ref_axis',(1.,0.,-4.917440025984E-33));
#13507=DIRECTION('',(1.,0.,-4.917440025984E-33));
#13508=DIRECTION('',(0.577350269189618,0.57735026918963,0.57735026918963));
#13509=DIRECTION('',(-1.,0.,4.917440025984E-33));
#13510=DIRECTION('',(0.577350269189618,-0.57735026918963,-0.57735026918963));
#13511=DIRECTION('center_axis',(0.707106781186555,-0.70710678118654,0.));
#13512=DIRECTION('ref_axis',(0.,0.,-1.));
#13513=DIRECTION('',(0.,0.,-1.));
#13514=DIRECTION('',(0.577350269189618,0.57735026918963,0.57735026918963));
#13515=DIRECTION('',(0.,0.,1.));
#13516=DIRECTION('center_axis',(3.47715518845144E-33,-0.707106781186548,
0.707106781186547));
#13517=DIRECTION('ref_axis',(1.,0.,-4.917440025984E-33));
#13518=DIRECTION('',(-1.,0.,4.917440025984E-33));
#13519=DIRECTION('',(0.577350269189618,-0.57735026918963,-0.57735026918963));
#13520=DIRECTION('',(1.,0.,-4.917440025984E-33));
#13521=DIRECTION('',(0.577350269189618,0.57735026918963,0.57735026918963));
#13522=DIRECTION('center_axis',(-0.707106781186555,-0.70710678118654,0.));
#13523=DIRECTION('ref_axis',(0.,0.,1.));
#13524=DIRECTION('',(0.,0.,-1.));
#13525=DIRECTION('',(0.577350269189618,-0.57735026918963,-0.57735026918963));
#13526=DIRECTION('',(0.,0.,1.));
#13527=DIRECTION('center_axis',(3.47715518845144E-33,-0.707106781186548,
0.707106781186547));
#13528=DIRECTION('ref_axis',(1.,0.,-4.917440025984E-33));
#13529=DIRECTION('',(1.,0.,-4.917440025984E-33));
#13530=DIRECTION('',(0.577350269189458,0.577350269189709,0.57735026918971));
#13531=DIRECTION('',(-1.,0.,4.917440025984E-33));
#13532=DIRECTION('',(0.577350269189618,-0.57735026918963,-0.57735026918963));
#13533=DIRECTION('center_axis',(0.707106781186555,-0.70710678118654,0.));
#13534=DIRECTION('ref_axis',(0.,0.,-1.));
#13535=DIRECTION('',(0.,0.,-1.));
#13536=DIRECTION('',(0.577350269189458,0.57735026918971,0.57735026918971));
#13537=DIRECTION('',(0.,0.,1.));
#13538=DIRECTION('center_axis',(3.47715518845144E-33,-0.707106781186548,
0.707106781186547));
#13539=DIRECTION('ref_axis',(1.,0.,-4.917440025984E-33));
#13540=DIRECTION('',(-1.,0.,4.917440025984E-33));
#13541=DIRECTION('',(0.577350269189618,-0.57735026918963,-0.57735026918963));
#13542=DIRECTION('',(1.,0.,-4.917440025984E-33));
#13543=DIRECTION('',(0.577350269189618,0.57735026918963,0.57735026918963));
#13544=DIRECTION('center_axis',(-0.707106781186555,-0.70710678118654,0.));
#13545=DIRECTION('ref_axis',(0.,0.,1.));
#13546=DIRECTION('',(0.,0.,1.));
#13547=DIRECTION('',(0.,0.,-1.));
#13548=DIRECTION('',(0.577350269189618,-0.57735026918963,-0.57735026918963));
#13549=DIRECTION('center_axis',(0.,-0.707106781186548,0.707106781186548));
#13550=DIRECTION('ref_axis',(1.,0.,0.));
#13551=DIRECTION('',(1.,0.,0.));
#13552=DIRECTION('',(-1.,0.,0.));
#13553=DIRECTION('center_axis',(0.707106781186555,-0.70710678118654,0.));
#13554=DIRECTION('ref_axis',(0.,0.,-1.));
#13555=DIRECTION('',(0.,0.,1.));
#13556=DIRECTION('',(0.,0.,-1.));
#13557=DIRECTION('',(0.577350269189618,0.57735026918963,0.57735026918963));
#13558=DIRECTION('center_axis',(0.,-0.707106781186547,0.707106781186548));
#13559=DIRECTION('ref_axis',(1.,0.,0.));
#13560=DIRECTION('',(-1.,0.,0.));
#13561=DIRECTION('',(1.,0.,0.));
#13562=DIRECTION('center_axis',(-0.707106781186555,-0.70710678118654,0.));
#13563=DIRECTION('ref_axis',(0.,0.,1.));
#13564=DIRECTION('',(0.,0.,1.));
#13565=DIRECTION('',(0.,0.,-1.));
#13566=DIRECTION('',(0.577350269189618,-0.57735026918963,-0.57735026918963));
#13567=DIRECTION('center_axis',(0.,-0.707106781186547,0.707106781186548));
#13568=DIRECTION('ref_axis',(1.,0.,0.));
#13569=DIRECTION('',(1.,0.,0.));
#13570=DIRECTION('',(-1.,0.,0.));
#13571=DIRECTION('center_axis',(0.707106781186555,-0.70710678118654,0.));
#13572=DIRECTION('ref_axis',(0.,0.,-1.));
#13573=DIRECTION('',(0.,0.,1.));
#13574=DIRECTION('',(0.,0.,-1.));
#13575=DIRECTION('',(0.577350269189618,0.57735026918963,0.57735026918963));
#13576=DIRECTION('center_axis',(0.,-0.707106781186547,0.707106781186548));
#13577=DIRECTION('ref_axis',(1.,0.,0.));
#13578=DIRECTION('',(-1.,0.,0.));
#13579=DIRECTION('',(1.,0.,0.));
#13580=DIRECTION('center_axis',(-0.707106781186555,-0.70710678118654,0.));
#13581=DIRECTION('ref_axis',(0.,0.,1.));
#13582=DIRECTION('',(0.,0.,1.));
#13583=DIRECTION('',(0.,0.,-1.));
#13584=DIRECTION('',(0.577350269189618,-0.57735026918963,-0.57735026918963));
#13585=DIRECTION('center_axis',(0.,-0.707106781186547,0.707106781186548));
#13586=DIRECTION('ref_axis',(1.,0.,0.));
#13587=DIRECTION('',(1.,0.,0.));
#13588=DIRECTION('',(-1.,0.,0.));
#13589=DIRECTION('center_axis',(0.,-0.707106781186547,0.707106781186548));
#13590=DIRECTION('ref_axis',(1.,0.,0.));
#13591=DIRECTION('',(-1.,0.,0.));
#13592=DIRECTION('',(1.,0.,0.));
#13593=DIRECTION('center_axis',(3.47715518845144E-33,-0.707106781186548,
0.707106781186547));
#13594=DIRECTION('ref_axis',(1.,0.,-4.917440025984E-33));
#13595=DIRECTION('',(1.,0.,-4.917440025984E-33));
#13596=DIRECTION('',(-1.,0.,4.917440025984E-33));
#13597=DIRECTION('',(0.577350269189618,-0.57735026918963,-0.57735026918963));
#13598=DIRECTION('center_axis',(-0.707106781186555,-0.70710678118654,0.));
#13599=DIRECTION('ref_axis',(0.,0.,1.));
#13600=DIRECTION('',(0.,0.,1.));
#13601=DIRECTION('',(0.,0.,-1.));
#13602=DIRECTION('',(0.577350269189618,-0.57735026918963,-0.57735026918963));
#13603=DIRECTION('center_axis',(0.,-0.707106781186547,0.707106781186548));
#13604=DIRECTION('ref_axis',(1.,0.,0.));
#13605=DIRECTION('',(1.,0.,0.));
#13606=DIRECTION('',(-1.,0.,0.));
#13607=DIRECTION('center_axis',(0.,-0.707106781186547,0.707106781186548));
#13608=DIRECTION('ref_axis',(1.,0.,0.));
#13609=DIRECTION('',(-1.,0.,0.));
#13610=DIRECTION('',(1.,0.,0.));
#13611=DIRECTION('center_axis',(3.47715518845144E-33,-0.707106781186548,
0.707106781186547));
#13612=DIRECTION('ref_axis',(1.,0.,-4.917440025984E-33));
#13613=DIRECTION('',(1.,0.,-4.917440025984E-33));
#13614=DIRECTION('',(-1.,0.,4.917440025984E-33));
#13615=DIRECTION('',(0.577350269189618,-0.57735026918963,-0.57735026918963));
#13616=DIRECTION('center_axis',(-0.707106781186555,-0.70710678118654,0.));
#13617=DIRECTION('ref_axis',(0.,0.,1.));
#13618=DIRECTION('',(0.,0.,1.));
#13619=DIRECTION('',(0.,0.,-1.));
#13620=DIRECTION('',(0.577350269189618,-0.57735026918963,-0.57735026918963));
#13621=DIRECTION('center_axis',(0.,-0.707106781186547,0.707106781186548));
#13622=DIRECTION('ref_axis',(1.,0.,0.));
#13623=DIRECTION('',(1.,0.,0.));
#13624=DIRECTION('',(-1.,0.,0.));
#13625=DIRECTION('center_axis',(0.707106781186555,-0.70710678118654,0.));
#13626=DIRECTION('ref_axis',(0.,0.,-1.));
#13627=DIRECTION('',(0.,0.,1.));
#13628=DIRECTION('',(0.,0.,-1.));
#13629=DIRECTION('',(0.577350269189618,0.57735026918963,0.57735026918963));
#13630=DIRECTION('center_axis',(0.,-0.707106781186547,0.707106781186548));
#13631=DIRECTION('ref_axis',(1.,0.,0.));
#13632=DIRECTION('',(-1.,0.,0.));
#13633=DIRECTION('',(1.,0.,0.));
#13634=DIRECTION('center_axis',(-0.707106781186555,-0.70710678118654,0.));
#13635=DIRECTION('ref_axis',(0.,0.,1.));
#13636=DIRECTION('',(0.,0.,1.));
#13637=DIRECTION('',(0.,0.,-1.));
#13638=DIRECTION('',(0.577350269189618,-0.57735026918963,-0.57735026918963));
#13639=DIRECTION('center_axis',(0.,-0.707106781186547,0.707106781186548));
#13640=DIRECTION('ref_axis',(1.,0.,0.));
#13641=DIRECTION('',(1.,0.,0.));
#13642=DIRECTION('',(-1.,0.,0.));
#13643=DIRECTION('center_axis',(0.707106781186555,-0.70710678118654,0.));
#13644=DIRECTION('ref_axis',(0.,0.,-1.));
#13645=DIRECTION('',(0.,0.,1.));
#13646=DIRECTION('',(0.,0.,-1.));
#13647=DIRECTION('',(0.577350269189618,0.57735026918963,0.57735026918963));
#13648=DIRECTION('center_axis',(0.,-0.707106781186547,0.707106781186548));
#13649=DIRECTION('ref_axis',(1.,0.,0.));
#13650=DIRECTION('',(-1.,0.,0.));
#13651=DIRECTION('',(1.,0.,0.));
#13652=DIRECTION('center_axis',(-0.707106781186555,-0.70710678118654,0.));
#13653=DIRECTION('ref_axis',(0.,0.,1.));
#13654=DIRECTION('',(0.,0.,1.));
#13655=DIRECTION('',(0.,0.,-1.));
#13656=DIRECTION('',(0.577350269189618,-0.57735026918963,-0.57735026918963));
#13657=DIRECTION('center_axis',(0.,-0.707106781186547,0.707106781186548));
#13658=DIRECTION('ref_axis',(1.,0.,0.));
#13659=DIRECTION('',(1.,0.,0.));
#13660=DIRECTION('',(-1.,0.,0.));
#13661=DIRECTION('center_axis',(0.707106781186555,-0.70710678118654,0.));
#13662=DIRECTION('ref_axis',(0.,0.,-1.));
#13663=DIRECTION('',(0.,0.,1.));
#13664=DIRECTION('',(0.,0.,-1.));
#13665=DIRECTION('',(0.577350269189618,0.57735026918963,0.57735026918963));
#13666=DIRECTION('center_axis',(0.,-0.707106781186547,0.707106781186548));
#13667=DIRECTION('ref_axis',(1.,0.,0.));
#13668=DIRECTION('',(-1.,0.,0.));
#13669=DIRECTION('',(1.,0.,0.));
#13670=DIRECTION('center_axis',(-0.707106781186555,-0.70710678118654,0.));
#13671=DIRECTION('ref_axis',(0.,0.,1.));
#13672=DIRECTION('',(0.,0.,1.));
#13673=DIRECTION('',(0.,0.,-1.));
#13674=DIRECTION('',(0.577350269189618,-0.57735026918963,-0.577350269189629));
#13675=DIRECTION('center_axis',(0.,-0.707106781186547,0.707106781186548));
#13676=DIRECTION('ref_axis',(1.,0.,0.));
#13677=DIRECTION('',(1.,0.,0.));
#13678=DIRECTION('',(-1.,0.,0.));
#13679=DIRECTION('center_axis',(0.707106781186555,-0.70710678118654,0.));
#13680=DIRECTION('ref_axis',(0.,0.,-1.));
#13681=DIRECTION('',(0.,0.,1.));
#13682=DIRECTION('',(0.,0.,-1.));
#13683=DIRECTION('',(0.577350269189618,0.57735026918963,0.57735026918963));
#13684=DIRECTION('center_axis',(0.,-0.707106781186547,0.707106781186548));
#13685=DIRECTION('ref_axis',(1.,0.,0.));
#13686=DIRECTION('',(-1.,0.,0.));
#13687=DIRECTION('',(1.,0.,0.));
#13688=DIRECTION('center_axis',(-0.707106781186555,-0.70710678118654,0.));
#13689=DIRECTION('ref_axis',(0.,0.,1.));
#13690=DIRECTION('',(0.,0.,1.));
#13691=DIRECTION('',(0.,0.,-1.));
#13692=DIRECTION('',(0.577350269189618,-0.57735026918963,-0.57735026918963));
#13693=DIRECTION('center_axis',(0.,-0.707106781186547,0.707106781186548));
#13694=DIRECTION('ref_axis',(1.,0.,0.));
#13695=DIRECTION('',(1.,0.,0.));
#13696=DIRECTION('',(-1.,0.,0.));
#13697=DIRECTION('center_axis',(0.,-0.707106781186547,0.707106781186548));
#13698=DIRECTION('ref_axis',(1.,0.,0.));
#13699=DIRECTION('',(-1.,0.,0.));
#13700=DIRECTION('',(1.,0.,0.));
#13701=DIRECTION('center_axis',(3.47715518845144E-33,-0.707106781186548,
0.707106781186547));
#13702=DIRECTION('ref_axis',(1.,0.,-4.917440025984E-33));
#13703=DIRECTION('',(1.,0.,-4.917440025984E-33));
#13704=DIRECTION('',(-1.,0.,4.917440025984E-33));
#13705=DIRECTION('',(0.577350269189618,-0.57735026918963,-0.57735026918963));
#13706=DIRECTION('center_axis',(-0.707106781186555,-0.70710678118654,0.));
#13707=DIRECTION('ref_axis',(0.,0.,1.));
#13708=DIRECTION('',(0.,0.,1.));
#13709=DIRECTION('',(0.,0.,-1.));
#13710=DIRECTION('',(0.577350269189618,-0.57735026918963,-0.57735026918963));
#13711=DIRECTION('center_axis',(0.,-0.707106781186547,0.707106781186548));
#13712=DIRECTION('ref_axis',(1.,0.,0.));
#13713=DIRECTION('',(1.,0.,0.));
#13714=DIRECTION('',(-1.,0.,0.));
#13715=DIRECTION('center_axis',(0.,-0.707106781186547,0.707106781186548));
#13716=DIRECTION('ref_axis',(1.,0.,0.));
#13717=DIRECTION('',(-1.,0.,0.));
#13718=DIRECTION('',(1.,0.,0.));
#13719=DIRECTION('center_axis',(3.47715518845144E-33,-0.707106781186548,
0.707106781186547));
#13720=DIRECTION('ref_axis',(1.,0.,-4.917440025984E-33));
#13721=DIRECTION('',(1.,0.,-4.917440025984E-33));
#13722=DIRECTION('',(-1.,0.,4.917440025984E-33));
#13723=DIRECTION('',(0.577350269189618,-0.577350269189629,-0.577350269189631));
#13724=DIRECTION('center_axis',(-0.707106781186555,-0.70710678118654,0.));
#13725=DIRECTION('ref_axis',(0.,0.,1.));
#13726=DIRECTION('',(0.,0.,1.));
#13727=DIRECTION('',(0.,0.,-1.));
#13728=DIRECTION('',(0.577350269189618,-0.577350269189629,-0.57735026918963));
#13729=DIRECTION('center_axis',(0.,-0.707106781186547,0.707106781186548));
#13730=DIRECTION('ref_axis',(1.,0.,0.));
#13731=DIRECTION('',(1.,0.,0.));
#13732=DIRECTION('',(-1.,0.,0.));
#13733=DIRECTION('center_axis',(0.707106781186555,-0.70710678118654,0.));
#13734=DIRECTION('ref_axis',(0.,0.,-1.));
#13735=DIRECTION('',(0.,0.,1.));
#13736=DIRECTION('',(0.,0.,-1.));
#13737=DIRECTION('',(0.577350269189618,0.57735026918963,0.57735026918963));
#13738=DIRECTION('center_axis',(0.,-0.707106781186547,0.707106781186548));
#13739=DIRECTION('ref_axis',(1.,0.,0.));
#13740=DIRECTION('',(-1.,0.,0.));
#13741=DIRECTION('',(1.,0.,0.));
#13742=DIRECTION('center_axis',(-0.707106781186545,-0.70710678118655,0.));
#13743=DIRECTION('ref_axis',(0.,0.,1.));
#13744=DIRECTION('',(0.,0.,1.));
#13745=DIRECTION('',(0.,0.,-1.));
#13746=DIRECTION('',(0.577350269189629,-0.577350269189624,-0.577350269189624));
#13747=DIRECTION('center_axis',(0.,-0.707106781186547,0.707106781186548));
#13748=DIRECTION('ref_axis',(1.,0.,0.));
#13749=DIRECTION('',(1.,0.,0.));
#13750=DIRECTION('',(-1.,0.,0.));
#13751=DIRECTION('center_axis',(0.707106781186555,-0.70710678118654,0.));
#13752=DIRECTION('ref_axis',(0.,0.,-1.));
#13753=DIRECTION('',(0.,0.,1.));
#13754=DIRECTION('',(0.,0.,-1.));
#13755=DIRECTION('',(0.577350269189618,0.57735026918963,0.57735026918963));
#13756=DIRECTION('center_axis',(0.,-0.707106781186547,0.707106781186548));
#13757=DIRECTION('ref_axis',(1.,0.,0.));
#13758=DIRECTION('',(-1.,0.,0.));
#13759=DIRECTION('',(1.,0.,0.));
#13760=DIRECTION('center_axis',(-0.707106781186544,-0.707106781186551,0.));
#13761=DIRECTION('ref_axis',(0.,0.,1.));
#13762=DIRECTION('',(0.,0.,1.));
#13763=DIRECTION('',(0.,0.,-1.));
#13764=DIRECTION('',(0.57735026918963,-0.577350269189624,-0.577350269189624));
#13765=DIRECTION('center_axis',(0.,-0.707106781186547,0.707106781186548));
#13766=DIRECTION('ref_axis',(1.,0.,0.));
#13767=DIRECTION('',(1.,0.,0.));
#13768=DIRECTION('',(-1.,0.,0.));
#13769=DIRECTION('center_axis',(0.707106781186555,-0.70710678118654,0.));
#13770=DIRECTION('ref_axis',(0.,0.,-1.));
#13771=DIRECTION('',(0.,0.,1.));
#13772=DIRECTION('',(0.,0.,-1.));
#13773=DIRECTION('',(0.577350269189618,0.57735026918963,0.57735026918963));
#13774=DIRECTION('center_axis',(0.,-0.707106781186547,0.707106781186548));
#13775=DIRECTION('ref_axis',(1.,0.,0.));
#13776=DIRECTION('',(-1.,0.,0.));
#13777=DIRECTION('',(1.,0.,0.));
#13778=DIRECTION('center_axis',(-0.707106781186545,-0.70710678118655,0.));
#13779=DIRECTION('ref_axis',(0.,0.,1.));
#13780=DIRECTION('',(0.,0.,1.));
#13781=DIRECTION('',(0.,0.,-1.));
#13782=DIRECTION('',(0.577350269189629,-0.577350269189624,-0.577350269189624));
#13783=DIRECTION('center_axis',(0.,-0.707106781186547,0.707106781186548));
#13784=DIRECTION('ref_axis',(1.,0.,0.));
#13785=DIRECTION('',(1.,0.,0.));
#13786=DIRECTION('',(-1.,0.,0.));
#13787=DIRECTION('center_axis',(0.707106781186555,-0.70710678118654,0.));
#13788=DIRECTION('ref_axis',(0.,0.,-1.));
#13789=DIRECTION('',(0.,0.,1.));
#13790=DIRECTION('',(0.,0.,-1.));
#13791=DIRECTION('',(0.577350269189618,0.57735026918963,0.57735026918963));
#13792=DIRECTION('center_axis',(0.,-0.707106781186547,0.707106781186548));
#13793=DIRECTION('ref_axis',(1.,0.,0.));
#13794=DIRECTION('',(-1.,0.,0.));
#13795=DIRECTION('',(1.,0.,0.));
#13796=DIRECTION('center_axis',(-0.707106781186544,-0.707106781186551,0.));
#13797=DIRECTION('ref_axis',(0.,0.,1.));
#13798=DIRECTION('',(0.,0.,1.));
#13799=DIRECTION('',(0.,0.,-1.));
#13800=DIRECTION('',(0.57735026918963,-0.577350269189624,-0.577350269189624));
#13801=DIRECTION('center_axis',(0.,-0.707106781186547,0.707106781186548));
#13802=DIRECTION('ref_axis',(1.,0.,0.));
#13803=DIRECTION('',(1.,0.,0.));
#13804=DIRECTION('',(-1.,0.,0.));
#13805=DIRECTION('center_axis',(0.,-0.707106781186547,0.707106781186548));
#13806=DIRECTION('ref_axis',(1.,0.,0.));
#13807=DIRECTION('',(-1.,0.,0.));
#13808=DIRECTION('',(1.,0.,0.));
#13809=DIRECTION('center_axis',(3.47715518845144E-33,-0.707106781186548,
0.707106781186547));
#13810=DIRECTION('ref_axis',(1.,0.,-4.917440025984E-33));
#13811=DIRECTION('',(1.,0.,-4.917440025984E-33));
#13812=DIRECTION('',(-1.,0.,4.917440025984E-33));
#13813=DIRECTION('',(0.577350269189629,-0.577350269189624,-0.577350269189625));
#13814=DIRECTION('center_axis',(-0.707106781186545,-0.70710678118655,0.));
#13815=DIRECTION('ref_axis',(0.,0.,1.));
#13816=DIRECTION('',(0.,0.,1.));
#13817=DIRECTION('',(0.,0.,-1.));
#13818=DIRECTION('',(0.577350269189629,-0.577350269189624,-0.577350269189624));
#13819=DIRECTION('center_axis',(0.,-0.707106781186547,0.707106781186548));
#13820=DIRECTION('ref_axis',(1.,0.,0.));
#13821=DIRECTION('',(1.,0.,0.));
#13822=DIRECTION('',(-1.,0.,0.));
#13823=DIRECTION('center_axis',(0.,-0.707106781186547,0.707106781186548));
#13824=DIRECTION('ref_axis',(1.,0.,0.));
#13825=DIRECTION('',(-1.,0.,0.));
#13826=DIRECTION('',(1.,0.,0.));
#13827=DIRECTION('center_axis',(3.47715518845144E-33,-0.707106781186548,
0.707106781186547));
#13828=DIRECTION('ref_axis',(1.,0.,-4.917440025984E-33));
#13829=DIRECTION('',(1.,0.,-4.917440025984E-33));
#13830=DIRECTION('',(-1.,0.,4.917440025984E-33));
#13831=DIRECTION('',(0.577350269189629,-0.577350269189624,-0.577350269189625));
#13832=DIRECTION('center_axis',(-0.707106781186544,-0.707106781186551,0.));
#13833=DIRECTION('ref_axis',(0.,0.,1.));
#13834=DIRECTION('',(0.,0.,1.));
#13835=DIRECTION('',(0.,0.,-1.));
#13836=DIRECTION('',(0.57735026918963,-0.577350269189624,-0.577350269189624));
#13837=DIRECTION('center_axis',(0.,-0.707106781186547,0.707106781186548));
#13838=DIRECTION('ref_axis',(1.,0.,0.));
#13839=DIRECTION('',(1.,0.,0.));
#13840=DIRECTION('',(-1.,0.,0.));
#13841=DIRECTION('center_axis',(0.707106781186555,-0.70710678118654,0.));
#13842=DIRECTION('ref_axis',(0.,0.,-1.));
#13843=DIRECTION('',(0.,0.,1.));
#13844=DIRECTION('',(0.,0.,-1.));
#13845=DIRECTION('',(0.577350269189618,0.57735026918963,0.57735026918963));
#13846=DIRECTION('center_axis',(0.,-0.707106781186547,0.707106781186548));
#13847=DIRECTION('ref_axis',(1.,0.,0.));
#13848=DIRECTION('',(-1.,0.,0.));
#13849=DIRECTION('',(1.,0.,0.));
#13850=DIRECTION('center_axis',(-0.707106781186545,-0.70710678118655,0.));
#13851=DIRECTION('ref_axis',(0.,0.,1.));
#13852=DIRECTION('',(0.,0.,1.));
#13853=DIRECTION('',(0.,0.,-1.));
#13854=DIRECTION('',(0.577350269189629,-0.577350269189624,-0.577350269189624));
#13855=DIRECTION('center_axis',(0.,-0.707106781186547,0.707106781186548));
#13856=DIRECTION('ref_axis',(1.,0.,0.));
#13857=DIRECTION('',(1.,0.,0.));
#13858=DIRECTION('',(-1.,0.,0.));
#13859=DIRECTION('center_axis',(0.707106781186555,-0.70710678118654,0.));
#13860=DIRECTION('ref_axis',(0.,0.,-1.));
#13861=DIRECTION('',(0.,0.,1.));
#13862=DIRECTION('',(0.,0.,-1.));
#13863=DIRECTION('',(0.577350269189618,0.57735026918963,0.57735026918963));
#13864=DIRECTION('center_axis',(0.,-0.707106781186547,0.707106781186548));
#13865=DIRECTION('ref_axis',(1.,0.,0.));
#13866=DIRECTION('',(-1.,0.,0.));
#13867=DIRECTION('',(1.,0.,0.));
#13868=DIRECTION('center_axis',(-0.707106781186544,-0.707106781186551,0.));
#13869=DIRECTION('ref_axis',(0.,0.,1.));
#13870=DIRECTION('',(0.,0.,1.));
#13871=DIRECTION('',(0.,0.,-1.));
#13872=DIRECTION('',(0.57735026918963,-0.577350269189624,-0.577350269189624));
#13873=DIRECTION('center_axis',(0.,-0.707106781186547,0.707106781186548));
#13874=DIRECTION('ref_axis',(1.,0.,0.));
#13875=DIRECTION('',(1.,0.,0.));
#13876=DIRECTION('',(-1.,0.,0.));
#13877=DIRECTION('center_axis',(0.707106781186555,-0.70710678118654,0.));
#13878=DIRECTION('ref_axis',(0.,0.,-1.));
#13879=DIRECTION('',(0.,0.,1.));
#13880=DIRECTION('',(0.,0.,-1.));
#13881=DIRECTION('',(0.577350269189618,0.57735026918963,0.57735026918963));
#13882=DIRECTION('center_axis',(0.,-0.707106781186547,0.707106781186548));
#13883=DIRECTION('ref_axis',(1.,0.,0.));
#13884=DIRECTION('',(-1.,0.,0.));
#13885=DIRECTION('',(1.,0.,0.));
#13886=DIRECTION('center_axis',(-0.707106781186545,-0.70710678118655,0.));
#13887=DIRECTION('ref_axis',(0.,0.,1.));
#13888=DIRECTION('',(0.,0.,1.));
#13889=DIRECTION('',(0.,0.,-1.));
#13890=DIRECTION('',(0.577350269189629,-0.577350269189624,-0.577350269189624));
#13891=DIRECTION('center_axis',(0.,-0.707106781186547,0.707106781186548));
#13892=DIRECTION('ref_axis',(1.,0.,0.));
#13893=DIRECTION('',(1.,0.,0.));
#13894=DIRECTION('',(-1.,0.,0.));
#13895=DIRECTION('center_axis',(0.707106781186555,-0.70710678118654,0.));
#13896=DIRECTION('ref_axis',(0.,0.,-1.));
#13897=DIRECTION('',(0.,0.,1.));
#13898=DIRECTION('',(0.,0.,-1.));
#13899=DIRECTION('',(0.577350269189618,0.57735026918963,0.57735026918963));
#13900=DIRECTION('center_axis',(0.,-0.707106781186547,0.707106781186548));
#13901=DIRECTION('ref_axis',(1.,0.,0.));
#13902=DIRECTION('',(-1.,0.,0.));
#13903=DIRECTION('',(1.,0.,0.));
#13904=DIRECTION('center_axis',(-0.707106781186544,-0.707106781186551,0.));
#13905=DIRECTION('ref_axis',(0.,0.,1.));
#13906=DIRECTION('',(0.,0.,1.));
#13907=DIRECTION('',(0.,0.,-1.));
#13908=DIRECTION('',(0.57735026918963,-0.577350269189624,-0.577350269189624));
#13909=DIRECTION('center_axis',(0.,-0.707106781186547,0.707106781186548));
#13910=DIRECTION('ref_axis',(1.,0.,0.));
#13911=DIRECTION('',(1.,0.,0.));
#13912=DIRECTION('',(-1.,0.,0.));
#13913=DIRECTION('center_axis',(0.,-0.707106781186547,0.707106781186548));
#13914=DIRECTION('ref_axis',(1.,0.,0.));
#13915=DIRECTION('',(-1.,0.,0.));
#13916=DIRECTION('',(1.,0.,0.));
#13917=DIRECTION('center_axis',(3.47715518845144E-33,-0.707106781186548,
0.707106781186547));
#13918=DIRECTION('ref_axis',(1.,0.,-4.917440025984E-33));
#13919=DIRECTION('',(1.,0.,-4.917440025984E-33));
#13920=DIRECTION('',(-1.,0.,4.917440025984E-33));
#13921=DIRECTION('',(0.577350269189623,-0.577350269189627,-0.577350269189627));
#13922=DIRECTION('center_axis',(-0.70710678118655,-0.707106781186545,0.));
#13923=DIRECTION('ref_axis',(0.,0.,1.));
#13924=DIRECTION('',(0.,0.,1.));
#13925=DIRECTION('',(0.,0.,-1.));
#13926=DIRECTION('',(0.577350269189624,-0.577350269189627,-0.577350269189627));
#13927=DIRECTION('center_axis',(0.,-0.707106781186547,0.707106781186548));
#13928=DIRECTION('ref_axis',(1.,0.,0.));
#13929=DIRECTION('',(1.,0.,0.));
#13930=DIRECTION('',(-1.,0.,0.));
#13931=DIRECTION('center_axis',(0.,-0.707106781186547,0.707106781186548));
#13932=DIRECTION('ref_axis',(1.,0.,0.));
#13933=DIRECTION('',(-1.,0.,0.));
#13934=DIRECTION('',(1.,0.,0.));
#13935=DIRECTION('center_axis',(3.47715518845144E-33,-0.707106781186548,
0.707106781186547));
#13936=DIRECTION('ref_axis',(1.,0.,-4.917440025984E-33));
#13937=DIRECTION('',(1.,0.,-4.917440025984E-33));
#13938=DIRECTION('',(-1.,0.,4.917440025984E-33));
#13939=DIRECTION('',(0.577350269189623,-0.577350269189627,-0.577350269189628));
#13940=DIRECTION('center_axis',(-0.707106781186549,-0.707106781186546,0.));
#13941=DIRECTION('ref_axis',(0.,0.,1.));
#13942=DIRECTION('',(0.,0.,1.));
#13943=DIRECTION('',(0.,0.,-1.));
#13944=DIRECTION('',(0.577350269189624,-0.577350269189627,-0.577350269189627));
#13945=DIRECTION('center_axis',(0.,-0.707106781186547,0.707106781186548));
#13946=DIRECTION('ref_axis',(1.,0.,0.));
#13947=DIRECTION('',(1.,0.,0.));
#13948=DIRECTION('',(-1.,0.,0.));
#13949=DIRECTION('center_axis',(0.707106781186555,-0.70710678118654,0.));
#13950=DIRECTION('ref_axis',(0.,0.,-1.));
#13951=DIRECTION('',(0.,0.,1.));
#13952=DIRECTION('',(0.,0.,-1.));
#13953=DIRECTION('',(0.577350269189618,0.57735026918963,0.57735026918963));
#13954=DIRECTION('center_axis',(0.,-0.707106781186547,0.707106781186548));
#13955=DIRECTION('ref_axis',(1.,0.,0.));
#13956=DIRECTION('',(-1.,0.,0.));
#13957=DIRECTION('',(1.,0.,0.));
#13958=DIRECTION('center_axis',(-0.70710678118655,-0.707106781186545,0.));
#13959=DIRECTION('ref_axis',(0.,0.,1.));
#13960=DIRECTION('',(0.,0.,1.));
#13961=DIRECTION('',(0.,0.,-1.));
#13962=DIRECTION('',(0.577350269189624,-0.577350269189627,-0.577350269189627));
#13963=DIRECTION('center_axis',(0.,-0.707106781186547,0.707106781186548));
#13964=DIRECTION('ref_axis',(1.,0.,0.));
#13965=DIRECTION('',(1.,0.,0.));
#13966=DIRECTION('',(-1.,0.,0.));
#13967=DIRECTION('center_axis',(0.707106781186555,-0.70710678118654,0.));
#13968=DIRECTION('ref_axis',(0.,0.,-1.));
#13969=DIRECTION('',(0.,0.,1.));
#13970=DIRECTION('',(0.,0.,-1.));
#13971=DIRECTION('',(0.577350269189618,0.57735026918963,0.57735026918963));
#13972=DIRECTION('center_axis',(0.,-0.707106781186547,0.707106781186548));
#13973=DIRECTION('ref_axis',(1.,0.,0.));
#13974=DIRECTION('',(-1.,0.,0.));
#13975=DIRECTION('',(1.,0.,0.));
#13976=DIRECTION('center_axis',(-0.707106781186549,-0.707106781186546,0.));
#13977=DIRECTION('ref_axis',(0.,0.,1.));
#13978=DIRECTION('',(0.,0.,1.));
#13979=DIRECTION('',(0.,0.,-1.));
#13980=DIRECTION('',(0.577350269189624,-0.577350269189627,-0.577350269189627));
#13981=DIRECTION('center_axis',(0.,-0.707106781186547,0.707106781186548));
#13982=DIRECTION('ref_axis',(1.,0.,0.));
#13983=DIRECTION('',(1.,0.,0.));
#13984=DIRECTION('',(-1.,0.,0.));
#13985=DIRECTION('center_axis',(0.707106781186534,-0.707106781186561,0.));
#13986=DIRECTION('ref_axis',(0.,0.,-1.));
#13987=DIRECTION('',(0.,0.,1.));
#13988=DIRECTION('',(0.,0.,-1.));
#13989=DIRECTION('',(0.577350269189641,0.577350269189619,0.577350269189618));
#13990=DIRECTION('center_axis',(0.,-0.707106781186547,0.707106781186548));
#13991=DIRECTION('ref_axis',(1.,0.,0.));
#13992=DIRECTION('',(-1.,0.,0.));
#13993=DIRECTION('',(1.,0.,0.));
#13994=DIRECTION('center_axis',(-0.70710678118655,-0.707106781186545,0.));
#13995=DIRECTION('ref_axis',(0.,0.,1.));
#13996=DIRECTION('',(0.,0.,1.));
#13997=DIRECTION('',(0.,0.,-1.));
#13998=DIRECTION('',(0.577350269189624,-0.577350269189627,-0.577350269189627));
#13999=DIRECTION('center_axis',(0.,-0.707106781186547,0.707106781186548));
#14000=DIRECTION('ref_axis',(1.,0.,0.));
#14001=DIRECTION('',(1.,0.,0.));
#14002=DIRECTION('',(-1.,0.,0.));
#14003=DIRECTION('center_axis',(0.707106781186534,-0.707106781186561,0.));
#14004=DIRECTION('ref_axis',(0.,0.,-1.));
#14005=DIRECTION('',(0.,0.,1.));
#14006=DIRECTION('',(0.,0.,-1.));
#14007=DIRECTION('',(0.577350269189641,0.577350269189619,0.577350269189618));
#14008=DIRECTION('center_axis',(0.,-0.707106781186547,0.707106781186548));
#14009=DIRECTION('ref_axis',(1.,0.,0.));
#14010=DIRECTION('',(-1.,0.,0.));
#14011=DIRECTION('',(1.,0.,0.));
#14012=DIRECTION('center_axis',(-0.707106781186549,-0.707106781186546,0.));
#14013=DIRECTION('ref_axis',(0.,0.,1.));
#14014=DIRECTION('',(0.,0.,1.));
#14015=DIRECTION('',(0.,0.,-1.));
#14016=DIRECTION('',(0.577350269189624,-0.577350269189627,-0.577350269189627));
#14017=DIRECTION('center_axis',(0.,-0.707106781186547,0.707106781186548));
#14018=DIRECTION('ref_axis',(1.,0.,0.));
#14019=DIRECTION('',(1.,0.,0.));
#14020=DIRECTION('',(-1.,0.,0.));
#14021=DIRECTION('center_axis',(0.,-0.707106781186547,0.707106781186548));
#14022=DIRECTION('ref_axis',(1.,0.,0.));
#14023=DIRECTION('',(-1.,0.,0.));
#14024=DIRECTION('',(1.,0.,0.));
#14025=DIRECTION('center_axis',(3.47715518845144E-33,-0.707106781186548,
0.707106781186547));
#14026=DIRECTION('ref_axis',(1.,0.,-4.917440025984E-33));
#14027=DIRECTION('',(1.,0.,-4.917440025984E-33));
#14028=DIRECTION('',(-1.,0.,4.917440025984E-33));
#14029=DIRECTION('',(0.577350269189623,-0.577350269189627,-0.577350269189627));
#14030=DIRECTION('center_axis',(-0.70710678118655,-0.707106781186545,0.));
#14031=DIRECTION('ref_axis',(0.,0.,1.));
#14032=DIRECTION('',(0.,0.,1.));
#14033=DIRECTION('',(0.,0.,-1.));
#14034=DIRECTION('',(0.577350269189624,-0.577350269189627,-0.577350269189627));
#14035=DIRECTION('center_axis',(0.,-0.707106781186547,0.707106781186548));
#14036=DIRECTION('ref_axis',(1.,0.,0.));
#14037=DIRECTION('',(1.,0.,0.));
#14038=DIRECTION('',(-1.,0.,0.));
#14039=DIRECTION('center_axis',(0.,-0.707106781186547,0.707106781186548));
#14040=DIRECTION('ref_axis',(1.,0.,0.));
#14041=DIRECTION('',(-1.,0.,0.));
#14042=DIRECTION('',(1.,0.,0.));
#14043=DIRECTION('center_axis',(3.47715518845144E-33,-0.707106781186548,
0.707106781186547));
#14044=DIRECTION('ref_axis',(1.,0.,-4.917440025984E-33));
#14045=DIRECTION('',(1.,0.,-4.917440025984E-33));
#14046=DIRECTION('',(-1.,0.,4.917440025984E-33));
#14047=DIRECTION('',(0.577350269189623,-0.577350269189627,-0.577350269189627));
#14048=DIRECTION('center_axis',(-0.70710678118655,-0.707106781186545,0.));
#14049=DIRECTION('ref_axis',(0.,0.,1.));
#14050=DIRECTION('',(0.,0.,1.));
#14051=DIRECTION('',(0.,0.,-1.));
#14052=DIRECTION('',(0.577350269189624,-0.577350269189627,-0.577350269189627));
#14053=DIRECTION('center_axis',(0.,-0.707106781186547,0.707106781186548));
#14054=DIRECTION('ref_axis',(1.,0.,0.));
#14055=DIRECTION('',(1.,0.,0.));
#14056=DIRECTION('',(-1.,0.,0.));
#14057=DIRECTION('center_axis',(0.707106781186534,-0.707106781186561,0.));
#14058=DIRECTION('ref_axis',(0.,0.,-1.));
#14059=DIRECTION('',(0.,0.,1.));
#14060=DIRECTION('',(0.,0.,-1.));
#14061=DIRECTION('',(0.577350269189641,0.577350269189619,0.577350269189618));
#14062=DIRECTION('center_axis',(0.,-0.707106781186547,0.707106781186548));
#14063=DIRECTION('ref_axis',(1.,0.,0.));
#14064=DIRECTION('',(-1.,0.,0.));
#14065=DIRECTION('',(1.,0.,0.));
#14066=DIRECTION('center_axis',(-0.707106781186544,-0.707106781186551,0.));
#14067=DIRECTION('ref_axis',(0.,0.,1.));
#14068=DIRECTION('',(0.,0.,1.));
#14069=DIRECTION('',(0.,0.,-1.));
#14070=DIRECTION('',(0.577350269189629,-0.577350269189624,-0.577350269189624));
#14071=DIRECTION('center_axis',(0.,-0.707106781186547,0.707106781186548));
#14072=DIRECTION('ref_axis',(1.,0.,0.));
#14073=DIRECTION('',(1.,0.,0.));
#14074=DIRECTION('',(-1.,0.,0.));
#14075=DIRECTION('center_axis',(0.707106781186534,-0.707106781186561,0.));
#14076=DIRECTION('ref_axis',(0.,0.,-1.));
#14077=DIRECTION('',(0.,0.,1.));
#14078=DIRECTION('',(0.,0.,-1.));
#14079=DIRECTION('',(0.577350269189641,0.577350269189619,0.577350269189618));
#14080=DIRECTION('center_axis',(0.,-0.707106781186547,0.707106781186548));
#14081=DIRECTION('ref_axis',(1.,0.,0.));
#14082=DIRECTION('',(-1.,0.,0.));
#14083=DIRECTION('',(1.,0.,0.));
#14084=DIRECTION('center_axis',(-0.707106781186545,-0.70710678118655,0.));
#14085=DIRECTION('ref_axis',(0.,0.,1.));
#14086=DIRECTION('',(0.,0.,1.));
#14087=DIRECTION('',(0.,0.,-1.));
#14088=DIRECTION('',(0.577350269189629,-0.577350269189624,-0.577350269189624));
#14089=DIRECTION('center_axis',(0.,-0.707106781186547,0.707106781186548));
#14090=DIRECTION('ref_axis',(1.,0.,0.));
#14091=DIRECTION('',(1.,0.,0.));
#14092=DIRECTION('',(-1.,0.,0.));
#14093=DIRECTION('center_axis',(0.707106781186534,-0.707106781186561,0.));
#14094=DIRECTION('ref_axis',(0.,0.,-1.));
#14095=DIRECTION('',(0.,0.,1.));
#14096=DIRECTION('',(0.,0.,-1.));
#14097=DIRECTION('',(0.577350269189641,0.577350269189619,0.577350269189618));
#14098=DIRECTION('center_axis',(0.,-0.707106781186547,0.707106781186548));
#14099=DIRECTION('ref_axis',(1.,0.,0.));
#14100=DIRECTION('',(-1.,0.,0.));
#14101=DIRECTION('',(1.,0.,0.));
#14102=DIRECTION('center_axis',(-0.707106781186544,-0.707106781186551,0.));
#14103=DIRECTION('ref_axis',(0.,0.,1.));
#14104=DIRECTION('',(0.,0.,1.));
#14105=DIRECTION('',(0.,0.,-1.));
#14106=DIRECTION('',(0.577350269189629,-0.577350269189624,-0.577350269189624));
#14107=DIRECTION('center_axis',(0.,-0.707106781186547,0.707106781186548));
#14108=DIRECTION('ref_axis',(1.,0.,0.));
#14109=DIRECTION('',(1.,0.,0.));
#14110=DIRECTION('',(-1.,0.,0.));
#14111=DIRECTION('center_axis',(0.707106781186534,-0.707106781186561,0.));
#14112=DIRECTION('ref_axis',(0.,0.,-1.));
#14113=DIRECTION('',(0.,0.,1.));
#14114=DIRECTION('',(0.,0.,-1.));
#14115=DIRECTION('',(0.57735026918964,0.577350269189619,0.577350269189618));
#14116=DIRECTION('center_axis',(0.,-0.707106781186547,0.707106781186548));
#14117=DIRECTION('ref_axis',(1.,0.,0.));
#14118=DIRECTION('',(-1.,0.,0.));
#14119=DIRECTION('',(1.,0.,0.));
#14120=DIRECTION('center_axis',(-0.707106781186545,-0.70710678118655,0.));
#14121=DIRECTION('ref_axis',(0.,0.,1.));
#14122=DIRECTION('',(0.,0.,1.));
#14123=DIRECTION('',(0.,0.,-1.));
#14124=DIRECTION('',(0.577350269189629,-0.577350269189624,-0.577350269189624));
#14125=DIRECTION('center_axis',(0.,-0.707106781186547,0.707106781186548));
#14126=DIRECTION('ref_axis',(1.,0.,0.));
#14127=DIRECTION('',(1.,0.,0.));
#14128=DIRECTION('',(-1.,0.,0.));
#14129=DIRECTION('center_axis',(0.,-0.707106781186547,0.707106781186548));
#14130=DIRECTION('ref_axis',(1.,0.,0.));
#14131=DIRECTION('',(-1.,0.,0.));
#14132=DIRECTION('',(1.,0.,0.));
#14133=DIRECTION('center_axis',(3.47715518845144E-33,-0.707106781186548,
0.707106781186547));
#14134=DIRECTION('ref_axis',(1.,0.,-4.917440025984E-33));
#14135=DIRECTION('',(1.,0.,-4.917440025984E-33));
#14136=DIRECTION('',(-1.,0.,4.917440025984E-33));
#14137=DIRECTION('',(0.577350269189629,-0.577350269189624,-0.577350269189625));
#14138=DIRECTION('center_axis',(-0.707106781186544,-0.707106781186551,0.));
#14139=DIRECTION('ref_axis',(0.,0.,1.));
#14140=DIRECTION('',(0.,0.,1.));
#14141=DIRECTION('',(0.,0.,-1.));
#14142=DIRECTION('',(0.577350269189629,-0.577350269189624,-0.577350269189624));
#14143=DIRECTION('center_axis',(0.,-0.707106781186547,0.707106781186548));
#14144=DIRECTION('ref_axis',(1.,0.,0.));
#14145=DIRECTION('',(1.,0.,0.));
#14146=DIRECTION('',(-1.,0.,0.));
#14147=DIRECTION('center_axis',(0.,-0.707106781186547,0.707106781186548));
#14148=DIRECTION('ref_axis',(1.,0.,0.));
#14149=DIRECTION('',(-1.,0.,0.));
#14150=DIRECTION('',(1.,0.,0.));
#14151=DIRECTION('center_axis',(3.47715518845144E-33,-0.707106781186548,
0.707106781186547));
#14152=DIRECTION('ref_axis',(1.,0.,-4.917440025984E-33));
#14153=DIRECTION('',(1.,0.,-4.917440025984E-33));
#14154=DIRECTION('',(-1.,0.,4.917440025984E-33));
#14155=DIRECTION('',(0.577350269189629,-0.577350269189624,-0.577350269189625));
#14156=DIRECTION('center_axis',(-0.707106781186545,-0.70710678118655,0.));
#14157=DIRECTION('ref_axis',(0.,0.,1.));
#14158=DIRECTION('',(0.,0.,1.));
#14159=DIRECTION('',(0.,0.,-1.));
#14160=DIRECTION('',(0.577350269189629,-0.577350269189624,-0.577350269189624));
#14161=DIRECTION('center_axis',(0.,1.,0.));
#14162=DIRECTION('ref_axis',(0.707106781186528,0.,0.707106781186568));
#14163=DIRECTION('',(0.707106781186561,0.707106781186534,0.));
#14164=DIRECTION('center_axis',(0.,-1.,0.));
#14165=DIRECTION('ref_axis',(0.707106781186527,0.,0.707106781186567));
#14166=DIRECTION('center_axis',(0.,1.,0.));
#14167=DIRECTION('ref_axis',(0.707106781186527,0.,0.707106781186567));
#14168=DIRECTION('center_axis',(0.707106781186534,-0.707106781186561,0.));
#14169=DIRECTION('ref_axis',(0.,0.,-1.));
#14170=DIRECTION('',(0.707106781186561,0.707106781186534,0.));
#14171=DIRECTION('',(0.,0.,1.));
#14172=DIRECTION('',(0.,0.,-1.));
#14173=DIRECTION('center_axis',(0.,1.,0.));
#14174=DIRECTION('ref_axis',(0.707106781186527,0.,-0.707106781186568));
#14175=DIRECTION('',(0.,0.707106781186538,-0.707106781186557));
#14176=DIRECTION('center_axis',(0.,-1.,0.));
#14177=DIRECTION('ref_axis',(0.707106781186527,0.,-0.707106781186568));
#14178=DIRECTION('center_axis',(0.,1.,0.));
#14179=DIRECTION('ref_axis',(0.707106781186527,0.,-0.707106781186568));
#14180=DIRECTION('center_axis',(0.,-0.707106781186548,-0.707106781186547));
#14181=DIRECTION('ref_axis',(-1.,0.,0.));
#14182=DIRECTION('',(1.,0.,0.));
#14183=DIRECTION('',(-1.,0.,0.));
#14184=DIRECTION('',(0.57735026918964,0.577350269189618,-0.577350269189619));
#14185=DIRECTION('center_axis',(0.,-0.707106781186547,0.707106781186548));
#14186=DIRECTION('ref_axis',(1.,0.,0.));
#14187=DIRECTION('',(1.,0.,0.));
#14188=DIRECTION('',(-1.,0.,0.));
#14189=DIRECTION('center_axis',(-0.707106781186545,-0.70710678118655,1.18794622023298E-60));
#14190=DIRECTION('ref_axis',(1.68000965602334E-60,0.,1.));
#14191=DIRECTION('',(-1.68000965602334E-60,0.,-1.));
#14192=DIRECTION('',(0.70710678118655,-0.707106781186545,0.));
#14193=DIRECTION('',(1.68000965602334E-60,0.,1.));
#14194=DIRECTION('center_axis',(0.,1.,0.));
#14195=DIRECTION('ref_axis',(-0.707106781186512,0.,-0.707106781186583));
#14196=DIRECTION('center_axis',(0.,-1.,0.));
#14197=DIRECTION('ref_axis',(-0.707106781186512,0.,-0.707106781186583));
#14198=DIRECTION('',(0.,-0.707106781186483,0.707106781186612));
#14199=DIRECTION('center_axis',(0.,1.,0.));
#14200=DIRECTION('ref_axis',(-0.707106781186512,0.,-0.707106781186583));
#14201=DIRECTION('center_axis',(0.,-0.707106622484855,-0.707106939888204));
#14202=DIRECTION('ref_axis',(-1.,0.,0.));
#14203=DIRECTION('',(0.,-0.707106939888201,0.707106622484858));
#14204=DIRECTION('',(-1.,0.,0.));
#14205=DIRECTION('',(1.,0.,0.));
#14206=DIRECTION('center_axis',(0.,1.,0.));
#14207=DIRECTION('ref_axis',(-0.707106781186532,0.,-0.707106781186563));
#14208=DIRECTION('center_axis',(0.,-1.,0.));
#14209=DIRECTION('ref_axis',(-0.707106781186532,0.,-0.707106781186563));
#14210=DIRECTION('',(-0.707106781186562,-0.707106781186533,0.));
#14211=DIRECTION('center_axis',(0.,1.,0.));
#14212=DIRECTION('ref_axis',(-0.707106781186532,0.,-0.707106781186563));
#14213=DIRECTION('center_axis',(0.707106781186534,-0.707106781186561,-1.18794622023296E-60));
#14214=DIRECTION('ref_axis',(-1.68000965602334E-60,0.,-1.));
#14215=DIRECTION('',(-1.68000965602334E-60,0.,-1.));
#14216=DIRECTION('',(1.68000965602334E-60,0.,1.));
#14217=DIRECTION('center_axis',(0.,1.,0.));
#14218=DIRECTION('ref_axis',(-0.707106781186552,0.,-0.707106781186543));
#14219=DIRECTION('',(-0.707106781186556,0.707106781186539,0.));
#14220=DIRECTION('center_axis',(0.,-1.,0.));
#14221=DIRECTION('ref_axis',(-0.707106781186552,0.,-0.707106781186543));
#14222=DIRECTION('center_axis',(0.,1.,0.));
#14223=DIRECTION('ref_axis',(-0.707106781186552,0.,-0.707106781186543));
#14224=DIRECTION('center_axis',(-0.707106781186555,-0.70710678118654,0.));
#14225=DIRECTION('ref_axis',(0.,0.,1.));
#14226=DIRECTION('',(-0.70710678118654,0.707106781186555,1.30841038223649E-15));
#14227=DIRECTION('',(0.,0.,-1.));
#14228=DIRECTION('',(0.,0.,1.));
#14229=DIRECTION('center_axis',(0.,1.,0.));
#14230=DIRECTION('ref_axis',(-0.707106781186548,0.,0.707106781186547));
#14231=DIRECTION('',(0.,0.707106781186548,0.707106781186548));
#14232=DIRECTION('center_axis',(0.,-1.,0.));
#14233=DIRECTION('ref_axis',(-0.707106781186548,0.,0.707106781186547));
#14234=DIRECTION('center_axis',(0.,1.,0.));
#14235=DIRECTION('ref_axis',(-0.707106781186548,0.,0.707106781186547));
#14236=DIRECTION('center_axis',(3.47715518845144E-33,-0.707106781186548,
0.707106781186547));
#14237=DIRECTION('ref_axis',(1.,0.,-4.917440025984E-33));
#14238=DIRECTION('',(-1.,0.,4.917440025984E-33));
#14239=DIRECTION('',(1.,0.,-4.917440025984E-33));
#14240=DIRECTION('center_axis',(0.,0.,-1.));
#14241=DIRECTION('ref_axis',(-1.,0.,0.));
#14242=DIRECTION('',(0.,-1.,0.));
#14243=DIRECTION('',(-1.,0.,0.));
#14244=DIRECTION('',(-8.90565451924305E-60,-1.,0.));
#14245=DIRECTION('center_axis',(0.,1.,0.));
#14246=DIRECTION('ref_axis',(-0.707106781186552,0.,-0.707106781186543));
#14247=DIRECTION('',(0.,1.,0.));
#14248=DIRECTION('center_axis',(0.,1.,0.));
#14249=DIRECTION('ref_axis',(0.,0.,-1.));
#14250=DIRECTION('center_axis',(-1.,0.,0.));
#14251=DIRECTION('ref_axis',(0.,0.,1.));
#14252=DIRECTION('',(0.,-1.,0.));
#14253=DIRECTION('center_axis',(1.,0.,0.));
#14254=DIRECTION('ref_axis',(0.,0.707106781186548,0.707106781186548));
#14255=DIRECTION('',(0.,0.,1.));
#14256=DIRECTION('center_axis',(1.,0.,0.));
#14257=DIRECTION('ref_axis',(0.,0.97324898946773,-0.229752920547361));
#14258=DIRECTION('',(0.,0.447213595499958,0.894427190999916));
#14259=DIRECTION('center_axis',(1.,0.,0.));
#14260=DIRECTION('ref_axis',(0.,0.525731112119133,-0.85065080835204));
#14261=DIRECTION('center_axis',(0.,1.,0.));
#14262=DIRECTION('ref_axis',(-0.707106781186548,0.,0.707106781186547));
#14263=DIRECTION('',(0.,1.,0.));
#14264=DIRECTION('center_axis',(0.,-1.,0.));
#14265=DIRECTION('ref_axis',(-3.60822483003176E-15,0.,1.));
#14266=DIRECTION('center_axis',(4.917440025984E-33,0.,1.));
#14267=DIRECTION('ref_axis',(1.,0.,-4.917440025984E-33));
#14268=DIRECTION('',(2.39150255270389E-37,1.,-1.1760070374909E-69));
#14269=DIRECTION('',(1.,0.,-4.917440025984E-33));
#14270=DIRECTION('center_axis',(-1.,2.39150255270389E-37,0.));
#14271=DIRECTION('ref_axis',(2.39150255270389E-37,1.,-2.28934894163857E-22));
#14272=DIRECTION('',(2.39150255270389E-37,1.,-2.28934894163857E-22));
#14273=DIRECTION('',(0.,0.,-1.));
#14274=DIRECTION('center_axis',(-1.,1.19575127635194E-37,8.40004828011668E-61));
#14275=DIRECTION('ref_axis',(-8.40004828011668E-61,0.,-1.));
#14276=DIRECTION('center_axis',(-1.,2.39150255270389E-37,0.));
#14277=DIRECTION('ref_axis',(0.,0.707106781186548,0.707106781186548));
#14278=DIRECTION('center_axis',(0.,0.,-1.));
#14279=DIRECTION('ref_axis',(-1.,0.,0.));
#14280=DIRECTION('',(-2.39150209427081E-37,-1.,2.74420100647171E-21));
#14281=DIRECTION('',(1.,-2.39150259442963E-37,-1.82260269476818E-23));
#14282=DIRECTION('center_axis',(1.,-2.39150209427081E-37,0.));
#14283=DIRECTION('ref_axis',(-2.39150209427081E-37,-1.,2.74420100647171E-21));
#14284=DIRECTION('',(-2.39150209427081E-37,-1.,1.17600681205918E-69));
#14285=DIRECTION('center_axis',(1.,-2.39150209427081E-37,0.));
#14286=DIRECTION('ref_axis',(0.,0.5,0.866025403784439));
#14287=DIRECTION('',(0.,0.,-1.));
#14288=DIRECTION('center_axis',(-1.,2.39150255270389E-37,0.));
#14289=DIRECTION('ref_axis',(2.39150255270389E-37,1.,-2.28934894163857E-22));
#14290=DIRECTION('',(2.39150255270389E-37,1.,-2.28934894163857E-22));
#14291=DIRECTION('',(0.,0.,-1.));
#14292=DIRECTION('',(2.39150255270389E-37,1.,-1.1760070374909E-69));
#14293=DIRECTION('center_axis',(0.,0.,-1.));
#14294=DIRECTION('ref_axis',(-1.,0.,0.));
#14295=DIRECTION('',(-2.39150133066116E-37,-1.,6.93386698731114E-21));
#14296=DIRECTION('',(1.,-2.39157934407558E-37,-3.35428864926836E-20));
#14297=DIRECTION('center_axis',(1.,-2.39150133066116E-37,0.));
#14298=DIRECTION('ref_axis',(-2.39150133066116E-37,-1.,6.93386698731114E-21));
#14299=DIRECTION('',(-2.39150133066116E-37,-1.,1.17600643655872E-69));
#14300=DIRECTION('',(0.,0.,-1.));
#14301=DIRECTION('center_axis',(4.917440025984E-33,0.,1.));
#14302=DIRECTION('ref_axis',(1.,0.,-4.917440025984E-33));
#14303=DIRECTION('',(1.,-2.39157934407558E-37,-4.917440025984E-33));
#14304=DIRECTION('',(2.39150255270389E-37,1.,-1.1760070374909E-69));
#14305=DIRECTION('',(1.,0.,-4.917440025984E-33));
#14306=DIRECTION('center_axis',(-1.,2.39150255270389E-37,0.));
#14307=DIRECTION('ref_axis',(2.39150255270389E-37,1.,-2.28934894163857E-22));
#14308=DIRECTION('',(2.39150255270389E-37,1.,-2.28934894163857E-22));
#14309=DIRECTION('',(0.,0.,-1.));
#14310=DIRECTION('center_axis',(-1.,2.39150255270389E-37,0.));
#14311=DIRECTION('ref_axis',(0.,0.5,0.866025403784439));
#14312=DIRECTION('center_axis',(0.,0.,-1.));
#14313=DIRECTION('ref_axis',(-1.,0.,0.));
#14314=DIRECTION('',(-2.39150209427081E-37,-1.,2.74420100647171E-21));
#14315=DIRECTION('',(1.,-2.39150259442963E-37,-1.82260269476818E-23));
#14316=DIRECTION('center_axis',(1.,-2.39150209427081E-37,0.));
#14317=DIRECTION('ref_axis',(-2.39150209427081E-37,-1.,2.74420100647171E-21));
#14318=DIRECTION('',(-2.39150209427081E-37,-1.,1.17600681205918E-69));
#14319=DIRECTION('center_axis',(1.,-2.39150209427081E-37,0.));
#14320=DIRECTION('ref_axis',(0.,0.5,0.866025403784439));
#14321=DIRECTION('',(0.,0.,-1.));
#14322=DIRECTION('center_axis',(-1.,2.39150255270389E-37,0.));
#14323=DIRECTION('ref_axis',(2.39150255270389E-37,1.,-2.28934894163857E-22));
#14324=DIRECTION('',(2.39150255270389E-37,1.,-2.28934894163857E-22));
#14325=DIRECTION('',(0.,0.,-1.));
#14326=DIRECTION('',(2.39150255270389E-37,1.,-1.1760070374909E-69));
#14327=DIRECTION('center_axis',(0.,0.,-1.));
#14328=DIRECTION('ref_axis',(-1.,0.,0.));
#14329=DIRECTION('',(-2.39150133066116E-37,-1.,6.93386698731114E-21));
#14330=DIRECTION('',(1.,-2.39157934407558E-37,-3.35428864926836E-20));
#14331=DIRECTION('center_axis',(1.,-2.39150133066116E-37,0.));
#14332=DIRECTION('ref_axis',(-2.39150133066116E-37,-1.,6.93386698731114E-21));
#14333=DIRECTION('',(-2.39150133066116E-37,-1.,1.17600643655872E-69));
#14334=DIRECTION('',(0.,0.,-1.));
#14335=DIRECTION('center_axis',(4.917440025984E-33,0.,1.));
#14336=DIRECTION('ref_axis',(1.,0.,-4.917440025984E-33));
#14337=DIRECTION('',(1.,-2.39157934407558E-37,-4.917440025984E-33));
#14338=DIRECTION('',(2.39150255270389E-37,1.,-1.1760070374909E-69));
#14339=DIRECTION('',(1.,0.,-4.917440025984E-33));
#14340=DIRECTION('center_axis',(-1.,2.39150255270389E-37,0.));
#14341=DIRECTION('ref_axis',(2.39150255270389E-37,1.,-2.28934894163857E-22));
#14342=DIRECTION('',(2.39150255270389E-37,1.,-2.28934894163857E-22));
#14343=DIRECTION('',(0.,0.,-1.));
#14344=DIRECTION('center_axis',(-1.,2.39150255270389E-37,0.));
#14345=DIRECTION('ref_axis',(0.,0.5,0.866025403784439));
#14346=DIRECTION('center_axis',(0.,0.,-1.));
#14347=DIRECTION('ref_axis',(-1.,0.,0.));
#14348=DIRECTION('',(-2.39150209427081E-37,-1.,2.74420100647171E-21));
#14349=DIRECTION('',(1.,-2.39150259442963E-37,-1.82260269476818E-23));
#14350=DIRECTION('center_axis',(1.,-2.39150209427081E-37,0.));
#14351=DIRECTION('ref_axis',(-2.39150209427081E-37,-1.,2.74420100647171E-21));
#14352=DIRECTION('',(-2.39150209427081E-37,-1.,1.17600681205918E-69));
#14353=DIRECTION('center_axis',(1.,-2.39150209427081E-37,0.));
#14354=DIRECTION('ref_axis',(0.,0.5,0.866025403784439));
#14355=DIRECTION('',(0.,0.,-1.));
#14356=DIRECTION('center_axis',(-1.,2.39150255270389E-37,0.));
#14357=DIRECTION('ref_axis',(2.39150255270389E-37,1.,-2.28934894163857E-22));
#14358=DIRECTION('',(2.39150255270389E-37,1.,-2.28934894163857E-22));
#14359=DIRECTION('',(0.,0.,-1.));
#14360=DIRECTION('',(2.39150255270389E-37,1.,-1.1760070374909E-69));
#14361=DIRECTION('center_axis',(0.,0.,-1.));
#14362=DIRECTION('ref_axis',(-1.,0.,0.));
#14363=DIRECTION('',(-2.39150133066116E-37,-1.,6.93386698731114E-21));
#14364=DIRECTION('',(1.,-2.39157934407558E-37,-3.35428864926836E-20));
#14365=DIRECTION('center_axis',(1.,-2.39150133066116E-37,0.));
#14366=DIRECTION('ref_axis',(-2.39150133066116E-37,-1.,6.93386698731114E-21));
#14367=DIRECTION('',(-2.39150133066116E-37,-1.,1.17600643655872E-69));
#14368=DIRECTION('',(0.,0.,-1.));
#14369=DIRECTION('center_axis',(4.917440025984E-33,0.,1.));
#14370=DIRECTION('ref_axis',(1.,0.,-4.917440025984E-33));
#14371=DIRECTION('',(1.,-2.39157934407558E-37,-4.917440025984E-33));
#14372=DIRECTION('',(2.39150255270389E-37,1.,-1.1760070374909E-69));
#14373=DIRECTION('',(1.,0.,-4.917440025984E-33));
#14374=DIRECTION('center_axis',(-1.,2.39150255270389E-37,0.));
#14375=DIRECTION('ref_axis',(2.39150255270389E-37,1.,-2.28934894163857E-22));
#14376=DIRECTION('',(2.39150255270389E-37,1.,-2.28934894163857E-22));
#14377=DIRECTION('',(0.,0.,-1.));
#14378=DIRECTION('center_axis',(-1.,2.39150255270389E-37,0.));
#14379=DIRECTION('ref_axis',(0.,0.5,0.866025403784439));
#14380=DIRECTION('center_axis',(0.,0.,-1.));
#14381=DIRECTION('ref_axis',(-1.,0.,0.));
#14382=DIRECTION('',(-2.39150209427081E-37,-1.,2.74420100647171E-21));
#14383=DIRECTION('',(1.,-2.39150259442963E-37,-1.82260269476818E-23));
#14384=DIRECTION('center_axis',(1.,-2.39150209427081E-37,0.));
#14385=DIRECTION('ref_axis',(-2.39150209427081E-37,-1.,2.74420100647171E-21));
#14386=DIRECTION('',(-2.39150209427081E-37,-1.,1.17600681205918E-69));
#14387=DIRECTION('center_axis',(1.,-2.39150209427081E-37,0.));
#14388=DIRECTION('ref_axis',(0.,0.5,0.866025403784439));
#14389=DIRECTION('',(0.,0.,-1.));
#14390=DIRECTION('center_axis',(-1.,2.39150255270389E-37,0.));
#14391=DIRECTION('ref_axis',(2.39150255270389E-37,1.,-2.28934894163857E-22));
#14392=DIRECTION('',(2.39150255270389E-37,1.,-2.28934894163857E-22));
#14393=DIRECTION('',(0.,0.,-1.));
#14394=DIRECTION('',(2.39150255270389E-37,1.,-1.1760070374909E-69));
#14395=DIRECTION('center_axis',(0.,0.,-1.));
#14396=DIRECTION('ref_axis',(-1.,0.,0.));
#14397=DIRECTION('',(-2.39150133066116E-37,-1.,6.93386698731114E-21));
#14398=DIRECTION('',(1.,-2.39157934407558E-37,-3.35428864926836E-20));
#14399=DIRECTION('center_axis',(1.,-2.39150133066116E-37,0.));
#14400=DIRECTION('ref_axis',(-2.39150133066116E-37,-1.,6.93386698731114E-21));
#14401=DIRECTION('',(-2.39150133066116E-37,-1.,1.17600643655872E-69));
#14402=DIRECTION('',(0.,0.,-1.));
#14403=DIRECTION('center_axis',(4.917440025984E-33,0.,1.));
#14404=DIRECTION('ref_axis',(1.,0.,-4.917440025984E-33));
#14405=DIRECTION('',(1.,-2.39157934407558E-37,-4.917440025984E-33));
#14406=DIRECTION('',(2.39150255270389E-37,1.,-1.1760070374909E-69));
#14407=DIRECTION('',(1.,0.,-4.917440025984E-33));
#14408=DIRECTION('center_axis',(-1.,2.39150255270389E-37,0.));
#14409=DIRECTION('ref_axis',(2.39150255270389E-37,1.,-2.28934894163857E-22));
#14410=DIRECTION('',(2.39150255270389E-37,1.,-2.28934894163857E-22));
#14411=DIRECTION('',(0.,0.,-1.));
#14412=DIRECTION('center_axis',(-1.,2.39150255270389E-37,0.));
#14413=DIRECTION('ref_axis',(0.,0.5,0.866025403784439));
#14414=DIRECTION('center_axis',(0.,0.,-1.));
#14415=DIRECTION('ref_axis',(-1.,0.,0.));
#14416=DIRECTION('',(-2.39150209427081E-37,-1.,2.74420100647171E-21));
#14417=DIRECTION('',(1.,-2.39150259442963E-37,-1.82260269476818E-23));
#14418=DIRECTION('center_axis',(1.,-2.39150209427081E-37,0.));
#14419=DIRECTION('ref_axis',(-2.39150209427081E-37,-1.,2.74420100647171E-21));
#14420=DIRECTION('',(-2.39150209427081E-37,-1.,1.17600681205918E-69));
#14421=DIRECTION('center_axis',(1.,-2.39150209427081E-37,0.));
#14422=DIRECTION('ref_axis',(0.,0.5,0.866025403784439));
#14423=DIRECTION('',(0.,0.,-1.));
#14424=DIRECTION('center_axis',(-1.,2.39150255270389E-37,0.));
#14425=DIRECTION('ref_axis',(2.39150255270389E-37,1.,-2.28934894163857E-22));
#14426=DIRECTION('',(2.39150255270389E-37,1.,-2.28934894163857E-22));
#14427=DIRECTION('',(0.,0.,-1.));
#14428=DIRECTION('',(2.39150255270389E-37,1.,-1.1760070374909E-69));
#14429=DIRECTION('center_axis',(0.,0.,-1.));
#14430=DIRECTION('ref_axis',(-1.,0.,0.));
#14431=DIRECTION('',(-2.39150133066116E-37,-1.,6.93386698731114E-21));
#14432=DIRECTION('',(1.,-2.39157934407558E-37,-3.35428864926836E-20));
#14433=DIRECTION('center_axis',(1.,-2.39150133066116E-37,0.));
#14434=DIRECTION('ref_axis',(-2.39150133066116E-37,-1.,6.93386698731114E-21));
#14435=DIRECTION('',(-2.39150133066116E-37,-1.,1.17600643655872E-69));
#14436=DIRECTION('',(0.,0.,-1.));
#14437=DIRECTION('center_axis',(4.917440025984E-33,0.,1.));
#14438=DIRECTION('ref_axis',(1.,0.,-4.917440025984E-33));
#14439=DIRECTION('',(1.,-2.39157934407558E-37,-4.917440025984E-33));
#14440=DIRECTION('',(2.39150255270389E-37,1.,-1.1760070374909E-69));
#14441=DIRECTION('',(1.,0.,-4.917440025984E-33));
#14442=DIRECTION('center_axis',(-1.,2.39150255270389E-37,0.));
#14443=DIRECTION('ref_axis',(2.39150255270389E-37,1.,-2.28934894163857E-22));
#14444=DIRECTION('',(2.39150255270389E-37,1.,-2.28934894163857E-22));
#14445=DIRECTION('',(0.,0.,-1.));
#14446=DIRECTION('center_axis',(-1.,2.39150255270389E-37,0.));
#14447=DIRECTION('ref_axis',(0.,0.5,0.866025403784439));
#14448=DIRECTION('center_axis',(0.,0.,-1.));
#14449=DIRECTION('ref_axis',(-1.,0.,0.));
#14450=DIRECTION('',(-2.39150209427081E-37,-1.,2.74420100647171E-21));
#14451=DIRECTION('',(1.,-2.39150259442963E-37,-1.82260269476818E-23));
#14452=DIRECTION('center_axis',(1.,-2.39150209427081E-37,0.));
#14453=DIRECTION('ref_axis',(-2.39150209427081E-37,-1.,2.74420100647171E-21));
#14454=DIRECTION('',(-2.39150209427081E-37,-1.,1.17600681205918E-69));
#14455=DIRECTION('center_axis',(1.,-2.39150209427081E-37,0.));
#14456=DIRECTION('ref_axis',(0.,0.5,0.866025403784439));
#14457=DIRECTION('',(0.,0.,-1.));
#14458=DIRECTION('center_axis',(-1.,2.39150255270389E-37,0.));
#14459=DIRECTION('ref_axis',(2.39150255270389E-37,1.,-2.28934894163857E-22));
#14460=DIRECTION('',(2.39150255270389E-37,1.,-2.28934894163857E-22));
#14461=DIRECTION('',(0.,0.,-1.));
#14462=DIRECTION('',(2.39150255270389E-37,1.,-1.1760070374909E-69));
#14463=DIRECTION('center_axis',(0.,0.,-1.));
#14464=DIRECTION('ref_axis',(-1.,0.,0.));
#14465=DIRECTION('',(-2.39150133066116E-37,-1.,6.93386698731114E-21));
#14466=DIRECTION('',(1.,-2.39157934407558E-37,-3.35428864926836E-20));
#14467=DIRECTION('center_axis',(1.,-2.39150133066116E-37,0.));
#14468=DIRECTION('ref_axis',(-2.39150133066116E-37,-1.,6.93386698731114E-21));
#14469=DIRECTION('',(-2.39150133066116E-37,-1.,1.17600643655872E-69));
#14470=DIRECTION('',(0.,0.,-1.));
#14471=DIRECTION('center_axis',(4.917440025984E-33,0.,1.));
#14472=DIRECTION('ref_axis',(1.,0.,-4.917440025984E-33));
#14473=DIRECTION('',(1.,-2.39157934407558E-37,-4.917440025984E-33));
#14474=DIRECTION('',(2.39150255270389E-37,1.,-1.1760070374909E-69));
#14475=DIRECTION('',(1.,0.,-4.917440025984E-33));
#14476=DIRECTION('center_axis',(-1.,2.39150255270389E-37,0.));
#14477=DIRECTION('ref_axis',(2.39150255270389E-37,1.,-2.28934894163857E-22));
#14478=DIRECTION('',(2.39150255270389E-37,1.,-2.28934894163857E-22));
#14479=DIRECTION('',(0.,0.,-1.));
#14480=DIRECTION('center_axis',(-1.,2.39150255270389E-37,0.));
#14481=DIRECTION('ref_axis',(0.,0.5,0.866025403784439));
#14482=DIRECTION('center_axis',(0.,0.,-1.));
#14483=DIRECTION('ref_axis',(-1.,0.,0.));
#14484=DIRECTION('',(-2.39150209427081E-37,-1.,2.74420100647171E-21));
#14485=DIRECTION('',(1.,-2.39150259442963E-37,-1.82260269476818E-23));
#14486=DIRECTION('center_axis',(1.,-2.39150209427081E-37,0.));
#14487=DIRECTION('ref_axis',(-2.39150209427081E-37,-1.,2.74420100647171E-21));
#14488=DIRECTION('',(-2.39150209427081E-37,-1.,1.17600681205918E-69));
#14489=DIRECTION('center_axis',(1.,-2.39150209427081E-37,0.));
#14490=DIRECTION('ref_axis',(0.,0.5,0.866025403784439));
#14491=DIRECTION('',(0.,0.,-1.));
#14492=DIRECTION('center_axis',(-1.,2.39150255270389E-37,0.));
#14493=DIRECTION('ref_axis',(2.39150255270389E-37,1.,-2.28934894163857E-22));
#14494=DIRECTION('',(2.39150255270389E-37,1.,-2.28934894163857E-22));
#14495=DIRECTION('',(0.,0.,-1.));
#14496=DIRECTION('',(2.39150255270389E-37,1.,-1.1760070374909E-69));
#14497=DIRECTION('center_axis',(0.,0.,-1.));
#14498=DIRECTION('ref_axis',(-1.,0.,0.));
#14499=DIRECTION('',(-2.39150133066116E-37,-1.,6.93386698731114E-21));
#14500=DIRECTION('',(1.,-2.39157934407558E-37,-3.35428864926836E-20));
#14501=DIRECTION('center_axis',(1.,-2.39150133066116E-37,0.));
#14502=DIRECTION('ref_axis',(-2.39150133066116E-37,-1.,6.93386698731114E-21));
#14503=DIRECTION('',(-2.39150133066116E-37,-1.,1.17600643655872E-69));
#14504=DIRECTION('',(0.,0.,-1.));
#14505=DIRECTION('center_axis',(4.917440025984E-33,0.,1.));
#14506=DIRECTION('ref_axis',(1.,0.,-4.917440025984E-33));
#14507=DIRECTION('',(1.,-2.39157934407558E-37,-4.917440025984E-33));
#14508=DIRECTION('',(2.39150255270389E-37,1.,-1.1760070374909E-69));
#14509=DIRECTION('',(1.,0.,-4.917440025984E-33));
#14510=DIRECTION('center_axis',(-1.,2.39150255270389E-37,0.));
#14511=DIRECTION('ref_axis',(2.39150255270389E-37,1.,-2.28934894163857E-22));
#14512=DIRECTION('',(2.39150255270389E-37,1.,-2.28934894163857E-22));
#14513=DIRECTION('',(0.,0.,-1.));
#14514=DIRECTION('center_axis',(-1.,2.39150255270389E-37,0.));
#14515=DIRECTION('ref_axis',(0.,0.5,0.866025403784439));
#14516=DIRECTION('center_axis',(0.,0.,-1.));
#14517=DIRECTION('ref_axis',(-1.,0.,0.));
#14518=DIRECTION('',(-2.39150209427081E-37,-1.,2.74420100647171E-21));
#14519=DIRECTION('',(1.,-2.39150259442963E-37,-1.82260269476818E-23));
#14520=DIRECTION('center_axis',(1.,-2.39150209427081E-37,0.));
#14521=DIRECTION('ref_axis',(-2.39150209427081E-37,-1.,2.74420100647171E-21));
#14522=DIRECTION('',(-2.39150209427081E-37,-1.,1.17600681205918E-69));
#14523=DIRECTION('center_axis',(1.,-2.39150209427081E-37,0.));
#14524=DIRECTION('ref_axis',(0.,0.5,0.866025403784439));
#14525=DIRECTION('',(0.,0.,-1.));
#14526=DIRECTION('center_axis',(-1.,2.39150255270389E-37,0.));
#14527=DIRECTION('ref_axis',(2.39150255270389E-37,1.,-2.28934894163857E-22));
#14528=DIRECTION('',(2.39150255270389E-37,1.,-2.28934894163857E-22));
#14529=DIRECTION('',(0.,0.,-1.));
#14530=DIRECTION('',(2.39150255270389E-37,1.,-1.1760070374909E-69));
#14531=DIRECTION('center_axis',(0.,0.,-1.));
#14532=DIRECTION('ref_axis',(-1.,0.,0.));
#14533=DIRECTION('',(-2.39150133066116E-37,-1.,6.93386698731114E-21));
#14534=DIRECTION('',(1.,-2.39157934407558E-37,-3.35428864926836E-20));
#14535=DIRECTION('center_axis',(1.,-2.39150133066116E-37,0.));
#14536=DIRECTION('ref_axis',(-2.39150133066116E-37,-1.,6.93386698731114E-21));
#14537=DIRECTION('',(-2.39150133066116E-37,-1.,1.17600643655872E-69));
#14538=DIRECTION('',(0.,0.,-1.));
#14539=DIRECTION('center_axis',(4.917440025984E-33,0.,1.));
#14540=DIRECTION('ref_axis',(1.,0.,-4.917440025984E-33));
#14541=DIRECTION('',(1.,-2.39157934407558E-37,-4.917440025984E-33));
#14542=DIRECTION('',(2.39150255270389E-37,1.,-1.1760070374909E-69));
#14543=DIRECTION('',(1.,0.,-4.917440025984E-33));
#14544=DIRECTION('center_axis',(-1.,2.39150255270389E-37,0.));
#14545=DIRECTION('ref_axis',(2.39150255270389E-37,1.,-2.28934894163857E-22));
#14546=DIRECTION('',(2.39150255270389E-37,1.,-2.28934894163857E-22));
#14547=DIRECTION('',(0.,0.,-1.));
#14548=DIRECTION('center_axis',(-1.,2.39150255270389E-37,0.));
#14549=DIRECTION('ref_axis',(0.,0.5,0.866025403784439));
#14550=DIRECTION('center_axis',(0.,0.,-1.));
#14551=DIRECTION('ref_axis',(-1.,0.,0.));
#14552=DIRECTION('',(-2.39150209427081E-37,-1.,2.74420100647171E-21));
#14553=DIRECTION('',(1.,-2.39150259442963E-37,-1.82260269476818E-23));
#14554=DIRECTION('center_axis',(1.,-2.39150209427081E-37,0.));
#14555=DIRECTION('ref_axis',(-2.39150209427081E-37,-1.,2.74420100647171E-21));
#14556=DIRECTION('',(-2.39150209427081E-37,-1.,1.17600681205918E-69));
#14557=DIRECTION('center_axis',(1.,-2.39150209427081E-37,0.));
#14558=DIRECTION('ref_axis',(0.,0.5,0.866025403784439));
#14559=DIRECTION('',(0.,0.,-1.));
#14560=DIRECTION('center_axis',(-1.,2.39150255270389E-37,0.));
#14561=DIRECTION('ref_axis',(2.39150255270389E-37,1.,-2.28934894163857E-22));
#14562=DIRECTION('',(2.39150255270389E-37,1.,-2.28934894163857E-22));
#14563=DIRECTION('',(0.,0.,-1.));
#14564=DIRECTION('',(2.39150255270389E-37,1.,-1.1760070374909E-69));
#14565=DIRECTION('center_axis',(0.,0.,-1.));
#14566=DIRECTION('ref_axis',(-1.,0.,0.));
#14567=DIRECTION('',(-2.39150133066116E-37,-1.,6.93386698731114E-21));
#14568=DIRECTION('',(1.,-2.39157934407558E-37,-3.35428864926836E-20));
#14569=DIRECTION('center_axis',(1.,-2.39150133066116E-37,0.));
#14570=DIRECTION('ref_axis',(-2.39150133066116E-37,-1.,6.93386698731114E-21));
#14571=DIRECTION('',(-2.39150133066116E-37,-1.,1.17600643655872E-69));
#14572=DIRECTION('',(0.,0.,-1.));
#14573=DIRECTION('center_axis',(4.917440025984E-33,0.,1.));
#14574=DIRECTION('ref_axis',(1.,0.,-4.917440025984E-33));
#14575=DIRECTION('',(1.,-2.39157934407558E-37,-4.917440025984E-33));
#14576=DIRECTION('',(2.39150255270389E-37,1.,-1.1760070374909E-69));
#14577=DIRECTION('',(1.,0.,-4.917440025984E-33));
#14578=DIRECTION('center_axis',(-1.,2.39150255270389E-37,0.));
#14579=DIRECTION('ref_axis',(2.39150255270389E-37,1.,-2.28934894163857E-22));
#14580=DIRECTION('',(2.39150255270389E-37,1.,-2.28934894163857E-22));
#14581=DIRECTION('',(0.,0.,-1.));
#14582=DIRECTION('center_axis',(-1.,2.39150255270389E-37,0.));
#14583=DIRECTION('ref_axis',(0.,0.5,0.866025403784439));
#14584=DIRECTION('center_axis',(0.,0.,-1.));
#14585=DIRECTION('ref_axis',(-1.,0.,0.));
#14586=DIRECTION('',(-2.39150209427081E-37,-1.,2.74420100647171E-21));
#14587=DIRECTION('',(1.,-2.39150259442963E-37,-1.82260269476818E-23));
#14588=DIRECTION('center_axis',(1.,-2.39150209427081E-37,0.));
#14589=DIRECTION('ref_axis',(-2.39150209427081E-37,-1.,2.74420100647171E-21));
#14590=DIRECTION('',(-2.39150209427081E-37,-1.,1.17600681205918E-69));
#14591=DIRECTION('center_axis',(1.,-2.39150209427081E-37,0.));
#14592=DIRECTION('ref_axis',(0.,0.5,0.866025403784439));
#14593=DIRECTION('',(0.,0.,-1.));
#14594=DIRECTION('center_axis',(-1.,2.39150255270389E-37,0.));
#14595=DIRECTION('ref_axis',(2.39150255270389E-37,1.,-2.28934894163857E-22));
#14596=DIRECTION('',(2.39150255270389E-37,1.,-2.28934894163857E-22));
#14597=DIRECTION('',(0.,0.,-1.));
#14598=DIRECTION('',(2.39150255270389E-37,1.,-1.1760070374909E-69));
#14599=DIRECTION('center_axis',(0.,0.,-1.));
#14600=DIRECTION('ref_axis',(-1.,0.,0.));
#14601=DIRECTION('',(-2.39150133066116E-37,-1.,6.93386698731114E-21));
#14602=DIRECTION('',(1.,-2.39157934407558E-37,-3.35428864926836E-20));
#14603=DIRECTION('center_axis',(1.,-2.39150133066116E-37,0.));
#14604=DIRECTION('ref_axis',(-2.39150133066116E-37,-1.,6.93386698731114E-21));
#14605=DIRECTION('',(-2.39150133066116E-37,-1.,1.17600643655872E-69));
#14606=DIRECTION('',(0.,0.,-1.));
#14607=DIRECTION('center_axis',(4.917440025984E-33,0.,1.));
#14608=DIRECTION('ref_axis',(1.,0.,-4.917440025984E-33));
#14609=DIRECTION('',(1.,-2.39157934407558E-37,-4.917440025984E-33));
#14610=DIRECTION('',(2.39150255270389E-37,1.,-1.1760070374909E-69));
#14611=DIRECTION('',(1.,0.,-4.917440025984E-33));
#14612=DIRECTION('center_axis',(-1.,2.39150255270389E-37,0.));
#14613=DIRECTION('ref_axis',(2.39150255270389E-37,1.,-2.28934894163857E-22));
#14614=DIRECTION('',(2.39150255270389E-37,1.,-2.28934894163857E-22));
#14615=DIRECTION('',(0.,0.,-1.));
#14616=DIRECTION('center_axis',(-1.,2.39150255270389E-37,0.));
#14617=DIRECTION('ref_axis',(0.,0.5,0.866025403784439));
#14618=DIRECTION('center_axis',(0.,0.,-1.));
#14619=DIRECTION('ref_axis',(-1.,0.,0.));
#14620=DIRECTION('',(-2.39150209427081E-37,-1.,2.74420100647171E-21));
#14621=DIRECTION('',(1.,-2.39150259442963E-37,-1.82260269476818E-23));
#14622=DIRECTION('center_axis',(1.,-2.39150209427081E-37,0.));
#14623=DIRECTION('ref_axis',(-2.39150209427081E-37,-1.,2.74420100647171E-21));
#14624=DIRECTION('',(-2.39150209427081E-37,-1.,1.17600681205918E-69));
#14625=DIRECTION('center_axis',(1.,-2.39150209427081E-37,0.));
#14626=DIRECTION('ref_axis',(0.,0.5,0.866025403784439));
#14627=DIRECTION('',(0.,0.,-1.));
#14628=DIRECTION('center_axis',(-1.,2.39150255270389E-37,0.));
#14629=DIRECTION('ref_axis',(2.39150255270389E-37,1.,-2.28934894163857E-22));
#14630=DIRECTION('',(2.39150255270389E-37,1.,-2.28934894163857E-22));
#14631=DIRECTION('',(0.,0.,-1.));
#14632=DIRECTION('',(2.39150255270389E-37,1.,-1.1760070374909E-69));
#14633=DIRECTION('center_axis',(0.,0.,-1.));
#14634=DIRECTION('ref_axis',(-1.,0.,0.));
#14635=DIRECTION('',(-2.39150133066116E-37,-1.,6.93386698731114E-21));
#14636=DIRECTION('',(1.,-2.39157934407558E-37,-3.35428864926836E-20));
#14637=DIRECTION('center_axis',(1.,-2.39150133066116E-37,0.));
#14638=DIRECTION('ref_axis',(-2.39150133066116E-37,-1.,6.93386698731114E-21));
#14639=DIRECTION('',(-2.39150133066116E-37,-1.,1.17600643655872E-69));
#14640=DIRECTION('',(0.,0.,-1.));
#14641=DIRECTION('center_axis',(4.917440025984E-33,0.,1.));
#14642=DIRECTION('ref_axis',(1.,0.,-4.917440025984E-33));
#14643=DIRECTION('',(1.,-2.39157934407558E-37,-4.917440025984E-33));
#14644=DIRECTION('',(2.39150255270389E-37,1.,-1.1760070374909E-69));
#14645=DIRECTION('',(1.,0.,-4.917440025984E-33));
#14646=DIRECTION('center_axis',(-1.,2.39150255270389E-37,0.));
#14647=DIRECTION('ref_axis',(2.39150255270389E-37,1.,-2.28934894163857E-22));
#14648=DIRECTION('',(2.39150255270389E-37,1.,-2.28934894163857E-22));
#14649=DIRECTION('',(0.,0.,-1.));
#14650=DIRECTION('center_axis',(-1.,2.39150255270389E-37,0.));
#14651=DIRECTION('ref_axis',(0.,0.5,0.866025403784439));
#14652=DIRECTION('center_axis',(0.,0.,-1.));
#14653=DIRECTION('ref_axis',(-1.,0.,0.));
#14654=DIRECTION('',(-2.39150209427081E-37,-1.,2.74420100647171E-21));
#14655=DIRECTION('',(1.,-2.39150259442963E-37,-1.82260269476818E-23));
#14656=DIRECTION('center_axis',(1.,-2.39150209427081E-37,0.));
#14657=DIRECTION('ref_axis',(-2.39150209427081E-37,-1.,2.74420100647171E-21));
#14658=DIRECTION('',(-2.39150209427081E-37,-1.,1.17600681205918E-69));
#14659=DIRECTION('center_axis',(1.,-2.39150209427081E-37,0.));
#14660=DIRECTION('ref_axis',(0.,0.5,0.866025403784439));
#14661=DIRECTION('',(0.,0.,-1.));
#14662=DIRECTION('center_axis',(-1.,2.39150255270389E-37,0.));
#14663=DIRECTION('ref_axis',(2.39150255270389E-37,1.,-2.28934894163857E-22));
#14664=DIRECTION('',(2.39150255270389E-37,1.,-2.28934894163857E-22));
#14665=DIRECTION('',(0.,0.,-1.));
#14666=DIRECTION('',(2.39150255270389E-37,1.,-1.1760070374909E-69));
#14667=DIRECTION('center_axis',(0.,0.,-1.));
#14668=DIRECTION('ref_axis',(-1.,0.,0.));
#14669=DIRECTION('',(-2.39150133066116E-37,-1.,6.93386698731114E-21));
#14670=DIRECTION('',(1.,-2.39157934407558E-37,-3.35428864926836E-20));
#14671=DIRECTION('center_axis',(1.,-2.39150133066116E-37,0.));
#14672=DIRECTION('ref_axis',(-2.39150133066116E-37,-1.,6.93386698731114E-21));
#14673=DIRECTION('',(-2.39150133066116E-37,-1.,1.17600643655872E-69));
#14674=DIRECTION('',(0.,0.,-1.));
#14675=DIRECTION('center_axis',(4.917440025984E-33,0.,1.));
#14676=DIRECTION('ref_axis',(1.,0.,-4.917440025984E-33));
#14677=DIRECTION('',(1.,-2.39157934407558E-37,-4.917440025984E-33));
#14678=DIRECTION('',(2.39150255270389E-37,1.,-1.1760070374909E-69));
#14679=DIRECTION('',(1.,0.,-4.917440025984E-33));
#14680=DIRECTION('center_axis',(-1.,2.39150255270389E-37,0.));
#14681=DIRECTION('ref_axis',(2.39150255270389E-37,1.,-2.28934894163857E-22));
#14682=DIRECTION('',(2.39150255270389E-37,1.,-2.28934894163857E-22));
#14683=DIRECTION('',(0.,0.,-1.));
#14684=DIRECTION('center_axis',(-1.,2.39150255270389E-37,0.));
#14685=DIRECTION('ref_axis',(0.,0.5,0.866025403784439));
#14686=DIRECTION('center_axis',(0.,0.,-1.));
#14687=DIRECTION('ref_axis',(-1.,0.,0.));
#14688=DIRECTION('',(-2.39150209427081E-37,-1.,2.74420100647171E-21));
#14689=DIRECTION('',(1.,-2.39150259442963E-37,-1.82260269476818E-23));
#14690=DIRECTION('center_axis',(1.,-2.39150209427081E-37,0.));
#14691=DIRECTION('ref_axis',(-2.39150209427081E-37,-1.,2.74420100647171E-21));
#14692=DIRECTION('',(-2.39150209427081E-37,-1.,1.17600681205918E-69));
#14693=DIRECTION('center_axis',(1.,-2.39150209427081E-37,0.));
#14694=DIRECTION('ref_axis',(0.,0.5,0.866025403784439));
#14695=DIRECTION('',(0.,0.,-1.));
#14696=DIRECTION('center_axis',(-1.,2.39150255270389E-37,0.));
#14697=DIRECTION('ref_axis',(2.39150255270389E-37,1.,-2.28934894163857E-22));
#14698=DIRECTION('',(2.39150255270389E-37,1.,-2.28934894163857E-22));
#14699=DIRECTION('',(0.,0.,-1.));
#14700=DIRECTION('',(2.39150255270389E-37,1.,-1.1760070374909E-69));
#14701=DIRECTION('center_axis',(0.,0.,-1.));
#14702=DIRECTION('ref_axis',(-1.,0.,0.));
#14703=DIRECTION('',(-2.39150133066116E-37,-1.,6.93386698731114E-21));
#14704=DIRECTION('',(1.,-2.39157934407558E-37,-3.35428864926836E-20));
#14705=DIRECTION('center_axis',(1.,-2.39150133066116E-37,0.));
#14706=DIRECTION('ref_axis',(-2.39150133066116E-37,-1.,6.93386698731114E-21));
#14707=DIRECTION('',(-2.39150133066116E-37,-1.,1.17600643655872E-69));
#14708=DIRECTION('',(0.,0.,-1.));
#14709=DIRECTION('center_axis',(4.917440025984E-33,0.,1.));
#14710=DIRECTION('ref_axis',(1.,0.,-4.917440025984E-33));
#14711=DIRECTION('',(1.,-2.39157934407558E-37,-4.917440025984E-33));
#14712=DIRECTION('',(2.39150255270389E-37,1.,-1.1760070374909E-69));
#14713=DIRECTION('',(1.,0.,-4.917440025984E-33));
#14714=DIRECTION('center_axis',(-1.,2.39150255270389E-37,0.));
#14715=DIRECTION('ref_axis',(2.39150255270389E-37,1.,-2.28934894163857E-22));
#14716=DIRECTION('',(2.39150255270389E-37,1.,-2.28934894163857E-22));
#14717=DIRECTION('',(0.,0.,-1.));
#14718=DIRECTION('center_axis',(-1.,2.39150255270389E-37,0.));
#14719=DIRECTION('ref_axis',(0.,0.5,0.866025403784439));
#14720=DIRECTION('center_axis',(0.,0.,-1.));
#14721=DIRECTION('ref_axis',(-1.,0.,0.));
#14722=DIRECTION('',(-2.39150209427081E-37,-1.,2.74420100647171E-21));
#14723=DIRECTION('',(1.,-2.39150259442963E-37,-1.82260269476818E-23));
#14724=DIRECTION('center_axis',(1.,-2.39150209427081E-37,0.));
#14725=DIRECTION('ref_axis',(-2.39150209427081E-37,-1.,2.74420100647171E-21));
#14726=DIRECTION('',(-2.39150209427081E-37,-1.,1.17600681205918E-69));
#14727=DIRECTION('center_axis',(1.,-2.39150209427081E-37,0.));
#14728=DIRECTION('ref_axis',(0.,0.5,0.866025403784439));
#14729=DIRECTION('',(0.,0.,-1.));
#14730=DIRECTION('center_axis',(-1.,2.39150255270389E-37,0.));
#14731=DIRECTION('ref_axis',(2.39150255270389E-37,1.,-2.28934894163857E-22));
#14732=DIRECTION('',(2.39150255270389E-37,1.,-2.28934894163857E-22));
#14733=DIRECTION('',(0.,0.,-1.));
#14734=DIRECTION('',(2.39150255270389E-37,1.,-1.1760070374909E-69));
#14735=DIRECTION('center_axis',(0.,0.,-1.));
#14736=DIRECTION('ref_axis',(-1.,0.,0.));
#14737=DIRECTION('',(-2.39150133066116E-37,-1.,6.93386698731114E-21));
#14738=DIRECTION('',(1.,-2.39157934407558E-37,-3.35428864926836E-20));
#14739=DIRECTION('center_axis',(1.,-2.39150133066116E-37,0.));
#14740=DIRECTION('ref_axis',(-2.39150133066116E-37,-1.,6.93386698731114E-21));
#14741=DIRECTION('',(-2.39150133066116E-37,-1.,1.17600643655872E-69));
#14742=DIRECTION('',(0.,0.,-1.));
#14743=DIRECTION('center_axis',(4.917440025984E-33,0.,1.));
#14744=DIRECTION('ref_axis',(1.,0.,-4.917440025984E-33));
#14745=DIRECTION('',(1.,-2.39157934407558E-37,-4.917440025984E-33));
#14746=DIRECTION('',(2.39150255270389E-37,1.,-1.1760070374909E-69));
#14747=DIRECTION('',(1.,0.,-4.917440025984E-33));
#14748=DIRECTION('center_axis',(-1.,2.39150255270389E-37,0.));
#14749=DIRECTION('ref_axis',(2.39150255270389E-37,1.,-2.28934894163857E-22));
#14750=DIRECTION('',(2.39150255270389E-37,1.,-2.28934894163857E-22));
#14751=DIRECTION('',(0.,0.,-1.));
#14752=DIRECTION('center_axis',(-1.,2.39150255270389E-37,0.));
#14753=DIRECTION('ref_axis',(0.,0.5,0.866025403784439));
#14754=DIRECTION('center_axis',(0.,0.,-1.));
#14755=DIRECTION('ref_axis',(-1.,0.,0.));
#14756=DIRECTION('',(-2.39150209427081E-37,-1.,2.74420100647171E-21));
#14757=DIRECTION('',(1.,-2.39150259442963E-37,-1.82260269476818E-23));
#14758=DIRECTION('center_axis',(1.,-2.39150209427081E-37,0.));
#14759=DIRECTION('ref_axis',(-2.39150209427081E-37,-1.,2.74420100647171E-21));
#14760=DIRECTION('',(-2.39150209427081E-37,-1.,1.17600681205918E-69));
#14761=DIRECTION('center_axis',(1.,-2.39150209427081E-37,0.));
#14762=DIRECTION('ref_axis',(0.,0.5,0.866025403784439));
#14763=DIRECTION('',(0.,0.,-1.));
#14764=DIRECTION('center_axis',(-1.,2.39150255270389E-37,0.));
#14765=DIRECTION('ref_axis',(2.39150255270389E-37,1.,-2.28934894163857E-22));
#14766=DIRECTION('',(2.39150255270389E-37,1.,-2.28934894163857E-22));
#14767=DIRECTION('',(0.,0.,-1.));
#14768=DIRECTION('',(2.39150255270389E-37,1.,-1.1760070374909E-69));
#14769=DIRECTION('center_axis',(0.,0.,-1.));
#14770=DIRECTION('ref_axis',(-1.,0.,0.));
#14771=DIRECTION('',(-2.39150133066116E-37,-1.,6.93386698731114E-21));
#14772=DIRECTION('',(1.,-2.39157934407558E-37,-3.35428864926836E-20));
#14773=DIRECTION('center_axis',(1.,-2.39150133066116E-37,0.));
#14774=DIRECTION('ref_axis',(-2.39150133066116E-37,-1.,6.93386698731114E-21));
#14775=DIRECTION('',(-2.39150133066116E-37,-1.,1.17600643655872E-69));
#14776=DIRECTION('',(0.,0.,-1.));
#14777=DIRECTION('center_axis',(4.917440025984E-33,0.,1.));
#14778=DIRECTION('ref_axis',(1.,0.,-4.917440025984E-33));
#14779=DIRECTION('',(1.,-2.39157934407558E-37,-4.917440025984E-33));
#14780=DIRECTION('',(2.39150255270389E-37,1.,-1.1760070374909E-69));
#14781=DIRECTION('',(1.,0.,-4.917440025984E-33));
#14782=DIRECTION('center_axis',(-1.,2.39150255270389E-37,0.));
#14783=DIRECTION('ref_axis',(2.39150255270389E-37,1.,-2.28934894163857E-22));
#14784=DIRECTION('',(2.39150255270389E-37,1.,-2.28934894163857E-22));
#14785=DIRECTION('',(0.,0.,-1.));
#14786=DIRECTION('center_axis',(-1.,2.39150255270389E-37,0.));
#14787=DIRECTION('ref_axis',(0.,0.5,0.866025403784439));
#14788=DIRECTION('center_axis',(0.,0.,-1.));
#14789=DIRECTION('ref_axis',(-1.,0.,0.));
#14790=DIRECTION('',(-2.39150209427081E-37,-1.,2.74420100647171E-21));
#14791=DIRECTION('',(1.,-2.39150259442963E-37,-1.82260269476818E-23));
#14792=DIRECTION('center_axis',(1.,-2.39150209427081E-37,0.));
#14793=DIRECTION('ref_axis',(-2.39150209427081E-37,-1.,2.74420100647171E-21));
#14794=DIRECTION('',(-2.39150209427081E-37,-1.,1.17600681205918E-69));
#14795=DIRECTION('center_axis',(1.,-2.39150209427081E-37,0.));
#14796=DIRECTION('ref_axis',(0.,0.5,0.866025403784439));
#14797=DIRECTION('',(0.,0.,-1.));
#14798=DIRECTION('center_axis',(-1.,2.39150255270389E-37,0.));
#14799=DIRECTION('ref_axis',(2.39150255270389E-37,1.,-2.28934894163857E-22));
#14800=DIRECTION('',(2.39150255270389E-37,1.,-2.28934894163857E-22));
#14801=DIRECTION('',(0.,0.,-1.));
#14802=DIRECTION('',(2.39150255270389E-37,1.,-1.1760070374909E-69));
#14803=DIRECTION('center_axis',(0.,0.,-1.));
#14804=DIRECTION('ref_axis',(-1.,0.,0.));
#14805=DIRECTION('',(-2.39150133066116E-37,-1.,6.93386698731114E-21));
#14806=DIRECTION('',(1.,-2.39157934407558E-37,-3.35428864926836E-20));
#14807=DIRECTION('center_axis',(1.,-2.39150133066116E-37,0.));
#14808=DIRECTION('ref_axis',(-2.39150133066116E-37,-1.,6.93386698731114E-21));
#14809=DIRECTION('',(-2.39150133066116E-37,-1.,1.17600643655872E-69));
#14810=DIRECTION('',(0.,0.,-1.));
#14811=DIRECTION('center_axis',(4.917440025984E-33,0.,1.));
#14812=DIRECTION('ref_axis',(1.,0.,-4.917440025984E-33));
#14813=DIRECTION('',(1.,-2.39157934407558E-37,-4.917440025984E-33));
#14814=DIRECTION('',(2.39150255270389E-37,1.,-1.1760070374909E-69));
#14815=DIRECTION('',(1.,0.,-4.917440025984E-33));
#14816=DIRECTION('center_axis',(-1.,2.39150255270389E-37,0.));
#14817=DIRECTION('ref_axis',(2.39150255270389E-37,1.,-2.28934894163857E-22));
#14818=DIRECTION('',(2.39150255270389E-37,1.,-2.28934894163857E-22));
#14819=DIRECTION('',(0.,0.,-1.));
#14820=DIRECTION('center_axis',(-1.,2.39150255270389E-37,0.));
#14821=DIRECTION('ref_axis',(0.,0.5,0.866025403784439));
#14822=DIRECTION('center_axis',(0.,0.,-1.));
#14823=DIRECTION('ref_axis',(-1.,0.,0.));
#14824=DIRECTION('',(-2.39150209427081E-37,-1.,2.74420100647171E-21));
#14825=DIRECTION('',(1.,-2.39150259442963E-37,-1.82260269476818E-23));
#14826=DIRECTION('center_axis',(1.,-2.39150209427081E-37,0.));
#14827=DIRECTION('ref_axis',(-2.39150209427081E-37,-1.,2.74420100647171E-21));
#14828=DIRECTION('',(-2.39150209427081E-37,-1.,1.17600681205918E-69));
#14829=DIRECTION('center_axis',(1.,-2.39150209427081E-37,0.));
#14830=DIRECTION('ref_axis',(0.,0.5,0.866025403784439));
#14831=DIRECTION('',(0.,0.,-1.));
#14832=DIRECTION('center_axis',(-1.,2.39150255270389E-37,0.));
#14833=DIRECTION('ref_axis',(2.39150255270389E-37,1.,-2.28934894163857E-22));
#14834=DIRECTION('',(2.39150255270389E-37,1.,-2.28934894163857E-22));
#14835=DIRECTION('',(0.,0.,-1.));
#14836=DIRECTION('',(2.39150255270389E-37,1.,-1.1760070374909E-69));
#14837=DIRECTION('center_axis',(0.,0.,-1.));
#14838=DIRECTION('ref_axis',(-1.,0.,0.));
#14839=DIRECTION('',(-2.39150133066116E-37,-1.,6.93386698731114E-21));
#14840=DIRECTION('',(1.,-2.39157934407558E-37,-3.35428864926836E-20));
#14841=DIRECTION('center_axis',(1.,-2.39150133066116E-37,0.));
#14842=DIRECTION('ref_axis',(-2.39150133066116E-37,-1.,6.93386698731114E-21));
#14843=DIRECTION('',(-2.39150133066116E-37,-1.,1.17600643655872E-69));
#14844=DIRECTION('',(0.,0.,-1.));
#14845=DIRECTION('center_axis',(4.917440025984E-33,0.,1.));
#14846=DIRECTION('ref_axis',(1.,0.,-4.917440025984E-33));
#14847=DIRECTION('',(1.,-2.39157934407558E-37,-4.917440025984E-33));
#14848=DIRECTION('',(2.39150255270389E-37,1.,-1.1760070374909E-69));
#14849=DIRECTION('',(1.,0.,-4.917440025984E-33));
#14850=DIRECTION('center_axis',(-1.,1.66533437928081E-16,0.));
#14851=DIRECTION('ref_axis',(1.66533437928081E-16,1.,5.42005770123384E-19));
#14852=DIRECTION('',(2.39150255270389E-37,1.,-2.28934894163857E-22));
#14853=DIRECTION('',(0.,0.,-1.));
#14854=DIRECTION('center_axis',(-1.,2.39150255270389E-37,0.));
#14855=DIRECTION('ref_axis',(0.,0.5,0.866025403784439));
#14856=DIRECTION('center_axis',(0.,0.,-1.));
#14857=DIRECTION('ref_axis',(-1.,0.,0.));
#14858=DIRECTION('',(-2.39150209427081E-37,-1.,2.74420100647171E-21));
#14859=DIRECTION('',(1.,-2.39150259442963E-37,-1.82260269476818E-23));
#14860=DIRECTION('',(2.39150255270389E-37,1.,-2.28934894163857E-22));
#14861=DIRECTION('',(1.,-1.66533437928081E-16,3.94430452610506E-30));
#14862=DIRECTION('',(-2.39150209427081E-37,-1.,2.74420100647171E-21));
#14863=DIRECTION('',(1.,-2.39150259442963E-37,-1.82260269476818E-23));
#14864=DIRECTION('',(2.39150255270389E-37,1.,-2.28934894163857E-22));
#14865=DIRECTION('',(1.,-1.66533437928081E-16,3.94430452610506E-30));
#14866=DIRECTION('',(-2.39150209427081E-37,-1.,2.74420100647171E-21));
#14867=DIRECTION('',(1.,-2.39150259442963E-37,-1.82260269476818E-23));
#14868=DIRECTION('center_axis',(1.,-2.39150209427081E-37,0.));
#14869=DIRECTION('ref_axis',(-2.39150209427081E-37,-1.,2.74420100647171E-21));
#14870=DIRECTION('',(-2.39150209427081E-37,-1.,1.17600681205918E-69));
#14871=DIRECTION('center_axis',(1.,-2.39150209427081E-37,0.));
#14872=DIRECTION('ref_axis',(0.,0.5,0.866025403784439));
#14873=DIRECTION('',(0.,0.,-1.));
#14874=DIRECTION('center_axis',(0.,1.,0.));
#14875=DIRECTION('ref_axis',(0.,0.,1.));
#14876=DIRECTION('center_axis',(0.,-1.,0.));
#14877=DIRECTION('ref_axis',(1.,0.,6.31088724176809E-30));
#14878=DIRECTION('center_axis',(0.,-1.,0.));
#14879=DIRECTION('ref_axis',(1.,0.,6.31088724176809E-30));
#14880=DIRECTION('',(0.70710678118654,0.707106781186555,8.65956056235529E-17));
#14881=DIRECTION('center_axis',(0.,1.,0.));
#14882=DIRECTION('ref_axis',(1.,0.,6.31088724176809E-30));
#14883=DIRECTION('center_axis',(0.,1.,0.));
#14884=DIRECTION('ref_axis',(1.,0.,6.31088724176809E-30));
#14885=DIRECTION('',(0.,1.,0.));
#14886=DIRECTION('center_axis',(1.66533437928081E-16,1.,-5.42196402372391E-19));
#14887=DIRECTION('ref_axis',(1.,-1.66533437928081E-16,6.31088724176809E-30));
#14888=DIRECTION('center_axis',(1.66533437928081E-16,1.,0.));
#14889=DIRECTION('ref_axis',(1.,-1.66533437928081E-16,3.94430452610506E-30));
#14890=DIRECTION('',(0.,0.,-1.));
#14891=DIRECTION('',(0.,0.,-1.));
#14892=DIRECTION('',(1.,-1.66533437928081E-16,-4.917440025984E-33));
#14893=DIRECTION('center_axis',(-1.66533437928081E-16,-1.,5.42196402372391E-19));
#14894=DIRECTION('ref_axis',(1.,-1.66533437928081E-16,6.31088724176809E-30));
#14895=DIRECTION('center_axis',(2.39150259442963E-37,1.,0.));
#14896=DIRECTION('ref_axis',(1.,-2.39150259442963E-37,-1.82260269476818E-23));
#14897=DIRECTION('',(1.,0.,0.));
#14898=DIRECTION('center_axis',(1.,-8.90565451924305E-60,-1.68000965602334E-60));
#14899=DIRECTION('ref_axis',(0.,0.,-1.));
#14900=DIRECTION('center_axis',(-1.,8.90565451924305E-60,1.68000965602334E-60));
#14901=DIRECTION('ref_axis',(0.,0.258819045102521,0.965925826289068));
#14902=DIRECTION('center_axis',(0.,0.866025403784439,-0.5));
#14903=DIRECTION('ref_axis',(-1.,0.,0.));
#14904=DIRECTION('center_axis',(1.,-8.90565451924305E-60,-1.68000965602334E-60));
#14905=DIRECTION('ref_axis',(3.92771771385139E-60,0.258819045102521,0.965925826289068));
#14906=DIRECTION('center_axis',(1.,0.,0.));
#14907=DIRECTION('ref_axis',(0.,0.5,0.866025403784439));
#14908=DIRECTION('',(1.,0.,0.));
#14909=DIRECTION('',(1.,0.,0.));
#14910=DIRECTION('',(1.,0.,0.));
#14911=DIRECTION('',(1.,0.,0.));
#14912=DIRECTION('',(1.,0.,0.));
#14913=DIRECTION('',(1.,0.,0.));
#14914=DIRECTION('',(1.,0.,0.));
#14915=DIRECTION('',(1.,0.,0.));
#14916=DIRECTION('',(1.,0.,0.));
#14917=DIRECTION('',(1.,0.,0.));
#14918=DIRECTION('',(1.,0.,0.));
#14919=DIRECTION('',(1.,0.,0.));
#14920=DIRECTION('',(1.,0.,0.));
#14921=DIRECTION('',(1.,0.,0.));
#14922=DIRECTION('',(1.,0.,0.));
#14923=DIRECTION('',(1.,0.,0.));
#14924=DIRECTION('',(1.,0.,0.));
#14925=DIRECTION('center_axis',(1.,-2.39150209427081E-37,0.));
#14926=DIRECTION('ref_axis',(0.,0.5,0.866025403784439));
#14927=DIRECTION('',(1.,0.,-4.917440025984E-33));
#14928=DIRECTION('center_axis',(-1.,2.39150255270389E-37,0.));
#14929=DIRECTION('ref_axis',(0.,0.5,0.866025403784439));
#14930=DIRECTION('',(1.,0.,0.));
#14931=DIRECTION('center_axis',(1.,-2.39150209427081E-37,0.));
#14932=DIRECTION('ref_axis',(0.,0.5,0.866025403784439));
#14933=DIRECTION('',(1.,0.,-4.917440025984E-33));
#14934=DIRECTION('center_axis',(-1.,2.39150255270389E-37,0.));
#14935=DIRECTION('ref_axis',(0.,0.5,0.866025403784439));
#14936=DIRECTION('',(1.,0.,0.));
#14937=DIRECTION('',(1.,0.,-4.917440025984E-33));
#14938=DIRECTION('center_axis',(-1.,2.39150255270389E-37,0.));
#14939=DIRECTION('ref_axis',(0.,0.5,0.866025403784439));
#14940=DIRECTION('',(1.,0.,0.));
#14941=DIRECTION('center_axis',(1.,-2.39150209427081E-37,0.));
#14942=DIRECTION('ref_axis',(0.,0.5,0.866025403784439));
#14943=DIRECTION('',(1.,0.,-4.917440025984E-33));
#14944=DIRECTION('center_axis',(-1.,2.39150255270389E-37,0.));
#14945=DIRECTION('ref_axis',(0.,0.5,0.866025403784439));
#14946=DIRECTION('',(1.,0.,0.));
#14947=DIRECTION('center_axis',(1.,-2.39150209427081E-37,0.));
#14948=DIRECTION('ref_axis',(0.,0.5,0.866025403784439));
#14949=DIRECTION('',(1.,0.,-4.917440025984E-33));
#14950=DIRECTION('center_axis',(-1.,2.39150255270389E-37,0.));
#14951=DIRECTION('ref_axis',(0.,0.5,0.866025403784439));
#14952=DIRECTION('',(1.,0.,0.));
#14953=DIRECTION('center_axis',(1.,-2.39150209427081E-37,0.));
#14954=DIRECTION('ref_axis',(0.,0.5,0.866025403784439));
#14955=DIRECTION('',(1.,0.,-4.917440025984E-33));
#14956=DIRECTION('center_axis',(-1.,2.39150255270389E-37,0.));
#14957=DIRECTION('ref_axis',(0.,0.5,0.866025403784439));
#14958=DIRECTION('',(1.,0.,0.));
#14959=DIRECTION('center_axis',(1.,-2.39150209427081E-37,0.));
#14960=DIRECTION('ref_axis',(0.,0.5,0.866025403784439));
#14961=DIRECTION('',(1.,0.,-4.917440025984E-33));
#14962=DIRECTION('center_axis',(-1.,2.39150255270389E-37,0.));
#14963=DIRECTION('ref_axis',(0.,0.5,0.866025403784439));
#14964=DIRECTION('',(1.,0.,0.));
#14965=DIRECTION('center_axis',(1.,-2.39150209427081E-37,0.));
#14966=DIRECTION('ref_axis',(0.,0.5,0.866025403784439));
#14967=DIRECTION('',(1.,0.,-4.917440025984E-33));
#14968=DIRECTION('center_axis',(-1.,2.39150255270389E-37,0.));
#14969=DIRECTION('ref_axis',(0.,0.5,0.866025403784439));
#14970=DIRECTION('',(1.,0.,0.));
#14971=DIRECTION('center_axis',(1.,-2.39150209427081E-37,0.));
#14972=DIRECTION('ref_axis',(0.,0.5,0.866025403784439));
#14973=DIRECTION('',(1.,0.,-4.917440025984E-33));
#14974=DIRECTION('center_axis',(-1.,2.39150255270389E-37,0.));
#14975=DIRECTION('ref_axis',(0.,0.5,0.866025403784439));
#14976=DIRECTION('',(1.,0.,0.));
#14977=DIRECTION('center_axis',(1.,-2.39150209427081E-37,0.));
#14978=DIRECTION('ref_axis',(0.,0.5,0.866025403784439));
#14979=DIRECTION('',(1.,0.,-4.917440025984E-33));
#14980=DIRECTION('center_axis',(-1.,2.39150255270389E-37,0.));
#14981=DIRECTION('ref_axis',(0.,0.5,0.866025403784439));
#14982=DIRECTION('',(1.,0.,0.));
#14983=DIRECTION('center_axis',(1.,-2.39150209427081E-37,0.));
#14984=DIRECTION('ref_axis',(0.,0.5,0.866025403784439));
#14985=DIRECTION('',(1.,0.,-4.917440025984E-33));
#14986=DIRECTION('center_axis',(-1.,2.39150255270389E-37,0.));
#14987=DIRECTION('ref_axis',(0.,0.5,0.866025403784439));
#14988=DIRECTION('',(1.,0.,0.));
#14989=DIRECTION('center_axis',(1.,-2.39150209427081E-37,0.));
#14990=DIRECTION('ref_axis',(0.,0.5,0.866025403784439));
#14991=DIRECTION('',(1.,0.,-4.917440025984E-33));
#14992=DIRECTION('center_axis',(-1.,2.39150255270389E-37,0.));
#14993=DIRECTION('ref_axis',(0.,0.5,0.866025403784439));
#14994=DIRECTION('',(1.,0.,0.));
#14995=DIRECTION('center_axis',(1.,-2.39150209427081E-37,0.));
#14996=DIRECTION('ref_axis',(0.,0.5,0.866025403784439));
#14997=DIRECTION('',(1.,0.,-4.917440025984E-33));
#14998=DIRECTION('center_axis',(-1.,2.39150255270389E-37,0.));
#14999=DIRECTION('ref_axis',(0.,0.5,0.866025403784439));
#15000=DIRECTION('',(1.,0.,0.));
#15001=DIRECTION('center_axis',(1.,-2.39150209427081E-37,0.));
#15002=DIRECTION('ref_axis',(0.,0.5,0.866025403784439));
#15003=DIRECTION('',(1.,0.,-4.917440025984E-33));
#15004=DIRECTION('center_axis',(-1.,2.39150255270389E-37,0.));
#15005=DIRECTION('ref_axis',(0.,0.5,0.866025403784439));
#15006=DIRECTION('',(1.,0.,0.));
#15007=DIRECTION('center_axis',(1.,-2.39150209427081E-37,0.));
#15008=DIRECTION('ref_axis',(0.,0.5,0.866025403784439));
#15009=DIRECTION('',(1.,0.,-4.917440025984E-33));
#15010=DIRECTION('center_axis',(-1.,2.39150255270389E-37,0.));
#15011=DIRECTION('ref_axis',(0.,0.5,0.866025403784439));
#15012=DIRECTION('',(1.,0.,0.));
#15013=DIRECTION('center_axis',(1.,-2.39150209427081E-37,0.));
#15014=DIRECTION('ref_axis',(0.,0.5,0.866025403784439));
#15015=DIRECTION('',(1.,0.,-4.917440025984E-33));
#15016=DIRECTION('center_axis',(-1.,2.39150255270389E-37,0.));
#15017=DIRECTION('ref_axis',(0.,0.5,0.866025403784439));
#15018=DIRECTION('',(1.,0.,0.));
#15019=DIRECTION('center_axis',(1.,-2.39150209427081E-37,0.));
#15020=DIRECTION('ref_axis',(0.,0.5,0.866025403784439));
#15021=DIRECTION('',(1.,0.,-4.917440025984E-33));
#15022=DIRECTION('center_axis',(-1.,2.39150255270389E-37,0.));
#15023=DIRECTION('ref_axis',(0.,0.5,0.866025403784439));
#15024=DIRECTION('',(1.,0.,0.));
#15025=DIRECTION('center_axis',(1.,-2.39150209427081E-37,0.));
#15026=DIRECTION('ref_axis',(0.,0.5,0.866025403784439));
#15027=DIRECTION('',(1.,0.,-4.917440025984E-33));
#15028=DIRECTION('center_axis',(-1.,2.39150255270389E-37,0.));
#15029=DIRECTION('ref_axis',(0.,0.5,0.866025403784439));
#15030=DIRECTION('',(1.,0.,0.));
#15031=DIRECTION('center_axis',(1.,-2.39150209427081E-37,0.));
#15032=DIRECTION('ref_axis',(0.,0.5,0.866025403784439));
#15033=DIRECTION('',(1.,0.,-4.917440025984E-33));
#15034=DIRECTION('center_axis',(1.,-8.90565451924305E-60,-1.68000965602334E-60));
#15035=DIRECTION('ref_axis',(0.,0.258819045102521,0.965925826289068));
#15036=DIRECTION('',(1.,0.,0.));
#15037=DIRECTION('center_axis',(2.39157934407558E-37,1.,0.));
#15038=DIRECTION('ref_axis',(1.,-2.39157934407558E-37,-3.35428864926836E-20));
#15039=DIRECTION('center_axis',(2.39150259442963E-37,1.,0.));
#15040=DIRECTION('ref_axis',(1.,-2.39150259442963E-37,-1.82260269476818E-23));
#15041=DIRECTION('center_axis',(2.39157934407558E-37,1.,0.));
#15042=DIRECTION('ref_axis',(1.,-2.39157934407558E-37,-3.35428864926836E-20));
#15043=DIRECTION('center_axis',(2.39150259442963E-37,1.,0.));
#15044=DIRECTION('ref_axis',(1.,-2.39150259442963E-37,-1.82260269476818E-23));
#15045=DIRECTION('center_axis',(2.39157934407558E-37,1.,0.));
#15046=DIRECTION('ref_axis',(1.,-2.39157934407558E-37,-3.35428864926836E-20));
#15047=DIRECTION('center_axis',(2.39150259442963E-37,1.,0.));
#15048=DIRECTION('ref_axis',(1.,-2.39150259442963E-37,-1.82260269476818E-23));
#15049=DIRECTION('center_axis',(2.39157934407558E-37,1.,0.));
#15050=DIRECTION('ref_axis',(1.,-2.39157934407558E-37,-3.35428864926836E-20));
#15051=DIRECTION('center_axis',(2.39150259442963E-37,1.,0.));
#15052=DIRECTION('ref_axis',(1.,-2.39150259442963E-37,-1.82260269476818E-23));
#15053=DIRECTION('center_axis',(2.39157934407558E-37,1.,0.));
#15054=DIRECTION('ref_axis',(1.,-2.39157934407558E-37,-3.35428864926836E-20));
#15055=DIRECTION('center_axis',(2.39150259442963E-37,1.,0.));
#15056=DIRECTION('ref_axis',(1.,-2.39150259442963E-37,-1.82260269476818E-23));
#15057=DIRECTION('center_axis',(2.39157934407558E-37,1.,0.));
#15058=DIRECTION('ref_axis',(1.,-2.39157934407558E-37,-3.35428864926836E-20));
#15059=DIRECTION('center_axis',(2.39150259442963E-37,1.,0.));
#15060=DIRECTION('ref_axis',(1.,-2.39150259442963E-37,-1.82260269476818E-23));
#15061=DIRECTION('center_axis',(2.39157934407558E-37,1.,0.));
#15062=DIRECTION('ref_axis',(1.,-2.39157934407558E-37,-3.35428864926836E-20));
#15063=DIRECTION('center_axis',(2.39150259442963E-37,1.,0.));
#15064=DIRECTION('ref_axis',(1.,-2.39150259442963E-37,-1.82260269476818E-23));
#15065=DIRECTION('center_axis',(2.39157934407558E-37,1.,0.));
#15066=DIRECTION('ref_axis',(1.,-2.39157934407558E-37,-3.35428864926836E-20));
#15067=DIRECTION('center_axis',(2.39150259442963E-37,1.,0.));
#15068=DIRECTION('ref_axis',(1.,-2.39150259442963E-37,-1.82260269476818E-23));
#15069=DIRECTION('center_axis',(2.39157934407558E-37,1.,0.));
#15070=DIRECTION('ref_axis',(1.,-2.39157934407558E-37,-3.35428864926836E-20));
#15071=DIRECTION('center_axis',(2.39150259442963E-37,1.,0.));
#15072=DIRECTION('ref_axis',(1.,-2.39150259442963E-37,-1.82260269476818E-23));
#15073=DIRECTION('center_axis',(2.39157934407558E-37,1.,0.));
#15074=DIRECTION('ref_axis',(1.,-2.39157934407558E-37,-3.35428864926836E-20));
#15075=DIRECTION('center_axis',(2.39150259442963E-37,1.,0.));
#15076=DIRECTION('ref_axis',(1.,-2.39150259442963E-37,-1.82260269476818E-23));
#15077=DIRECTION('center_axis',(2.39157934407558E-37,1.,0.));
#15078=DIRECTION('ref_axis',(1.,-2.39157934407558E-37,-3.35428864926836E-20));
#15079=DIRECTION('center_axis',(2.39150259442963E-37,1.,0.));
#15080=DIRECTION('ref_axis',(1.,-2.39150259442963E-37,-1.82260269476818E-23));
#15081=DIRECTION('center_axis',(2.39157934407558E-37,1.,0.));
#15082=DIRECTION('ref_axis',(1.,-2.39157934407558E-37,-3.35428864926836E-20));
#15083=DIRECTION('center_axis',(2.39150259442963E-37,1.,0.));
#15084=DIRECTION('ref_axis',(1.,-2.39150259442963E-37,-1.82260269476818E-23));
#15085=DIRECTION('center_axis',(2.39157934407558E-37,1.,0.));
#15086=DIRECTION('ref_axis',(1.,-2.39157934407558E-37,-3.35428864926836E-20));
#15087=DIRECTION('center_axis',(2.39150259442963E-37,1.,0.));
#15088=DIRECTION('ref_axis',(1.,-2.39150259442963E-37,-1.82260269476818E-23));
#15089=DIRECTION('center_axis',(2.39157934407558E-37,1.,0.));
#15090=DIRECTION('ref_axis',(1.,-2.39157934407558E-37,-3.35428864926836E-20));
#15091=DIRECTION('center_axis',(2.39150259442963E-37,1.,0.));
#15092=DIRECTION('ref_axis',(1.,-2.39150259442963E-37,-1.82260269476818E-23));
#15093=DIRECTION('center_axis',(2.39157934407558E-37,1.,0.));
#15094=DIRECTION('ref_axis',(1.,-2.39157934407558E-37,-3.35428864926836E-20));
#15095=DIRECTION('center_axis',(2.39150259442963E-37,1.,0.));
#15096=DIRECTION('ref_axis',(1.,-2.39150259442963E-37,-1.82260269476818E-23));
#15097=DIRECTION('center_axis',(2.39157934407558E-37,1.,0.));
#15098=DIRECTION('ref_axis',(1.,-2.39157934407558E-37,-3.35428864926836E-20));
#15099=DIRECTION('center_axis',(2.39150259442963E-37,1.,0.));
#15100=DIRECTION('ref_axis',(1.,-2.39150259442963E-37,-1.82260269476818E-23));
#15101=DIRECTION('center_axis',(2.39157934407558E-37,1.,0.));
#15102=DIRECTION('ref_axis',(1.,-2.39157934407558E-37,-3.35428864926836E-20));
#15103=DIRECTION('center_axis',(2.39150259442963E-37,1.,0.));
#15104=DIRECTION('ref_axis',(1.,-2.39150259442963E-37,-1.82260269476818E-23));
#15105=DIRECTION('',(0.,0.,-1.));
#15106=DIRECTION('center_axis',(1.,-2.39150209427081E-37,0.));
#15107=DIRECTION('ref_axis',(-2.39150209427081E-37,-1.,2.74420100647171E-21));
#15108=DIRECTION('',(0.,0.,-1.));
#15109=DIRECTION('',(-2.39150209427081E-37,-1.,1.17600681205918E-69));
#15110=DIRECTION('center_axis',(4.917440025984E-33,0.,1.));
#15111=DIRECTION('ref_axis',(1.,0.,-4.917440025984E-33));
#15112=DIRECTION('',(1.,-1.66533437928081E-16,-4.917440025984E-33));
#15113=DIRECTION('',(2.39150255270389E-37,1.,-1.1760070374909E-69));
#15114=DIRECTION('center_axis',(-1.,2.39150255270389E-37,0.));
#15115=DIRECTION('ref_axis',(2.39150255270389E-37,1.,-2.28934894163857E-22));
#15116=DIRECTION('',(0.,0.,1.));
#15117=DIRECTION('',(0.,0.,-1.));
#15118=DIRECTION('center_axis',(2.39150259442963E-37,1.,0.));
#15119=DIRECTION('ref_axis',(1.,-2.39150259442963E-37,-1.82260269476818E-23));
#15120=DIRECTION('',(0.,0.,-1.));
#15121=DIRECTION('center_axis',(1.,-2.39150209427081E-37,0.));
#15122=DIRECTION('ref_axis',(-2.39150209427081E-37,-1.,2.74420100647171E-21));
#15123=DIRECTION('',(-2.39150209427081E-37,-1.,1.17600681205918E-69));
#15124=DIRECTION('center_axis',(4.917440025984E-33,0.,1.));
#15125=DIRECTION('ref_axis',(1.,0.,-4.917440025984E-33));
#15126=DIRECTION('',(2.39150255270389E-37,1.,-1.1760070374909E-69));
#15127=DIRECTION('center_axis',(-1.,2.39150255270389E-37,0.));
#15128=DIRECTION('ref_axis',(2.39150255270389E-37,1.,-2.28934894163857E-22));
#15129=DIRECTION('',(0.,0.,-1.));
#15130=DIRECTION('center_axis',(2.39150259442963E-37,1.,0.));
#15131=DIRECTION('ref_axis',(1.,-2.39150259442963E-37,-1.82260269476818E-23));
#15132=DIRECTION('center_axis',(4.917440025984E-33,0.,1.));
#15133=DIRECTION('ref_axis',(1.,0.,-4.917440025984E-33));
#15134=DIRECTION('',(2.39150255270389E-37,1.,-1.1760070374909E-69));
#15135=DIRECTION('',(2.39150255270389E-37,1.,-1.1760070374909E-69));
#15136=DIRECTION('',(1.,-2.39157934407558E-37,-4.917440025984E-33));
#15137=DIRECTION('',(-2.39150133066116E-37,-1.,1.17600643655872E-69));
#15138=DIRECTION('center_axis',(0.,0.,-1.));
#15139=DIRECTION('ref_axis',(-1.,0.,0.));
#15140=DIRECTION('',(-2.39150133066116E-37,-1.,6.93386698731114E-21));
#15141=DIRECTION('',(1.,-2.39157934407558E-37,-3.35428864926836E-20));
#15142=DIRECTION('',(2.39150255270389E-37,1.,-2.28934894163857E-22));
#15143=DIRECTION('center_axis',(-1.,2.39150255270389E-37,0.));
#15144=DIRECTION('ref_axis',(2.39150255270389E-37,1.,-2.28934894163857E-22));
#15145=DIRECTION('',(0.,0.,-1.));
#15146=DIRECTION('center_axis',(2.39157934407558E-37,1.,0.));
#15147=DIRECTION('ref_axis',(1.,-2.39157934407558E-37,-3.35428864926836E-20));
#15148=DIRECTION('',(0.,0.,-1.));
#15149=DIRECTION('center_axis',(1.,-2.39150133066116E-37,0.));
#15150=DIRECTION('ref_axis',(-2.39150133066116E-37,-1.,6.93386698731114E-21));
#15151=DIRECTION('center_axis',(-1.,2.39150255270389E-37,0.));
#15152=DIRECTION('ref_axis',(2.39150255270389E-37,1.,-2.28934894163857E-22));
#15153=DIRECTION('',(2.39150255270389E-37,1.,-2.28934894163857E-22));
#15154=DIRECTION('',(0.,0.,-1.));
#15155=DIRECTION('center_axis',(2.39150259442963E-37,1.,0.));
#15156=DIRECTION('ref_axis',(1.,-2.39150259442963E-37,-1.82260269476818E-23));
#15157=DIRECTION('',(1.,-2.39150259442963E-37,-1.82260269476818E-23));
#15158=DIRECTION('',(0.,0.,-1.));
#15159=DIRECTION('center_axis',(1.,-2.39150209427081E-37,0.));
#15160=DIRECTION('ref_axis',(-2.39150209427081E-37,-1.,2.74420100647171E-21));
#15161=DIRECTION('',(-2.39150209427081E-37,-1.,1.17600681205918E-69));
#15162=DIRECTION('',(-2.39150209427081E-37,-1.,2.74420100647171E-21));
#15163=DIRECTION('center_axis',(0.,0.,-1.));
#15164=DIRECTION('ref_axis',(-1.,0.,0.));
#15165=DIRECTION('center_axis',(4.917440025984E-33,0.,1.));
#15166=DIRECTION('ref_axis',(1.,0.,-4.917440025984E-33));
#15167=DIRECTION('',(2.39150255270389E-37,1.,-1.1760070374909E-69));
#15168=DIRECTION('',(2.39150255270389E-37,1.,-1.1760070374909E-69));
#15169=DIRECTION('',(1.,-2.39157934407558E-37,-4.917440025984E-33));
#15170=DIRECTION('',(-2.39150133066116E-37,-1.,1.17600643655872E-69));
#15171=DIRECTION('center_axis',(2.39157934407558E-37,1.,0.));
#15172=DIRECTION('ref_axis',(1.,-2.39157934407558E-37,-3.35428864926836E-20));
#15173=DIRECTION('',(0.,0.,-1.));
#15174=DIRECTION('',(1.,-2.39157934407558E-37,-3.35428864926836E-20));
#15175=DIRECTION('',(0.,0.,-1.));
#15176=DIRECTION('center_axis',(-1.,2.39150255270389E-37,0.));
#15177=DIRECTION('ref_axis',(2.39150255270389E-37,1.,-2.28934894163857E-22));
#15178=DIRECTION('',(2.39150255270389E-37,1.,-2.28934894163857E-22));
#15179=DIRECTION('center_axis',(1.,-2.39150133066116E-37,0.));
#15180=DIRECTION('ref_axis',(-2.39150133066116E-37,-1.,6.93386698731114E-21));
#15181=DIRECTION('',(-2.39150133066116E-37,-1.,6.93386698731114E-21));
#15182=DIRECTION('center_axis',(0.,0.,-1.));
#15183=DIRECTION('ref_axis',(-1.,0.,0.));
#15184=DIRECTION('center_axis',(2.39150259442963E-37,1.,0.));
#15185=DIRECTION('ref_axis',(1.,-2.39150259442963E-37,-1.82260269476818E-23));
#15186=DIRECTION('',(0.,0.,-1.));
#15187=DIRECTION('',(1.,-2.39150259442963E-37,-1.82260269476818E-23));
#15188=DIRECTION('',(0.,0.,-1.));
#15189=DIRECTION('center_axis',(1.,-2.39150209427081E-37,0.));
#15190=DIRECTION('ref_axis',(-2.39150209427081E-37,-1.,2.74420100647171E-21));
#15191=DIRECTION('',(-2.39150209427081E-37,-1.,1.17600681205918E-69));
#15192=DIRECTION('',(-2.39150209427081E-37,-1.,2.74420100647171E-21));
#15193=DIRECTION('center_axis',(-1.,2.39150255270389E-37,0.));
#15194=DIRECTION('ref_axis',(2.39150255270389E-37,1.,-2.28934894163857E-22));
#15195=DIRECTION('',(2.39150255270389E-37,1.,-2.28934894163857E-22));
#15196=DIRECTION('center_axis',(0.,0.,-1.));
#15197=DIRECTION('ref_axis',(-1.,0.,0.));
#15198=DIRECTION('center_axis',(4.917440025984E-33,0.,1.));
#15199=DIRECTION('ref_axis',(1.,0.,-4.917440025984E-33));
#15200=DIRECTION('',(2.39150255270389E-37,1.,-1.1760070374909E-69));
#15201=DIRECTION('',(2.39150255270389E-37,1.,-1.1760070374909E-69));
#15202=DIRECTION('',(1.,-2.39157934407558E-37,-4.917440025984E-33));
#15203=DIRECTION('',(-2.39150133066116E-37,-1.,1.17600643655872E-69));
#15204=DIRECTION('center_axis',(0.,0.,-1.));
#15205=DIRECTION('ref_axis',(-1.,0.,0.));
#15206=DIRECTION('',(-2.39150133066116E-37,-1.,6.93386698731114E-21));
#15207=DIRECTION('',(1.,-2.39157934407558E-37,-3.35428864926836E-20));
#15208=DIRECTION('',(2.39150255270389E-37,1.,-2.28934894163857E-22));
#15209=DIRECTION('center_axis',(-1.,2.39150255270389E-37,0.));
#15210=DIRECTION('ref_axis',(2.39150255270389E-37,1.,-2.28934894163857E-22));
#15211=DIRECTION('',(0.,0.,-1.));
#15212=DIRECTION('center_axis',(2.39157934407558E-37,1.,0.));
#15213=DIRECTION('ref_axis',(1.,-2.39157934407558E-37,-3.35428864926836E-20));
#15214=DIRECTION('',(0.,0.,-1.));
#15215=DIRECTION('center_axis',(1.,-2.39150133066116E-37,0.));
#15216=DIRECTION('ref_axis',(-2.39150133066116E-37,-1.,6.93386698731114E-21));
#15217=DIRECTION('center_axis',(-1.,2.39150255270389E-37,0.));
#15218=DIRECTION('ref_axis',(2.39150255270389E-37,1.,-2.28934894163857E-22));
#15219=DIRECTION('',(2.39150255270389E-37,1.,-2.28934894163857E-22));
#15220=DIRECTION('',(0.,0.,-1.));
#15221=DIRECTION('center_axis',(2.39150259442963E-37,1.,0.));
#15222=DIRECTION('ref_axis',(1.,-2.39150259442963E-37,-1.82260269476818E-23));
#15223=DIRECTION('',(1.,-2.39150259442963E-37,-1.82260269476818E-23));
#15224=DIRECTION('',(0.,0.,-1.));
#15225=DIRECTION('center_axis',(1.,-2.39150209427081E-37,0.));
#15226=DIRECTION('ref_axis',(-2.39150209427081E-37,-1.,2.74420100647171E-21));
#15227=DIRECTION('',(-2.39150209427081E-37,-1.,1.17600681205918E-69));
#15228=DIRECTION('',(-2.39150209427081E-37,-1.,2.74420100647171E-21));
#15229=DIRECTION('center_axis',(0.,0.,-1.));
#15230=DIRECTION('ref_axis',(-1.,0.,0.));
#15231=DIRECTION('center_axis',(4.917440025984E-33,0.,1.));
#15232=DIRECTION('ref_axis',(1.,0.,-4.917440025984E-33));
#15233=DIRECTION('',(2.39150255270389E-37,1.,-1.1760070374909E-69));
#15234=DIRECTION('',(2.39150255270389E-37,1.,-1.1760070374909E-69));
#15235=DIRECTION('',(1.,-2.39157934407558E-37,-4.917440025984E-33));
#15236=DIRECTION('',(-2.39150133066116E-37,-1.,1.17600643655872E-69));
#15237=DIRECTION('center_axis',(0.,0.,-1.));
#15238=DIRECTION('ref_axis',(-1.,0.,0.));
#15239=DIRECTION('',(-2.39150133066116E-37,-1.,6.93386698731114E-21));
#15240=DIRECTION('',(1.,-2.39157934407558E-37,-3.35428864926836E-20));
#15241=DIRECTION('',(2.39150255270389E-37,1.,-2.28934894163857E-22));
#15242=DIRECTION('center_axis',(-1.,2.39150255270389E-37,0.));
#15243=DIRECTION('ref_axis',(2.39150255270389E-37,1.,-2.28934894163857E-22));
#15244=DIRECTION('',(0.,0.,-1.));
#15245=DIRECTION('center_axis',(2.39157934407558E-37,1.,0.));
#15246=DIRECTION('ref_axis',(1.,-2.39157934407558E-37,-3.35428864926836E-20));
#15247=DIRECTION('',(0.,0.,-1.));
#15248=DIRECTION('center_axis',(1.,-2.39150133066116E-37,0.));
#15249=DIRECTION('ref_axis',(-2.39150133066116E-37,-1.,6.93386698731114E-21));
#15250=DIRECTION('center_axis',(-1.,2.39150255270389E-37,0.));
#15251=DIRECTION('ref_axis',(2.39150255270389E-37,1.,-2.28934894163857E-22));
#15252=DIRECTION('',(2.39150255270389E-37,1.,-2.28934894163857E-22));
#15253=DIRECTION('',(0.,0.,-1.));
#15254=DIRECTION('center_axis',(2.39150259442963E-37,1.,0.));
#15255=DIRECTION('ref_axis',(1.,-2.39150259442963E-37,-1.82260269476818E-23));
#15256=DIRECTION('',(1.,-2.39150259442963E-37,-1.82260269476818E-23));
#15257=DIRECTION('',(0.,0.,-1.));
#15258=DIRECTION('center_axis',(1.,-2.39150209427081E-37,0.));
#15259=DIRECTION('ref_axis',(-2.39150209427081E-37,-1.,2.74420100647171E-21));
#15260=DIRECTION('',(-2.39150209427081E-37,-1.,1.17600681205918E-69));
#15261=DIRECTION('',(-2.39150209427081E-37,-1.,2.74420100647171E-21));
#15262=DIRECTION('center_axis',(0.,0.,-1.));
#15263=DIRECTION('ref_axis',(-1.,0.,0.));
#15264=DIRECTION('center_axis',(4.917440025984E-33,0.,1.));
#15265=DIRECTION('ref_axis',(1.,0.,-4.917440025984E-33));
#15266=DIRECTION('',(2.39150255270389E-37,1.,-1.1760070374909E-69));
#15267=DIRECTION('',(2.39150255270389E-37,1.,-1.1760070374909E-69));
#15268=DIRECTION('',(1.,-2.39157934407558E-37,-4.917440025984E-33));
#15269=DIRECTION('',(-2.39150133066116E-37,-1.,1.17600643655872E-69));
#15270=DIRECTION('center_axis',(2.39157934407558E-37,1.,0.));
#15271=DIRECTION('ref_axis',(1.,-2.39157934407558E-37,-3.35428864926836E-20));
#15272=DIRECTION('',(0.,0.,-1.));
#15273=DIRECTION('',(1.,-2.39157934407558E-37,-3.35428864926836E-20));
#15274=DIRECTION('',(0.,0.,-1.));
#15275=DIRECTION('center_axis',(-1.,2.39150255270389E-37,0.));
#15276=DIRECTION('ref_axis',(2.39150255270389E-37,1.,-2.28934894163857E-22));
#15277=DIRECTION('',(2.39150255270389E-37,1.,-2.28934894163857E-22));
#15278=DIRECTION('center_axis',(1.,-2.39150133066116E-37,0.));
#15279=DIRECTION('ref_axis',(-2.39150133066116E-37,-1.,6.93386698731114E-21));
#15280=DIRECTION('',(-2.39150133066116E-37,-1.,6.93386698731114E-21));
#15281=DIRECTION('center_axis',(0.,0.,-1.));
#15282=DIRECTION('ref_axis',(-1.,0.,0.));
#15283=DIRECTION('center_axis',(2.39150259442963E-37,1.,0.));
#15284=DIRECTION('ref_axis',(1.,-2.39150259442963E-37,-1.82260269476818E-23));
#15285=DIRECTION('',(0.,0.,-1.));
#15286=DIRECTION('',(1.,-2.39150259442963E-37,-1.82260269476818E-23));
#15287=DIRECTION('',(0.,0.,-1.));
#15288=DIRECTION('center_axis',(1.,-2.39150209427081E-37,0.));
#15289=DIRECTION('ref_axis',(-2.39150209427081E-37,-1.,2.74420100647171E-21));
#15290=DIRECTION('',(-2.39150209427081E-37,-1.,1.17600681205918E-69));
#15291=DIRECTION('',(-2.39150209427081E-37,-1.,2.74420100647171E-21));
#15292=DIRECTION('center_axis',(-1.,2.39150255270389E-37,0.));
#15293=DIRECTION('ref_axis',(2.39150255270389E-37,1.,-2.28934894163857E-22));
#15294=DIRECTION('',(2.39150255270389E-37,1.,-2.28934894163857E-22));
#15295=DIRECTION('center_axis',(0.,0.,-1.));
#15296=DIRECTION('ref_axis',(-1.,0.,0.));
#15297=DIRECTION('center_axis',(4.917440025984E-33,0.,1.));
#15298=DIRECTION('ref_axis',(1.,0.,-4.917440025984E-33));
#15299=DIRECTION('',(2.39150255270389E-37,1.,-1.1760070374909E-69));
#15300=DIRECTION('',(2.39150255270389E-37,1.,-1.1760070374909E-69));
#15301=DIRECTION('',(1.,-2.39157934407558E-37,-4.917440025984E-33));
#15302=DIRECTION('',(-2.39150133066116E-37,-1.,1.17600643655872E-69));
#15303=DIRECTION('center_axis',(0.,0.,-1.));
#15304=DIRECTION('ref_axis',(-1.,0.,0.));
#15305=DIRECTION('',(-2.39150133066116E-37,-1.,6.93386698731114E-21));
#15306=DIRECTION('',(1.,-2.39157934407558E-37,-3.35428864926836E-20));
#15307=DIRECTION('',(2.39150255270389E-37,1.,-2.28934894163857E-22));
#15308=DIRECTION('center_axis',(-1.,2.39150255270389E-37,0.));
#15309=DIRECTION('ref_axis',(2.39150255270389E-37,1.,-2.28934894163857E-22));
#15310=DIRECTION('',(0.,0.,-1.));
#15311=DIRECTION('center_axis',(2.39157934407558E-37,1.,0.));
#15312=DIRECTION('ref_axis',(1.,-2.39157934407558E-37,-3.35428864926836E-20));
#15313=DIRECTION('',(0.,0.,-1.));
#15314=DIRECTION('center_axis',(1.,-2.39150133066116E-37,0.));
#15315=DIRECTION('ref_axis',(-2.39150133066116E-37,-1.,6.93386698731114E-21));
#15316=DIRECTION('center_axis',(-1.,2.39150255270389E-37,0.));
#15317=DIRECTION('ref_axis',(2.39150255270389E-37,1.,-2.28934894163857E-22));
#15318=DIRECTION('',(2.39150255270389E-37,1.,-2.28934894163857E-22));
#15319=DIRECTION('',(0.,0.,-1.));
#15320=DIRECTION('center_axis',(2.39150259442963E-37,1.,0.));
#15321=DIRECTION('ref_axis',(1.,-2.39150259442963E-37,-1.82260269476818E-23));
#15322=DIRECTION('',(1.,-2.39150259442963E-37,-1.82260269476818E-23));
#15323=DIRECTION('',(0.,0.,-1.));
#15324=DIRECTION('center_axis',(1.,-2.39150209427081E-37,0.));
#15325=DIRECTION('ref_axis',(-2.39150209427081E-37,-1.,2.74420100647171E-21));
#15326=DIRECTION('',(-2.39150209427081E-37,-1.,1.17600681205918E-69));
#15327=DIRECTION('',(-2.39150209427081E-37,-1.,2.74420100647171E-21));
#15328=DIRECTION('center_axis',(0.,0.,-1.));
#15329=DIRECTION('ref_axis',(-1.,0.,0.));
#15330=DIRECTION('center_axis',(4.917440025984E-33,0.,1.));
#15331=DIRECTION('ref_axis',(1.,0.,-4.917440025984E-33));
#15332=DIRECTION('',(2.39150255270389E-37,1.,-1.1760070374909E-69));
#15333=DIRECTION('',(2.39150255270389E-37,1.,-1.1760070374909E-69));
#15334=DIRECTION('',(1.,-2.39157934407558E-37,-4.917440025984E-33));
#15335=DIRECTION('',(-2.39150133066116E-37,-1.,1.17600643655872E-69));
#15336=DIRECTION('center_axis',(0.,0.,-1.));
#15337=DIRECTION('ref_axis',(-1.,0.,0.));
#15338=DIRECTION('',(-2.39150133066116E-37,-1.,6.93386698731114E-21));
#15339=DIRECTION('',(1.,-2.39157934407558E-37,-3.35428864926836E-20));
#15340=DIRECTION('',(2.39150255270389E-37,1.,-2.28934894163857E-22));
#15341=DIRECTION('center_axis',(-1.,2.39150255270389E-37,0.));
#15342=DIRECTION('ref_axis',(2.39150255270389E-37,1.,-2.28934894163857E-22));
#15343=DIRECTION('',(0.,0.,-1.));
#15344=DIRECTION('center_axis',(2.39157934407558E-37,1.,0.));
#15345=DIRECTION('ref_axis',(1.,-2.39157934407558E-37,-3.35428864926836E-20));
#15346=DIRECTION('',(0.,0.,-1.));
#15347=DIRECTION('center_axis',(1.,-2.39150133066116E-37,0.));
#15348=DIRECTION('ref_axis',(-2.39150133066116E-37,-1.,6.93386698731114E-21));
#15349=DIRECTION('center_axis',(-1.,2.39150255270389E-37,0.));
#15350=DIRECTION('ref_axis',(2.39150255270389E-37,1.,-2.28934894163857E-22));
#15351=DIRECTION('',(2.39150255270389E-37,1.,-2.28934894163857E-22));
#15352=DIRECTION('',(0.,0.,-1.));
#15353=DIRECTION('center_axis',(2.39150259442963E-37,1.,0.));
#15354=DIRECTION('ref_axis',(1.,-2.39150259442963E-37,-1.82260269476818E-23));
#15355=DIRECTION('',(1.,-2.39150259442963E-37,-1.82260269476818E-23));
#15356=DIRECTION('',(0.,0.,-1.));
#15357=DIRECTION('center_axis',(1.,-2.39150209427081E-37,0.));
#15358=DIRECTION('ref_axis',(-2.39150209427081E-37,-1.,2.74420100647171E-21));
#15359=DIRECTION('',(-2.39150209427081E-37,-1.,1.17600681205918E-69));
#15360=DIRECTION('',(-2.39150209427081E-37,-1.,2.74420100647171E-21));
#15361=DIRECTION('center_axis',(0.,0.,-1.));
#15362=DIRECTION('ref_axis',(-1.,0.,0.));
#15363=DIRECTION('center_axis',(4.917440025984E-33,0.,1.));
#15364=DIRECTION('ref_axis',(1.,0.,-4.917440025984E-33));
#15365=DIRECTION('',(2.39150255270389E-37,1.,-1.1760070374909E-69));
#15366=DIRECTION('',(2.39150255270389E-37,1.,-1.1760070374909E-69));
#15367=DIRECTION('',(1.,-2.39157934407558E-37,-4.917440025984E-33));
#15368=DIRECTION('',(-2.39150133066116E-37,-1.,1.17600643655872E-69));
#15369=DIRECTION('center_axis',(2.39157934407558E-37,1.,0.));
#15370=DIRECTION('ref_axis',(1.,-2.39157934407558E-37,-3.35428864926836E-20));
#15371=DIRECTION('',(0.,0.,-1.));
#15372=DIRECTION('',(1.,-2.39157934407558E-37,-3.35428864926836E-20));
#15373=DIRECTION('',(0.,0.,-1.));
#15374=DIRECTION('center_axis',(-1.,2.39150255270389E-37,0.));
#15375=DIRECTION('ref_axis',(2.39150255270389E-37,1.,-2.28934894163857E-22));
#15376=DIRECTION('',(2.39150255270389E-37,1.,-2.28934894163857E-22));
#15377=DIRECTION('center_axis',(1.,-2.39150133066116E-37,0.));
#15378=DIRECTION('ref_axis',(-2.39150133066116E-37,-1.,6.93386698731114E-21));
#15379=DIRECTION('',(-2.39150133066116E-37,-1.,6.93386698731114E-21));
#15380=DIRECTION('center_axis',(0.,0.,-1.));
#15381=DIRECTION('ref_axis',(-1.,0.,0.));
#15382=DIRECTION('center_axis',(2.39150259442963E-37,1.,0.));
#15383=DIRECTION('ref_axis',(1.,-2.39150259442963E-37,-1.82260269476818E-23));
#15384=DIRECTION('',(0.,0.,-1.));
#15385=DIRECTION('',(1.,-2.39150259442963E-37,-1.82260269476818E-23));
#15386=DIRECTION('',(0.,0.,-1.));
#15387=DIRECTION('center_axis',(1.,-2.39150209427081E-37,0.));
#15388=DIRECTION('ref_axis',(-2.39150209427081E-37,-1.,2.74420100647171E-21));
#15389=DIRECTION('',(-2.39150209427081E-37,-1.,1.17600681205918E-69));
#15390=DIRECTION('',(-2.39150209427081E-37,-1.,2.74420100647171E-21));
#15391=DIRECTION('center_axis',(-1.,2.39150255270389E-37,0.));
#15392=DIRECTION('ref_axis',(2.39150255270389E-37,1.,-2.28934894163857E-22));
#15393=DIRECTION('',(2.39150255270389E-37,1.,-2.28934894163857E-22));
#15394=DIRECTION('center_axis',(0.,0.,-1.));
#15395=DIRECTION('ref_axis',(-1.,0.,0.));
#15396=DIRECTION('center_axis',(4.917440025984E-33,0.,1.));
#15397=DIRECTION('ref_axis',(1.,0.,-4.917440025984E-33));
#15398=DIRECTION('',(2.39150255270389E-37,1.,-1.1760070374909E-69));
#15399=DIRECTION('',(2.39150255270389E-37,1.,-1.1760070374909E-69));
#15400=DIRECTION('',(1.,-2.39157934407558E-37,-4.917440025984E-33));
#15401=DIRECTION('',(-2.39150133066116E-37,-1.,1.17600643655872E-69));
#15402=DIRECTION('center_axis',(0.,0.,-1.));
#15403=DIRECTION('ref_axis',(-1.,0.,0.));
#15404=DIRECTION('',(-2.39150133066116E-37,-1.,6.93386698731114E-21));
#15405=DIRECTION('',(1.,-2.39157934407558E-37,-3.35428864926836E-20));
#15406=DIRECTION('',(2.39150255270389E-37,1.,-2.28934894163857E-22));
#15407=DIRECTION('center_axis',(-1.,2.39150255270389E-37,0.));
#15408=DIRECTION('ref_axis',(2.39150255270389E-37,1.,-2.28934894163857E-22));
#15409=DIRECTION('',(0.,0.,-1.));
#15410=DIRECTION('center_axis',(2.39157934407558E-37,1.,0.));
#15411=DIRECTION('ref_axis',(1.,-2.39157934407558E-37,-3.35428864926836E-20));
#15412=DIRECTION('',(0.,0.,-1.));
#15413=DIRECTION('center_axis',(1.,-2.39150133066116E-37,0.));
#15414=DIRECTION('ref_axis',(-2.39150133066116E-37,-1.,6.93386698731114E-21));
#15415=DIRECTION('center_axis',(-1.,2.39150255270389E-37,0.));
#15416=DIRECTION('ref_axis',(2.39150255270389E-37,1.,-2.28934894163857E-22));
#15417=DIRECTION('',(2.39150255270389E-37,1.,-2.28934894163857E-22));
#15418=DIRECTION('',(0.,0.,-1.));
#15419=DIRECTION('center_axis',(2.39150259442963E-37,1.,0.));
#15420=DIRECTION('ref_axis',(1.,-2.39150259442963E-37,-1.82260269476818E-23));
#15421=DIRECTION('',(1.,-2.39150259442963E-37,-1.82260269476818E-23));
#15422=DIRECTION('',(0.,0.,-1.));
#15423=DIRECTION('center_axis',(1.,-2.39150209427081E-37,0.));
#15424=DIRECTION('ref_axis',(-2.39150209427081E-37,-1.,2.74420100647171E-21));
#15425=DIRECTION('',(-2.39150209427081E-37,-1.,1.17600681205918E-69));
#15426=DIRECTION('',(-2.39150209427081E-37,-1.,2.74420100647171E-21));
#15427=DIRECTION('center_axis',(0.,0.,-1.));
#15428=DIRECTION('ref_axis',(-1.,0.,0.));
#15429=DIRECTION('center_axis',(4.917440025984E-33,0.,1.));
#15430=DIRECTION('ref_axis',(1.,0.,-4.917440025984E-33));
#15431=DIRECTION('',(2.39150255270389E-37,1.,-1.1760070374909E-69));
#15432=DIRECTION('',(2.39150255270389E-37,1.,-1.1760070374909E-69));
#15433=DIRECTION('',(1.,-2.39157934407558E-37,-4.917440025984E-33));
#15434=DIRECTION('',(-2.39150133066116E-37,-1.,1.17600643655872E-69));
#15435=DIRECTION('center_axis',(0.,0.,-1.));
#15436=DIRECTION('ref_axis',(-1.,0.,0.));
#15437=DIRECTION('',(-2.39150133066116E-37,-1.,6.93386698731114E-21));
#15438=DIRECTION('',(1.,-2.39157934407558E-37,-3.35428864926836E-20));
#15439=DIRECTION('',(2.39150255270389E-37,1.,-2.28934894163857E-22));
#15440=DIRECTION('center_axis',(-1.,2.39150255270389E-37,0.));
#15441=DIRECTION('ref_axis',(2.39150255270389E-37,1.,-2.28934894163857E-22));
#15442=DIRECTION('',(0.,0.,-1.));
#15443=DIRECTION('center_axis',(2.39157934407558E-37,1.,0.));
#15444=DIRECTION('ref_axis',(1.,-2.39157934407558E-37,-3.35428864926836E-20));
#15445=DIRECTION('',(0.,0.,-1.));
#15446=DIRECTION('center_axis',(1.,-2.39150133066116E-37,0.));
#15447=DIRECTION('ref_axis',(-2.39150133066116E-37,-1.,6.93386698731114E-21));
#15448=DIRECTION('center_axis',(-1.,2.39150255270389E-37,0.));
#15449=DIRECTION('ref_axis',(2.39150255270389E-37,1.,-2.28934894163857E-22));
#15450=DIRECTION('',(2.39150255270389E-37,1.,-2.28934894163857E-22));
#15451=DIRECTION('',(0.,0.,-1.));
#15452=DIRECTION('center_axis',(2.39150259442963E-37,1.,0.));
#15453=DIRECTION('ref_axis',(1.,-2.39150259442963E-37,-1.82260269476818E-23));
#15454=DIRECTION('',(1.,-2.39150259442963E-37,-1.82260269476818E-23));
#15455=DIRECTION('',(0.,0.,-1.));
#15456=DIRECTION('center_axis',(1.,-2.39150209427081E-37,0.));
#15457=DIRECTION('ref_axis',(-2.39150209427081E-37,-1.,2.74420100647171E-21));
#15458=DIRECTION('',(-2.39150209427081E-37,-1.,1.17600681205918E-69));
#15459=DIRECTION('',(-2.39150209427081E-37,-1.,2.74420100647171E-21));
#15460=DIRECTION('center_axis',(0.,0.,-1.));
#15461=DIRECTION('ref_axis',(-1.,0.,0.));
#15462=DIRECTION('center_axis',(4.917440025984E-33,0.,1.));
#15463=DIRECTION('ref_axis',(1.,0.,-4.917440025984E-33));
#15464=DIRECTION('',(2.39150255270389E-37,1.,-1.1760070374909E-69));
#15465=DIRECTION('',(2.39150255270389E-37,1.,-1.1760070374909E-69));
#15466=DIRECTION('',(1.,-2.39157934407558E-37,-4.917440025984E-33));
#15467=DIRECTION('',(-2.39150133066116E-37,-1.,1.17600643655872E-69));
#15468=DIRECTION('center_axis',(2.39157934407558E-37,1.,0.));
#15469=DIRECTION('ref_axis',(1.,-2.39157934407558E-37,-3.35428864926836E-20));
#15470=DIRECTION('',(0.,0.,-1.));
#15471=DIRECTION('',(1.,-2.39157934407558E-37,-3.35428864926836E-20));
#15472=DIRECTION('',(0.,0.,-1.));
#15473=DIRECTION('center_axis',(-1.,2.39150255270389E-37,0.));
#15474=DIRECTION('ref_axis',(2.39150255270389E-37,1.,-2.28934894163857E-22));
#15475=DIRECTION('',(2.39150255270389E-37,1.,-2.28934894163857E-22));
#15476=DIRECTION('center_axis',(1.,-2.39150133066116E-37,0.));
#15477=DIRECTION('ref_axis',(-2.39150133066116E-37,-1.,6.93386698731114E-21));
#15478=DIRECTION('',(-2.39150133066116E-37,-1.,6.93386698731114E-21));
#15479=DIRECTION('center_axis',(0.,0.,-1.));
#15480=DIRECTION('ref_axis',(-1.,0.,0.));
#15481=DIRECTION('center_axis',(2.39150259442963E-37,1.,0.));
#15482=DIRECTION('ref_axis',(1.,-2.39150259442963E-37,-1.82260269476818E-23));
#15483=DIRECTION('',(0.,0.,-1.));
#15484=DIRECTION('',(1.,-2.39150259442963E-37,-1.82260269476818E-23));
#15485=DIRECTION('',(0.,0.,-1.));
#15486=DIRECTION('center_axis',(1.,-2.39150209427081E-37,0.));
#15487=DIRECTION('ref_axis',(-2.39150209427081E-37,-1.,2.74420100647171E-21));
#15488=DIRECTION('',(-2.39150209427081E-37,-1.,1.17600681205918E-69));
#15489=DIRECTION('',(-2.39150209427081E-37,-1.,2.74420100647171E-21));
#15490=DIRECTION('center_axis',(-1.,2.39150255270389E-37,0.));
#15491=DIRECTION('ref_axis',(2.39150255270389E-37,1.,-2.28934894163857E-22));
#15492=DIRECTION('',(2.39150255270389E-37,1.,-2.28934894163857E-22));
#15493=DIRECTION('center_axis',(0.,0.,-1.));
#15494=DIRECTION('ref_axis',(-1.,0.,0.));
#15495=DIRECTION('center_axis',(4.917440025984E-33,0.,1.));
#15496=DIRECTION('ref_axis',(1.,0.,-4.917440025984E-33));
#15497=DIRECTION('',(2.39150255270389E-37,1.,-1.1760070374909E-69));
#15498=DIRECTION('',(2.39150255270389E-37,1.,-1.1760070374909E-69));
#15499=DIRECTION('',(1.,-2.39157934407558E-37,-4.917440025984E-33));
#15500=DIRECTION('',(-2.39150133066116E-37,-1.,1.17600643655872E-69));
#15501=DIRECTION('center_axis',(0.,0.,-1.));
#15502=DIRECTION('ref_axis',(-1.,0.,0.));
#15503=DIRECTION('',(-2.39150133066116E-37,-1.,6.93386698731114E-21));
#15504=DIRECTION('',(1.,-2.39157934407558E-37,-3.35428864926836E-20));
#15505=DIRECTION('',(2.39150255270389E-37,1.,-2.28934894163857E-22));
#15506=DIRECTION('center_axis',(-1.,2.39150255270389E-37,0.));
#15507=DIRECTION('ref_axis',(2.39150255270389E-37,1.,-2.28934894163857E-22));
#15508=DIRECTION('',(0.,0.,-1.));
#15509=DIRECTION('center_axis',(2.39157934407558E-37,1.,0.));
#15510=DIRECTION('ref_axis',(1.,-2.39157934407558E-37,-3.35428864926836E-20));
#15511=DIRECTION('',(0.,0.,-1.));
#15512=DIRECTION('center_axis',(1.,-2.39150133066116E-37,0.));
#15513=DIRECTION('ref_axis',(-2.39150133066116E-37,-1.,6.93386698731114E-21));
#15514=DIRECTION('center_axis',(-1.,2.39150255270389E-37,0.));
#15515=DIRECTION('ref_axis',(2.39150255270389E-37,1.,-2.28934894163857E-22));
#15516=DIRECTION('',(2.39150255270389E-37,1.,-2.28934894163857E-22));
#15517=DIRECTION('',(0.,0.,-1.));
#15518=DIRECTION('center_axis',(2.39150259442963E-37,1.,0.));
#15519=DIRECTION('ref_axis',(1.,-2.39150259442963E-37,-1.82260269476818E-23));
#15520=DIRECTION('',(1.,-2.39150259442963E-37,-1.82260269476818E-23));
#15521=DIRECTION('',(0.,0.,-1.));
#15522=DIRECTION('center_axis',(1.,-2.39150209427081E-37,0.));
#15523=DIRECTION('ref_axis',(-2.39150209427081E-37,-1.,2.74420100647171E-21));
#15524=DIRECTION('',(-2.39150209427081E-37,-1.,1.17600681205918E-69));
#15525=DIRECTION('',(-2.39150209427081E-37,-1.,2.74420100647171E-21));
#15526=DIRECTION('center_axis',(0.,0.,-1.));
#15527=DIRECTION('ref_axis',(-1.,0.,0.));
#15528=DIRECTION('center_axis',(4.917440025984E-33,0.,1.));
#15529=DIRECTION('ref_axis',(1.,0.,-4.917440025984E-33));
#15530=DIRECTION('',(2.39150255270389E-37,1.,-1.1760070374909E-69));
#15531=DIRECTION('',(2.39150255270389E-37,1.,-1.1760070374909E-69));
#15532=DIRECTION('',(1.,-2.39157934407558E-37,-4.917440025984E-33));
#15533=DIRECTION('',(-2.39150133066116E-37,-1.,1.17600643655872E-69));
#15534=DIRECTION('center_axis',(0.,0.,-1.));
#15535=DIRECTION('ref_axis',(-1.,0.,0.));
#15536=DIRECTION('',(-2.39150133066116E-37,-1.,6.93386698731114E-21));
#15537=DIRECTION('',(1.,-2.39157934407558E-37,-3.35428864926836E-20));
#15538=DIRECTION('',(2.39150255270389E-37,1.,-2.28934894163857E-22));
#15539=DIRECTION('center_axis',(-1.,2.39150255270389E-37,0.));
#15540=DIRECTION('ref_axis',(2.39150255270389E-37,1.,-2.28934894163857E-22));
#15541=DIRECTION('',(0.,0.,-1.));
#15542=DIRECTION('center_axis',(2.39157934407558E-37,1.,0.));
#15543=DIRECTION('ref_axis',(1.,-2.39157934407558E-37,-3.35428864926836E-20));
#15544=DIRECTION('',(0.,0.,-1.));
#15545=DIRECTION('center_axis',(1.,-2.39150133066116E-37,0.));
#15546=DIRECTION('ref_axis',(-2.39150133066116E-37,-1.,6.93386698731114E-21));
#15547=DIRECTION('center_axis',(-1.,2.39150255270389E-37,0.));
#15548=DIRECTION('ref_axis',(2.39150255270389E-37,1.,-2.28934894163857E-22));
#15549=DIRECTION('',(2.39150255270389E-37,1.,-2.28934894163857E-22));
#15550=DIRECTION('',(0.,0.,-1.));
#15551=DIRECTION('center_axis',(2.39150259442963E-37,1.,0.));
#15552=DIRECTION('ref_axis',(1.,-2.39150259442963E-37,-1.82260269476818E-23));
#15553=DIRECTION('',(1.,-2.39150259442963E-37,-1.82260269476818E-23));
#15554=DIRECTION('',(0.,0.,-1.));
#15555=DIRECTION('center_axis',(1.,-2.39150209427081E-37,0.));
#15556=DIRECTION('ref_axis',(-2.39150209427081E-37,-1.,2.74420100647171E-21));
#15557=DIRECTION('',(-2.39150209427081E-37,-1.,1.17600681205918E-69));
#15558=DIRECTION('',(-2.39150209427081E-37,-1.,2.74420100647171E-21));
#15559=DIRECTION('center_axis',(0.,0.,-1.));
#15560=DIRECTION('ref_axis',(-1.,0.,0.));
#15561=DIRECTION('center_axis',(4.917440025984E-33,0.,1.));
#15562=DIRECTION('ref_axis',(1.,0.,-4.917440025984E-33));
#15563=DIRECTION('',(2.39150255270389E-37,1.,-1.1760070374909E-69));
#15564=DIRECTION('',(2.39150255270389E-37,1.,-1.1760070374909E-69));
#15565=DIRECTION('',(1.,-2.39157934407558E-37,-4.917440025984E-33));
#15566=DIRECTION('',(-2.39150133066116E-37,-1.,1.17600643655872E-69));
#15567=DIRECTION('center_axis',(2.39157934407558E-37,1.,0.));
#15568=DIRECTION('ref_axis',(1.,-2.39157934407558E-37,-3.35428864926836E-20));
#15569=DIRECTION('',(0.,0.,-1.));
#15570=DIRECTION('',(1.,-2.39157934407558E-37,-3.35428864926836E-20));
#15571=DIRECTION('',(0.,0.,-1.));
#15572=DIRECTION('center_axis',(-1.,2.39150255270389E-37,0.));
#15573=DIRECTION('ref_axis',(2.39150255270389E-37,1.,-2.28934894163857E-22));
#15574=DIRECTION('',(2.39150255270389E-37,1.,-2.28934894163857E-22));
#15575=DIRECTION('center_axis',(1.,-2.39150133066116E-37,0.));
#15576=DIRECTION('ref_axis',(-2.39150133066116E-37,-1.,6.93386698731114E-21));
#15577=DIRECTION('',(-2.39150133066116E-37,-1.,6.93386698731114E-21));
#15578=DIRECTION('center_axis',(0.,0.,-1.));
#15579=DIRECTION('ref_axis',(-1.,0.,0.));
#15580=DIRECTION('center_axis',(2.39150259442963E-37,1.,0.));
#15581=DIRECTION('ref_axis',(1.,-2.39150259442963E-37,-1.82260269476818E-23));
#15582=DIRECTION('',(0.,0.,-1.));
#15583=DIRECTION('',(1.,-2.39150259442963E-37,-1.82260269476818E-23));
#15584=DIRECTION('',(0.,0.,-1.));
#15585=DIRECTION('center_axis',(1.,-2.39150209427081E-37,0.));
#15586=DIRECTION('ref_axis',(-2.39150209427081E-37,-1.,2.74420100647171E-21));
#15587=DIRECTION('',(-2.39150209427081E-37,-1.,1.17600681205918E-69));
#15588=DIRECTION('',(-2.39150209427081E-37,-1.,2.74420100647171E-21));
#15589=DIRECTION('center_axis',(-1.,2.39150255270389E-37,0.));
#15590=DIRECTION('ref_axis',(2.39150255270389E-37,1.,-2.28934894163857E-22));
#15591=DIRECTION('',(2.39150255270389E-37,1.,-2.28934894163857E-22));
#15592=DIRECTION('center_axis',(0.,0.,-1.));
#15593=DIRECTION('ref_axis',(-1.,0.,0.));
#15594=DIRECTION('center_axis',(4.917440025984E-33,0.,1.));
#15595=DIRECTION('ref_axis',(1.,0.,-4.917440025984E-33));
#15596=DIRECTION('',(2.39150255270389E-37,1.,-1.1760070374909E-69));
#15597=DIRECTION('',(2.39150255270389E-37,1.,-1.1760070374909E-69));
#15598=DIRECTION('',(1.,-2.39157934407558E-37,-4.917440025984E-33));
#15599=DIRECTION('',(-2.39150133066116E-37,-1.,1.17600643655872E-69));
#15600=DIRECTION('center_axis',(0.,0.,-1.));
#15601=DIRECTION('ref_axis',(-1.,0.,0.));
#15602=DIRECTION('',(-2.39150133066116E-37,-1.,6.93386698731114E-21));
#15603=DIRECTION('',(1.,-2.39157934407558E-37,-3.35428864926836E-20));
#15604=DIRECTION('',(2.39150255270389E-37,1.,-2.28934894163857E-22));
#15605=DIRECTION('center_axis',(-1.,2.39150255270389E-37,0.));
#15606=DIRECTION('ref_axis',(2.39150255270389E-37,1.,-2.28934894163857E-22));
#15607=DIRECTION('',(0.,0.,-1.));
#15608=DIRECTION('center_axis',(2.39157934407558E-37,1.,0.));
#15609=DIRECTION('ref_axis',(1.,-2.39157934407558E-37,-3.35428864926836E-20));
#15610=DIRECTION('',(0.,0.,-1.));
#15611=DIRECTION('center_axis',(1.,-2.39150133066116E-37,0.));
#15612=DIRECTION('ref_axis',(-2.39150133066116E-37,-1.,6.93386698731114E-21));
#15613=DIRECTION('center_axis',(-1.,2.39150255270389E-37,0.));
#15614=DIRECTION('ref_axis',(2.39150255270389E-37,1.,-2.28934894163857E-22));
#15615=DIRECTION('',(2.39150255270389E-37,1.,-2.28934894163857E-22));
#15616=DIRECTION('',(0.,0.,-1.));
#15617=DIRECTION('center_axis',(2.39150259442963E-37,1.,0.));
#15618=DIRECTION('ref_axis',(1.,-2.39150259442963E-37,-1.82260269476818E-23));
#15619=DIRECTION('',(1.,-2.39150259442963E-37,-1.82260269476818E-23));
#15620=DIRECTION('',(0.,0.,-1.));
#15621=DIRECTION('center_axis',(1.,-2.39150209427081E-37,0.));
#15622=DIRECTION('ref_axis',(-2.39150209427081E-37,-1.,2.74420100647171E-21));
#15623=DIRECTION('',(-2.39150209427081E-37,-1.,1.17600681205918E-69));
#15624=DIRECTION('',(-2.39150209427081E-37,-1.,2.74420100647171E-21));
#15625=DIRECTION('center_axis',(0.,0.,-1.));
#15626=DIRECTION('ref_axis',(-1.,0.,0.));
#15627=DIRECTION('center_axis',(4.917440025984E-33,0.,1.));
#15628=DIRECTION('ref_axis',(1.,0.,-4.917440025984E-33));
#15629=DIRECTION('',(2.39150255270389E-37,1.,-1.1760070374909E-69));
#15630=DIRECTION('',(2.39150255270389E-37,1.,-1.1760070374909E-69));
#15631=DIRECTION('',(1.,-2.39157934407558E-37,-4.917440025984E-33));
#15632=DIRECTION('',(-2.39150133066116E-37,-1.,1.17600643655872E-69));
#15633=DIRECTION('center_axis',(0.,0.,-1.));
#15634=DIRECTION('ref_axis',(-1.,0.,0.));
#15635=DIRECTION('',(-2.39150133066116E-37,-1.,6.93386698731114E-21));
#15636=DIRECTION('',(1.,-2.39157934407558E-37,-3.35428864926836E-20));
#15637=DIRECTION('',(2.39150255270389E-37,1.,-2.28934894163857E-22));
#15638=DIRECTION('center_axis',(-1.,2.39150255270389E-37,0.));
#15639=DIRECTION('ref_axis',(2.39150255270389E-37,1.,-2.28934894163857E-22));
#15640=DIRECTION('',(0.,0.,-1.));
#15641=DIRECTION('center_axis',(2.39157934407558E-37,1.,0.));
#15642=DIRECTION('ref_axis',(1.,-2.39157934407558E-37,-3.35428864926836E-20));
#15643=DIRECTION('',(0.,0.,-1.));
#15644=DIRECTION('center_axis',(1.,-2.39150133066116E-37,0.));
#15645=DIRECTION('ref_axis',(-2.39150133066116E-37,-1.,6.93386698731114E-21));
#15646=DIRECTION('center_axis',(-1.,2.39150255270389E-37,0.));
#15647=DIRECTION('ref_axis',(2.39150255270389E-37,1.,-2.28934894163857E-22));
#15648=DIRECTION('',(2.39150255270389E-37,1.,-2.28934894163857E-22));
#15649=DIRECTION('',(0.,0.,-1.));
#15650=DIRECTION('center_axis',(2.39150259442963E-37,1.,0.));
#15651=DIRECTION('ref_axis',(1.,-2.39150259442963E-37,-1.82260269476818E-23));
#15652=DIRECTION('',(1.,-2.39150259442963E-37,-1.82260269476818E-23));
#15653=DIRECTION('',(0.,0.,-1.));
#15654=DIRECTION('center_axis',(1.,-2.39150209427081E-37,0.));
#15655=DIRECTION('ref_axis',(-2.39150209427081E-37,-1.,2.74420100647171E-21));
#15656=DIRECTION('',(-2.39150209427081E-37,-1.,1.17600681205918E-69));
#15657=DIRECTION('',(-2.39150209427081E-37,-1.,2.74420100647171E-21));
#15658=DIRECTION('center_axis',(0.,0.,-1.));
#15659=DIRECTION('ref_axis',(-1.,0.,0.));
#15660=DIRECTION('center_axis',(4.917440025984E-33,0.,1.));
#15661=DIRECTION('ref_axis',(1.,0.,-4.917440025984E-33));
#15662=DIRECTION('',(2.39150255270389E-37,1.,-1.1760070374909E-69));
#15663=DIRECTION('',(1.,0.,-4.917440025984E-33));
#15664=DIRECTION('',(2.39150255270389E-37,1.,-1.1760070374909E-69));
#15665=DIRECTION('',(1.,-2.39157934407558E-37,-4.917440025984E-33));
#15666=DIRECTION('',(-2.39150133066116E-37,-1.,1.17600643655872E-69));
#15667=DIRECTION('center_axis',(2.39157934407558E-37,1.,0.));
#15668=DIRECTION('ref_axis',(1.,-2.39157934407558E-37,-3.35428864926836E-20));
#15669=DIRECTION('',(0.,0.,-1.));
#15670=DIRECTION('',(1.,-2.39157934407558E-37,-3.35428864926836E-20));
#15671=DIRECTION('',(0.,0.,-1.));
#15672=DIRECTION('center_axis',(-1.,2.39150255270389E-37,0.));
#15673=DIRECTION('ref_axis',(2.39150255270389E-37,1.,-2.28934894163857E-22));
#15674=DIRECTION('',(2.39150255270389E-37,1.,-2.28934894163857E-22));
#15675=DIRECTION('center_axis',(1.,-2.39150133066116E-37,0.));
#15676=DIRECTION('ref_axis',(-2.39150133066116E-37,-1.,6.93386698731114E-21));
#15677=DIRECTION('',(-2.39150133066116E-37,-1.,6.93386698731114E-21));
#15678=DIRECTION('center_axis',(0.,0.,-1.));
#15679=DIRECTION('ref_axis',(-1.,0.,0.));
#15680=DIRECTION('center_axis',(2.39150259442963E-37,1.,0.));
#15681=DIRECTION('ref_axis',(1.,-2.39150259442963E-37,-1.82260269476818E-23));
#15682=DIRECTION('',(0.,0.,-1.));
#15683=DIRECTION('',(1.,-2.39150259442963E-37,-1.82260269476818E-23));
#15684=DIRECTION('',(0.,0.,-1.));
#15685=DIRECTION('',(1.,0.,-4.917440025984E-33));
#15686=DIRECTION('',(-1.68000965602334E-60,4.01774745104663E-97,-1.));
#15687=DIRECTION('center_axis',(1.,-2.39150209427081E-37,0.));
#15688=DIRECTION('ref_axis',(-2.39150209427081E-37,-1.,2.74420100647171E-21));
#15689=DIRECTION('',(-2.39150209427081E-37,-1.,1.17600681205918E-69));
#15690=DIRECTION('center_axis',(1.,-2.39150209427081E-37,0.));
#15691=DIRECTION('ref_axis',(0.,0.707106781186548,0.707106781186548));
#15692=DIRECTION('',(-2.39150209427081E-37,-1.,2.74420100647171E-21));
#15693=DIRECTION('center_axis',(-1.,2.39150255270389E-37,0.));
#15694=DIRECTION('ref_axis',(2.39150255270389E-37,1.,-2.28934894163857E-22));
#15695=DIRECTION('',(2.39150255270389E-37,1.,-2.28934894163857E-22));
#15696=DIRECTION('center_axis',(-1.,1.19575127635194E-37,8.40004828011668E-61));
#15697=DIRECTION('ref_axis',(-8.40004828011668E-61,0.,-1.));
#15698=DIRECTION('center_axis',(-1.,2.39150255270389E-37,0.));
#15699=DIRECTION('ref_axis',(0.,0.707106781186548,0.707106781186548));
#15700=DIRECTION('center_axis',(0.,0.,-1.));
#15701=DIRECTION('ref_axis',(-1.,0.,0.));
#15702=DIRECTION('center_axis',(1.,-8.90565451924305E-60,-1.68000965602334E-60));
#15703=DIRECTION('ref_axis',(-1.68000965602334E-60,0.,-1.));
#15704=DIRECTION('',(-8.90565527335836E-60,-0.999999999999899,-4.48876110470825E-7));
#15705=DIRECTION('center_axis',(-1.,8.90565451924305E-60,1.68000965602334E-60));
#15706=DIRECTION('ref_axis',(3.25287808261496E-60,0.525731112119134,-0.85065080835204));
#15707=DIRECTION('',(-5.48537609532082E-60,-0.447213595499958,-0.894427190999916));
#15708=DIRECTION('center_axis',(-1.,8.90565451924305E-60,1.68000965602334E-60));
#15709=DIRECTION('ref_axis',(8.28143213638289E-60,0.97324898946773,-0.229752920547362));
#15710=DIRECTION('',(-1.68000965602334E-60,0.,-1.));
#15711=DIRECTION('center_axis',(-1.,8.90565451924305E-60,1.68000965602334E-60));
#15712=DIRECTION('ref_axis',(8.55252787900384E-60,0.866025403784438,0.500000000000001));
#15713=DIRECTION('center_axis',(-1.,8.90565451924305E-60,1.68000965602334E-60));
#15714=DIRECTION('ref_axis',(3.92771771385139E-60,0.258819045102521,0.965925826289068));
#15715=DIRECTION('center_axis',(1.,-8.90565451924305E-60,-1.68000965602334E-60));
#15716=DIRECTION('ref_axis',(0.,0.707106781186548,0.707106781186548));
#15717=DIRECTION('',(1.68000965602334E-60,0.,1.));
#15718=DIRECTION('center_axis',(1.,-8.90565451924305E-60,-1.68000965602334E-60));
#15719=DIRECTION('ref_axis',(0.,0.97324898946773,-0.229752920547361));
#15720=DIRECTION('',(5.48537609532082E-60,0.447213595499958,0.894427190999916));
#15721=DIRECTION('center_axis',(1.,-8.90565451924305E-60,-1.68000965602334E-60));
#15722=DIRECTION('ref_axis',(0.,0.525731112119133,-0.85065080835204));
#15723=DIRECTION('',(8.90565451924305E-60,1.,0.));
#15724=DIRECTION('center_axis',(1.,0.,-4.917440025984E-33));
#15725=DIRECTION('ref_axis',(0.,0.707106781186548,0.707106781186548));
#15726=DIRECTION('',(1.,0.,-4.917440025984E-33));
#15727=DIRECTION('center_axis',(1.,0.,0.));
#15728=DIRECTION('ref_axis',(0.,0.707106781186548,0.707106781186548));
#15729=DIRECTION('',(-1.,0.,4.917440025984E-33));
#15730=DIRECTION('center_axis',(4.917440025984E-33,0.,1.));
#15731=DIRECTION('ref_axis',(1.,0.,-4.917440025984E-33));
#15732=DIRECTION('',(0.,-1.,0.));
#15733=DIRECTION('center_axis',(8.90565527335836E-60,0.999999999999899,
4.48876110470825E-7));
#15734=DIRECTION('ref_axis',(0.707106781186528,3.1740334180683E-7,-0.707106781186496));
#15735=DIRECTION('',(8.90565527335836E-60,0.999999999999899,4.48876110470825E-7));
#15736=DIRECTION('center_axis',(0.,-0.999999999999899,-4.48876111280861E-7));
#15737=DIRECTION('ref_axis',(0.,4.48876111280861E-7,-0.999999999999899));
#15738=DIRECTION('center_axis',(1.,-8.90565451924305E-60,-1.68000965602334E-60));
#15739=DIRECTION('ref_axis',(0.,0.,-1.));
#15740=DIRECTION('center_axis',(0.,-0.447213595499956,-0.894427190999917));
#15741=DIRECTION('ref_axis',(0.,0.894427190999917,-0.447213595499956));
#15742=DIRECTION('center_axis',(1.,-8.90565451924305E-60,-1.68000965602334E-60));
#15743=DIRECTION('ref_axis',(0.,0.525731112119134,-0.85065080835204));
#15744=DIRECTION('center_axis',(5.48537609532082E-60,0.447213595499958,
0.894427190999916));
#15745=DIRECTION('ref_axis',(0.707106781186528,0.632455532033694,-0.316227766016846));
#15746=DIRECTION('center_axis',(0.,-0.447213595499959,-0.894427190999915));
#15747=DIRECTION('ref_axis',(0.,0.894427190999915,-0.447213595499959));
#15748=DIRECTION('',(5.48537609532082E-60,0.447213595499958,0.894427190999916));
#15749=DIRECTION('center_axis',(1.,-8.90565451924305E-60,-1.68000965602334E-60));
#15750=DIRECTION('ref_axis',(0.,0.,-1.));
#15751=DIRECTION('center_axis',(0.,-2.22044604925031E-15,-1.));
#15752=DIRECTION('ref_axis',(0.,1.,-2.22044604925031E-15));
#15753=DIRECTION('center_axis',(1.,-8.90565451924305E-60,-1.68000965602334E-60));
#15754=DIRECTION('ref_axis',(0.,0.97324898946773,-0.229752920547362));
#15755=DIRECTION('center_axis',(1.68000965602334E-60,0.,1.));
#15756=DIRECTION('ref_axis',(0.707106781186527,0.707106781186568,0.));
#15757=DIRECTION('center_axis',(0.,0.,-1.));
#15758=DIRECTION('ref_axis',(0.,1.,0.));
#15759=DIRECTION('',(1.68000965602334E-60,0.,1.));
#15760=DIRECTION('center_axis',(1.,-8.90565451924305E-60,-1.68000965602334E-60));
#15761=DIRECTION('ref_axis',(0.,0.,-1.));
#15762=DIRECTION('center_axis',(0.,0.866025403784439,-0.5));
#15763=DIRECTION('ref_axis',(0.,0.5,0.866025403784438));
#15764=DIRECTION('center_axis',(1.,-8.90565451924305E-60,-1.68000965602334E-60));
#15765=DIRECTION('ref_axis',(0.,0.866025403784438,0.500000000000001));
#15766=DIRECTION('center_axis',(1.,-8.90565451924305E-60,-1.68000965602334E-60));
#15767=DIRECTION('ref_axis',(0.,0.,-1.));
#15768=DIRECTION('center_axis',(1.,0.,0.));
#15769=DIRECTION('ref_axis',(0.,1.,2.66453525910038E-15));
#15770=DIRECTION('',(1.,0.,0.));
#15771=DIRECTION('center_axis',(-1.,8.90565451924305E-60,1.68000965602334E-60));
#15772=DIRECTION('ref_axis',(0.,0.866025403784438,0.500000000000001));
#15773=DIRECTION('center_axis',(0.,1.,0.));
#15774=DIRECTION('ref_axis',(-1.18841288446078E-61,0.,1.));
#15775=DIRECTION('',(1.,0.,0.));
#15776=DIRECTION('',(-1.68000965602334E-60,0.,-1.));
#15777=DIRECTION('center_axis',(1.,0.,0.));
#15778=DIRECTION('ref_axis',(0.,0.894427190999916,-0.447213595499958));
#15779=DIRECTION('',(1.,0.,0.));
#15780=DIRECTION('center_axis',(-1.,8.90565451924305E-60,1.68000965602334E-60));
#15781=DIRECTION('ref_axis',(0.,0.97324898946773,-0.229752920547362));
#15782=DIRECTION('center_axis',(0.,0.894427190999916,-0.447213595499958));
#15783=DIRECTION('ref_axis',(-3.91632742932405E-60,0.447213595499958,0.894427190999916));
#15784=DIRECTION('',(1.,0.,0.));
#15785=DIRECTION('',(-5.48537609532082E-60,-0.447213595499958,-0.894427190999916));
#15786=DIRECTION('center_axis',(1.,0.,0.));
#15787=DIRECTION('ref_axis',(0.,-3.70074341541719E-16,-1.));
#15788=DIRECTION('',(1.,0.,0.));
#15789=DIRECTION('center_axis',(-1.,8.90565451924305E-60,1.68000965602334E-60));
#15790=DIRECTION('ref_axis',(0.,0.525731112119134,-0.85065080835204));
#15791=DIRECTION('center_axis',(0.,4.48876110470825E-7,-0.999999999999899));
#15792=DIRECTION('ref_axis',(-5.06078815025865E-60,0.999999999999899,4.48876110470825E-7));
#15793=DIRECTION('',(-8.90565527335836E-60,-0.999999999999899,-4.48876110470825E-7));
#15794=DIRECTION('center_axis',(0.,1.,0.));
#15795=DIRECTION('ref_axis',(0.707106781186527,0.,0.707106781186567));
#15796=DIRECTION('',(0.,1.,0.));
#15797=DIRECTION('center_axis',(0.,-1.,0.));
#15798=DIRECTION('ref_axis',(1.,0.,0.));
#15799=DIRECTION('center_axis',(-1.,0.,0.));
#15800=DIRECTION('ref_axis',(0.,0.,1.));
#15801=DIRECTION('center_axis',(0.,0.,1.));
#15802=DIRECTION('ref_axis',(1.,0.,0.));
#15803=DIRECTION('center_axis',(-1.,0.,0.));
#15804=DIRECTION('ref_axis',(0.,0.707106781186548,0.707106781186548));
#15805=DIRECTION('center_axis',(0.,0.,-1.));
#15806=DIRECTION('ref_axis',(0.707106781186528,0.707106781186567,0.));
#15807=DIRECTION('center_axis',(0.,0.,1.));
#15808=DIRECTION('ref_axis',(1.,0.,0.));
#15809=DIRECTION('',(0.,0.,1.));
#15810=DIRECTION('',(0.,0.,-1.));
#15811=DIRECTION('center_axis',(-1.,0.,0.));
#15812=DIRECTION('ref_axis',(0.,0.,1.));
#15813=DIRECTION('center_axis',(0.,0.447213595499958,0.894427190999916));
#15814=DIRECTION('ref_axis',(1.,0.,0.));
#15815=DIRECTION('center_axis',(1.,0.,0.));
#15816=DIRECTION('ref_axis',(0.,0.97324898946773,-0.229752920547361));
#15817=DIRECTION('center_axis',(-1.,0.,0.));
#15818=DIRECTION('ref_axis',(0.,0.97324898946773,-0.229752920547361));
#15819=DIRECTION('center_axis',(0.,-0.447213595499958,-0.894427190999916));
#15820=DIRECTION('ref_axis',(0.707106781186528,0.632455532033694,-0.316227766016847));
#15821=DIRECTION('center_axis',(0.,0.447213595499957,0.894427190999916));
#15822=DIRECTION('ref_axis',(1.,0.,0.));
#15823=DIRECTION('',(0.,0.447213595499958,0.894427190999916));
#15824=DIRECTION('',(0.,-0.447213595499958,-0.894427190999916));
#15825=DIRECTION('center_axis',(-1.,0.,0.));
#15826=DIRECTION('ref_axis',(0.,0.,1.));
#15827=DIRECTION('center_axis',(0.,1.,2.7755575615629E-16));
#15828=DIRECTION('ref_axis',(1.,0.,0.));
#15829=DIRECTION('center_axis',(1.,0.,0.));
#15830=DIRECTION('ref_axis',(0.,0.525731112119134,-0.85065080835204));
#15831=DIRECTION('center_axis',(-1.,0.,0.));
#15832=DIRECTION('ref_axis',(0.,0.525731112119134,-0.85065080835204));
#15833=DIRECTION('center_axis',(0.,1.,0.));
#15834=DIRECTION('ref_axis',(0.707106781186527,0.,-0.707106781186568));
#15835=DIRECTION('',(0.,1.,0.));
#15836=DIRECTION('',(0.,-1.,0.));
#15837=DIRECTION('center_axis',(1.,0.,0.));
#15838=DIRECTION('ref_axis',(0.,0.,-1.));
#15839=DIRECTION('center_axis',(1.,0.,0.));
#15840=DIRECTION('ref_axis',(0.,0.,-1.));
#15841=DIRECTION('center_axis',(0.,0.,1.));
#15842=DIRECTION('ref_axis',(0.,1.,0.));
#15843=DIRECTION('center_axis',(-1.,0.,0.));
#15844=DIRECTION('ref_axis',(0.,0.707106781186548,0.707106781186548));
#15845=DIRECTION('center_axis',(0.,0.,1.));
#15846=DIRECTION('ref_axis',(-0.707106781186547,0.707106781186548,0.));
#15847=DIRECTION('center_axis',(0.,0.,1.));
#15848=DIRECTION('ref_axis',(1.77635683940025E-14,1.,0.));
#15849=DIRECTION('',(0.,0.,-1.));
#15850=DIRECTION('center_axis',(1.,0.,0.));
#15851=DIRECTION('ref_axis',(0.,0.,-1.));
#15852=DIRECTION('center_axis',(0.,0.447213595499958,0.894427190999916));
#15853=DIRECTION('ref_axis',(0.,0.894427190999916,-0.447213595499958));
#15854=DIRECTION('center_axis',(-1.,0.,0.));
#15855=DIRECTION('ref_axis',(0.,0.97324898946773,-0.229752920547361));
#15856=DIRECTION('center_axis',(0.,0.447213595499958,0.894427190999916));
#15857=DIRECTION('ref_axis',(-0.707106781186534,0.632455532033688,-0.316227766016843));
#15858=DIRECTION('center_axis',(0.,0.447213595499958,0.894427190999916));
#15859=DIRECTION('ref_axis',(-1.77635683940025E-14,0.894427190999916,-0.447213595499958));
#15860=DIRECTION('',(0.,-0.447213595499958,-0.894427190999916));
#15861=DIRECTION('center_axis',(1.,0.,0.));
#15862=DIRECTION('ref_axis',(0.,0.,-1.));
#15863=DIRECTION('center_axis',(-1.,0.,0.));
#15864=DIRECTION('ref_axis',(0.,0.525731112119133,-0.85065080835204));
#15865=DIRECTION('center_axis',(-1.,0.,0.));
#15866=DIRECTION('ref_axis',(0.,0.525731112119133,-0.85065080835204));
#15867=DIRECTION('',(1.,0.,0.));
#15868=DIRECTION('center_axis',(-1.,8.90565451924305E-60,1.68000965602334E-60));
#15869=DIRECTION('ref_axis',(0.,0.525731112119133,-0.85065080835204));
#15870=DIRECTION('center_axis',(0.,0.894427190999916,-0.447213595499958));
#15871=DIRECTION('ref_axis',(0.,0.447213595499958,0.894427190999916));
#15872=DIRECTION('',(-1.,0.,0.));
#15873=DIRECTION('',(-5.48537609532082E-60,-0.447213595499958,-0.894427190999916));
#15874=DIRECTION('center_axis',(1.,0.,0.));
#15875=DIRECTION('ref_axis',(0.,0.97324898946773,-0.229752920547361));
#15876=DIRECTION('',(1.,0.,0.));
#15877=DIRECTION('center_axis',(-1.,8.90565451924305E-60,1.68000965602334E-60));
#15878=DIRECTION('ref_axis',(0.,0.97324898946773,-0.229752920547361));
#15879=DIRECTION('center_axis',(0.,1.,0.));
#15880=DIRECTION('ref_axis',(0.,0.,1.));
#15881=DIRECTION('',(-1.,0.,4.917440025984E-33));
#15882=DIRECTION('',(-1.68000965602334E-60,0.,-1.));
#15883=DIRECTION('center_axis',(1.,0.,-4.917440025984E-33));
#15884=DIRECTION('ref_axis',(0.,0.707106781186548,0.707106781186548));
#15885=DIRECTION('center_axis',(-1.,8.90565451924305E-60,1.68000965602334E-60));
#15886=DIRECTION('ref_axis',(0.,0.707106781186548,0.707106781186548));
#15887=DIRECTION('center_axis',(8.90565527335836E-60,0.999999999999899,
4.48876110470825E-7));
#15888=DIRECTION('ref_axis',(-0.707106781186548,3.17403341806821E-7,-0.707106781186476));
#15889=DIRECTION('',(8.90565527335836E-60,0.999999999999899,4.48876110470825E-7));
#15890=DIRECTION('center_axis',(0.,-0.999999999999899,-4.48876111280861E-7));
#15891=DIRECTION('ref_axis',(-1.,0.,0.));
#15892=DIRECTION('center_axis',(1.,-8.90565451924305E-60,-1.68000965602334E-60));
#15893=DIRECTION('ref_axis',(0.,0.,-1.));
#15894=DIRECTION('center_axis',(0.,-0.447213595499956,-0.894427190999917));
#15895=DIRECTION('ref_axis',(-1.,0.,0.));
#15896=DIRECTION('center_axis',(1.,-8.90565451924305E-60,-1.68000965602334E-60));
#15897=DIRECTION('ref_axis',(3.25287808261496E-60,0.525731112119134,-0.85065080835204));
#15898=DIRECTION('center_axis',(5.48537609532082E-60,0.447213595499958,
0.894427190999916));
#15899=DIRECTION('ref_axis',(-0.707106781186548,0.632455532033676,-0.316227766016836));
#15900=DIRECTION('center_axis',(0.,-0.447213595499959,-0.894427190999915));
#15901=DIRECTION('ref_axis',(-1.,0.,0.));
#15902=DIRECTION('',(5.48537609532082E-60,0.447213595499958,0.894427190999916));
#15903=DIRECTION('center_axis',(1.,-8.90565451924305E-60,-1.68000965602334E-60));
#15904=DIRECTION('ref_axis',(0.,0.,-1.));
#15905=DIRECTION('center_axis',(0.,-2.22044604925031E-15,-1.));
#15906=DIRECTION('ref_axis',(-1.,0.,0.));
#15907=DIRECTION('center_axis',(1.,-8.90565451924305E-60,-1.68000965602334E-60));
#15908=DIRECTION('ref_axis',(8.28143213638289E-60,0.97324898946773,-0.229752920547362));
#15909=DIRECTION('center_axis',(1.68000965602334E-60,0.,1.));
#15910=DIRECTION('ref_axis',(-0.707106781186547,0.707106781186547,0.));
#15911=DIRECTION('center_axis',(0.,0.,-1.));
#15912=DIRECTION('ref_axis',(-1.,0.,0.));
#15913=DIRECTION('',(1.68000965602334E-60,0.,1.));
#15914=DIRECTION('center_axis',(1.,-8.90565451924305E-60,-1.68000965602334E-60));
#15915=DIRECTION('ref_axis',(0.,0.,-1.));
#15916=DIRECTION('center_axis',(1.,-8.90565451924305E-60,-1.68000965602334E-60));
#15917=DIRECTION('ref_axis',(8.55252787900384E-60,0.866025403784438,0.500000000000001));
#15918=DIRECTION('center_axis',(1.,-8.90565451924305E-60,-1.68000965602334E-60));
#15919=DIRECTION('ref_axis',(-1.68000965602334E-60,0.,-1.));
#15920=DIRECTION('center_axis',(0.,0.,-1.));
#15921=DIRECTION('ref_axis',(-1.,0.,0.));
#15922=DIRECTION('',(-1.,0.,0.));
#15923=DIRECTION('center_axis',(-1.,0.,0.));
#15924=DIRECTION('ref_axis',(0.,0.525731112119133,-0.85065080835204));
#15925=DIRECTION('',(1.,0.,0.));
#15926=DIRECTION('center_axis',(0.,0.894427190999916,-0.447213595499958));
#15927=DIRECTION('ref_axis',(0.,0.447213595499958,0.894427190999916));
#15928=DIRECTION('',(-1.,0.,0.));
#15929=DIRECTION('center_axis',(1.,0.,0.));
#15930=DIRECTION('ref_axis',(0.,0.97324898946773,-0.229752920547361));
#15931=DIRECTION('',(1.,0.,0.));
#15932=DIRECTION('center_axis',(0.,1.,0.));
#15933=DIRECTION('ref_axis',(0.,0.,1.));
#15934=DIRECTION('center_axis',(1.,0.,-4.917440025984E-33));
#15935=DIRECTION('ref_axis',(0.,0.707106781186548,0.707106781186548));
#15936=DIRECTION('center_axis',(1.66533437928081E-16,1.,0.));
#15937=DIRECTION('ref_axis',(1.,-1.66533437928081E-16,3.94430452610506E-30));
#15938=CARTESIAN_POINT('',(0.,0.,0.));
#15939=CARTESIAN_POINT('Origin',(28.575,0.0425,-1.97));
#15940=CARTESIAN_POINT('',(1.06,0.0125,-1.94));
#15941=CARTESIAN_POINT('',(0.100000000000001,0.0125,-1.94));
#15942=CARTESIAN_POINT('',(28.575,0.0125,-1.94));
#15943=CARTESIAN_POINT('',(0.100000000000001,0.0725,-2.));
#15944=CARTESIAN_POINT('',(0.100000000000001,0.0125,-1.94));
#15945=CARTESIAN_POINT('',(1.,0.0725,-2.));
#15946=CARTESIAN_POINT('',(28.575,0.0725,-2.));
#15947=CARTESIAN_POINT('',(1.,0.0725,-2.));
#15948=CARTESIAN_POINT('Origin',(1.01999999999998,0.0425,-0.575));
#15949=CARTESIAN_POINT('',(0.989999999999975,0.0125,-0.16));
#15950=CARTESIAN_POINT('',(0.989999999999975,0.0125,-0.36));
#15951=CARTESIAN_POINT('',(0.989999999999975,0.0125,-0.575));
#15952=CARTESIAN_POINT('',(1.04999999999998,0.0725,-0.3));
#15953=CARTESIAN_POINT('',(0.989999999999975,0.0125,-0.36));
#15954=CARTESIAN_POINT('',(1.04999999999998,0.0725,-0.1));
#15955=CARTESIAN_POINT('',(1.04999999999998,0.0725,-0.575));
#15956=CARTESIAN_POINT('',(0.989999999999975,0.0125,-0.16));
#15957=CARTESIAN_POINT('Origin',(9.525,0.0425,-0.13));
#15958=CARTESIAN_POINT('',(37.21,0.0125,-0.16));
#15959=CARTESIAN_POINT('',(38.,0.0125,-0.16));
#15960=CARTESIAN_POINT('',(9.525,0.0125,-0.16));
#15961=CARTESIAN_POINT('',(38.,0.0725,-0.1));
#15962=CARTESIAN_POINT('',(38.,0.0125,-0.16));
#15963=CARTESIAN_POINT('',(37.15,0.0725,-0.1));
#15964=CARTESIAN_POINT('',(9.525,0.0725,-0.1));
#15965=CARTESIAN_POINT('',(37.15,0.0725,-0.1));
#15966=CARTESIAN_POINT('Origin',(37.18,0.0425,-0.575));
#15967=CARTESIAN_POINT('',(37.15,0.0725,-0.3));
#15968=CARTESIAN_POINT('',(37.15,0.0725,-0.575));
#15969=CARTESIAN_POINT('',(37.21,0.0125,-0.36));
#15970=CARTESIAN_POINT('',(37.15,0.0725,-0.3));
#15971=CARTESIAN_POINT('',(37.21,0.0125,-0.575));
#15972=CARTESIAN_POINT('Origin',(1.51999999999998,0.0425,-0.575));
#15973=CARTESIAN_POINT('',(1.48999999999998,0.0125,-0.16));
#15974=CARTESIAN_POINT('',(1.48999999999998,0.0125,-0.36));
#15975=CARTESIAN_POINT('',(1.48999999999998,0.0125,-0.575));
#15976=CARTESIAN_POINT('',(1.54999999999998,0.0725,-0.3));
#15977=CARTESIAN_POINT('',(1.48999999999998,0.0125,-0.36));
#15978=CARTESIAN_POINT('',(1.54999999999998,0.0725,-0.1));
#15979=CARTESIAN_POINT('',(1.54999999999998,0.0725,-0.575));
#15980=CARTESIAN_POINT('',(1.54999999999998,0.0725,-0.1));
#15981=CARTESIAN_POINT('Origin',(37.02,0.0425,-0.575));
#15982=CARTESIAN_POINT('',(37.05,0.0725,-0.3));
#15983=CARTESIAN_POINT('',(37.05,0.0725,-0.1));
#15984=CARTESIAN_POINT('',(37.05,0.0725,-0.575));
#15985=CARTESIAN_POINT('',(36.99,0.0125,-0.16));
#15986=CARTESIAN_POINT('',(37.05,0.0725,-0.1));
#15987=CARTESIAN_POINT('',(36.99,0.0125,-0.36));
#15988=CARTESIAN_POINT('',(36.99,0.0125,-0.575));
#15989=CARTESIAN_POINT('',(36.99,0.0125,-0.36));
#15990=CARTESIAN_POINT('Origin',(9.525,0.0425,-0.13));
#15991=CARTESIAN_POINT('',(36.65,0.0725,-0.1));
#15992=CARTESIAN_POINT('',(9.525,0.0725,-0.1));
#15993=CARTESIAN_POINT('',(36.71,0.0125,-0.16));
#15994=CARTESIAN_POINT('',(36.65,0.0725,-0.1));
#15995=CARTESIAN_POINT('',(9.525,0.0125,-0.16));
#15996=CARTESIAN_POINT('Origin',(36.68,0.0425,-0.575));
#15997=CARTESIAN_POINT('',(36.65,0.0725,-0.3));
#15998=CARTESIAN_POINT('',(36.65,0.0725,-0.575));
#15999=CARTESIAN_POINT('',(36.71,0.0125,-0.36));
#16000=CARTESIAN_POINT('',(36.65,0.0725,-0.3));
#16001=CARTESIAN_POINT('',(36.71,0.0125,-0.575));
#16002=CARTESIAN_POINT('Origin',(2.01999999999998,0.0425,-0.575));
#16003=CARTESIAN_POINT('',(1.98999999999998,0.0125,-0.16));
#16004=CARTESIAN_POINT('',(1.98999999999998,0.0125,-0.36));
#16005=CARTESIAN_POINT('',(1.98999999999998,0.0125,-0.575));
#16006=CARTESIAN_POINT('',(2.04999999999998,0.0725,-0.3));
#16007=CARTESIAN_POINT('',(1.98999999999998,0.0125,-0.36));
#16008=CARTESIAN_POINT('',(2.04999999999998,0.0725,-0.1));
#16009=CARTESIAN_POINT('',(2.04999999999998,0.0725,-0.575));
#16010=CARTESIAN_POINT('',(2.04999999999998,0.0725,-0.1));
#16011=CARTESIAN_POINT('Origin',(36.52,0.0425,-0.575));
#16012=CARTESIAN_POINT('',(36.55,0.0725,-0.3));
#16013=CARTESIAN_POINT('',(36.55,0.0725,-0.1));
#16014=CARTESIAN_POINT('',(36.55,0.0725,-0.575));
#16015=CARTESIAN_POINT('',(36.49,0.0125,-0.16));
#16016=CARTESIAN_POINT('',(36.55,0.0725,-0.1));
#16017=CARTESIAN_POINT('',(36.49,0.0125,-0.36));
#16018=CARTESIAN_POINT('',(36.49,0.0125,-0.575));
#16019=CARTESIAN_POINT('',(36.49,0.0125,-0.36));
#16020=CARTESIAN_POINT('Origin',(9.525,0.0425,-0.13));
#16021=CARTESIAN_POINT('',(36.15,0.0725,-0.1));
#16022=CARTESIAN_POINT('',(9.525,0.0725,-0.1));
#16023=CARTESIAN_POINT('',(36.21,0.0125,-0.16));
#16024=CARTESIAN_POINT('',(36.15,0.0725,-0.1));
#16025=CARTESIAN_POINT('',(9.525,0.0125,-0.16));
#16026=CARTESIAN_POINT('Origin',(36.18,0.0425,-0.575));
#16027=CARTESIAN_POINT('',(36.15,0.0725,-0.3));
#16028=CARTESIAN_POINT('',(36.15,0.0725,-0.575));
#16029=CARTESIAN_POINT('',(36.21,0.0125,-0.36));
#16030=CARTESIAN_POINT('',(36.15,0.0725,-0.3));
#16031=CARTESIAN_POINT('',(36.21,0.0125,-0.575));
#16032=CARTESIAN_POINT('Origin',(9.525,0.0425,-0.13));
#16033=CARTESIAN_POINT('',(2.20999999999998,0.0125,-0.16));
#16034=CARTESIAN_POINT('',(2.48999999999998,0.0125,-0.16));
#16035=CARTESIAN_POINT('',(9.525,0.0125,-0.16));
#16036=CARTESIAN_POINT('',(2.54999999999998,0.0725,-0.1));
#16037=CARTESIAN_POINT('',(2.48999999999998,0.0125,-0.16));
#16038=CARTESIAN_POINT('',(2.14999999999998,0.0725,-0.1));
#16039=CARTESIAN_POINT('',(9.525,0.0725,-0.1));
#16040=CARTESIAN_POINT('',(2.14999999999998,0.0725,-0.1));
#16041=CARTESIAN_POINT('Origin',(2.51999999999998,0.0425,-0.575));
#16042=CARTESIAN_POINT('',(2.48999999999998,0.0125,-0.36));
#16043=CARTESIAN_POINT('',(2.48999999999998,0.0125,-0.575));
#16044=CARTESIAN_POINT('',(2.54999999999998,0.0725,-0.3));
#16045=CARTESIAN_POINT('',(2.48999999999998,0.0125,-0.36));
#16046=CARTESIAN_POINT('',(2.54999999999998,0.0725,-0.575));
#16047=CARTESIAN_POINT('Origin',(9.525,0.0425,-0.13));
#16048=CARTESIAN_POINT('',(36.05,0.0725,-0.1));
#16049=CARTESIAN_POINT('',(35.65,0.0725,-0.1));
#16050=CARTESIAN_POINT('',(9.525,0.0725,-0.1));
#16051=CARTESIAN_POINT('',(35.71,0.0125,-0.16));
#16052=CARTESIAN_POINT('',(35.65,0.0725,-0.1));
#16053=CARTESIAN_POINT('',(35.99,0.0125,-0.16));
#16054=CARTESIAN_POINT('',(9.525,0.0125,-0.16));
#16055=CARTESIAN_POINT('',(35.99,0.0125,-0.16));
#16056=CARTESIAN_POINT('Origin',(35.68,0.0425,-0.575));
#16057=CARTESIAN_POINT('',(35.65,0.0725,-0.3));
#16058=CARTESIAN_POINT('',(35.65,0.0725,-0.575));
#16059=CARTESIAN_POINT('',(35.71,0.0125,-0.36));
#16060=CARTESIAN_POINT('',(35.65,0.0725,-0.3));
#16061=CARTESIAN_POINT('',(35.71,0.0125,-0.575));
#16062=CARTESIAN_POINT('Origin',(9.525,0.0425,-0.13));
#16063=CARTESIAN_POINT('',(2.70999999999998,0.0125,-0.16));
#16064=CARTESIAN_POINT('',(2.98999999999998,0.0125,-0.16));
#16065=CARTESIAN_POINT('',(9.525,0.0125,-0.16));
#16066=CARTESIAN_POINT('',(3.04999999999998,0.0725,-0.1));
#16067=CARTESIAN_POINT('',(2.98999999999998,0.0125,-0.16));
#16068=CARTESIAN_POINT('',(2.64999999999998,0.0725,-0.1));
#16069=CARTESIAN_POINT('',(9.525,0.0725,-0.1));
#16070=CARTESIAN_POINT('',(2.64999999999998,0.0725,-0.1));
#16071=CARTESIAN_POINT('Origin',(3.01999999999998,0.0425,-0.575));
#16072=CARTESIAN_POINT('',(2.98999999999998,0.0125,-0.36));
#16073=CARTESIAN_POINT('',(2.98999999999998,0.0125,-0.575));
#16074=CARTESIAN_POINT('',(3.04999999999998,0.0725,-0.3));
#16075=CARTESIAN_POINT('',(2.98999999999998,0.0125,-0.36));
#16076=CARTESIAN_POINT('',(3.04999999999998,0.0725,-0.575));
#16077=CARTESIAN_POINT('Origin',(9.525,0.0425,-0.13));
#16078=CARTESIAN_POINT('',(35.55,0.0725,-0.1));
#16079=CARTESIAN_POINT('',(35.15,0.0725,-0.1));
#16080=CARTESIAN_POINT('',(9.525,0.0725,-0.1));
#16081=CARTESIAN_POINT('',(35.21,0.0125,-0.16));
#16082=CARTESIAN_POINT('',(35.15,0.0725,-0.1));
#16083=CARTESIAN_POINT('',(35.49,0.0125,-0.16));
#16084=CARTESIAN_POINT('',(9.525,0.0125,-0.16));
#16085=CARTESIAN_POINT('',(35.49,0.0125,-0.16));
#16086=CARTESIAN_POINT('Origin',(35.18,0.0425,-0.575));
#16087=CARTESIAN_POINT('',(35.15,0.0725,-0.3));
#16088=CARTESIAN_POINT('',(35.15,0.0725,-0.575));
#16089=CARTESIAN_POINT('',(35.21,0.0125,-0.36));
#16090=CARTESIAN_POINT('',(35.15,0.0725,-0.3));
#16091=CARTESIAN_POINT('',(35.21,0.0125,-0.575));
#16092=CARTESIAN_POINT('Origin',(9.525,0.0425,-0.13));
#16093=CARTESIAN_POINT('',(3.20999999999998,0.0125,-0.16));
#16094=CARTESIAN_POINT('',(3.48999999999998,0.0125,-0.16));
#16095=CARTESIAN_POINT('',(9.525,0.0125,-0.16));
#16096=CARTESIAN_POINT('',(3.54999999999998,0.0725,-0.1));
#16097=CARTESIAN_POINT('',(3.48999999999998,0.0125,-0.16));
#16098=CARTESIAN_POINT('',(3.14999999999998,0.0725,-0.1));
#16099=CARTESIAN_POINT('',(9.525,0.0725,-0.1));
#16100=CARTESIAN_POINT('',(3.14999999999998,0.0725,-0.1));
#16101=CARTESIAN_POINT('Origin',(3.51999999999998,0.0425,-0.575));
#16102=CARTESIAN_POINT('',(3.48999999999998,0.0125,-0.36));
#16103=CARTESIAN_POINT('',(3.48999999999998,0.0125,-0.575));
#16104=CARTESIAN_POINT('',(3.54999999999998,0.0725,-0.3));
#16105=CARTESIAN_POINT('',(3.48999999999998,0.0125,-0.36));
#16106=CARTESIAN_POINT('',(3.54999999999998,0.0725,-0.575));
#16107=CARTESIAN_POINT('Origin',(9.525,0.0425,-0.13));
#16108=CARTESIAN_POINT('',(35.05,0.0725,-0.1));
#16109=CARTESIAN_POINT('',(34.65,0.0725,-0.1));
#16110=CARTESIAN_POINT('',(9.525,0.0725,-0.1));
#16111=CARTESIAN_POINT('',(34.71,0.0125,-0.16));
#16112=CARTESIAN_POINT('',(34.65,0.0725,-0.1));
#16113=CARTESIAN_POINT('',(34.99,0.0125,-0.16));
#16114=CARTESIAN_POINT('',(9.525,0.0125,-0.16));
#16115=CARTESIAN_POINT('',(34.99,0.0125,-0.16));
#16116=CARTESIAN_POINT('Origin',(34.68,0.0425,-0.575));
#16117=CARTESIAN_POINT('',(34.65,0.0725,-0.3));
#16118=CARTESIAN_POINT('',(34.65,0.0725,-0.575));
#16119=CARTESIAN_POINT('',(34.71,0.0125,-0.36));
#16120=CARTESIAN_POINT('',(34.65,0.0725,-0.3));
#16121=CARTESIAN_POINT('',(34.71,0.0125,-0.575));
#16122=CARTESIAN_POINT('Origin',(9.525,0.0425,-0.13));
#16123=CARTESIAN_POINT('',(3.70999999999998,0.0125,-0.16));
#16124=CARTESIAN_POINT('',(3.98999999999998,0.0125,-0.16));
#16125=CARTESIAN_POINT('',(9.525,0.0125,-0.16));
#16126=CARTESIAN_POINT('',(4.04999999999998,0.0725,-0.1));
#16127=CARTESIAN_POINT('',(3.98999999999998,0.0125,-0.16));
#16128=CARTESIAN_POINT('',(3.64999999999998,0.0725,-0.1));
#16129=CARTESIAN_POINT('',(9.525,0.0725,-0.1));
#16130=CARTESIAN_POINT('',(3.64999999999998,0.0725,-0.1));
#16131=CARTESIAN_POINT('Origin',(4.01999999999998,0.0425,-0.575));
#16132=CARTESIAN_POINT('',(3.98999999999998,0.0125,-0.36));
#16133=CARTESIAN_POINT('',(3.98999999999998,0.0125,-0.575));
#16134=CARTESIAN_POINT('',(4.04999999999998,0.0725,-0.3));
#16135=CARTESIAN_POINT('',(3.98999999999998,0.0125,-0.36));
#16136=CARTESIAN_POINT('',(4.04999999999998,0.0725,-0.575));
#16137=CARTESIAN_POINT('Origin',(9.525,0.0425,-0.13));
#16138=CARTESIAN_POINT('',(34.55,0.0725,-0.1));
#16139=CARTESIAN_POINT('',(34.15,0.0725,-0.1));
#16140=CARTESIAN_POINT('',(9.525,0.0725,-0.1));
#16141=CARTESIAN_POINT('',(34.21,0.0125,-0.16));
#16142=CARTESIAN_POINT('',(34.15,0.0725,-0.1));
#16143=CARTESIAN_POINT('',(34.49,0.0125,-0.16));
#16144=CARTESIAN_POINT('',(9.525,0.0125,-0.16));
#16145=CARTESIAN_POINT('',(34.49,0.0125,-0.16));
#16146=CARTESIAN_POINT('Origin',(34.18,0.0425,-0.575));
#16147=CARTESIAN_POINT('',(34.15,0.0725,-0.3));
#16148=CARTESIAN_POINT('',(34.15,0.0725,-0.575));
#16149=CARTESIAN_POINT('',(34.21,0.0125,-0.36));
#16150=CARTESIAN_POINT('',(34.15,0.0725,-0.3));
#16151=CARTESIAN_POINT('',(34.21,0.0125,-0.575));
#16152=CARTESIAN_POINT('Origin',(4.51999999999998,0.0425,-0.575));
#16153=CARTESIAN_POINT('',(4.48999999999998,0.0125,-0.16));
#16154=CARTESIAN_POINT('',(4.48999999999998,0.0125,-0.36));
#16155=CARTESIAN_POINT('',(4.48999999999998,0.0125,-0.575));
#16156=CARTESIAN_POINT('',(4.54999999999998,0.0725,-0.3));
#16157=CARTESIAN_POINT('',(4.48999999999998,0.0125,-0.36));
#16158=CARTESIAN_POINT('',(4.54999999999998,0.0725,-0.1));
#16159=CARTESIAN_POINT('',(4.54999999999998,0.0725,-0.575));
#16160=CARTESIAN_POINT('',(4.54999999999998,0.0725,-0.1));
#16161=CARTESIAN_POINT('Origin',(34.02,0.0425,-0.575));
#16162=CARTESIAN_POINT('',(34.05,0.0725,-0.3));
#16163=CARTESIAN_POINT('',(34.05,0.0725,-0.1));
#16164=CARTESIAN_POINT('',(34.05,0.0725,-0.575));
#16165=CARTESIAN_POINT('',(33.99,0.0125,-0.16));
#16166=CARTESIAN_POINT('',(34.05,0.0725,-0.1));
#16167=CARTESIAN_POINT('',(33.99,0.0125,-0.36));
#16168=CARTESIAN_POINT('',(33.99,0.0125,-0.575));
#16169=CARTESIAN_POINT('',(33.99,0.0125,-0.36));
#16170=CARTESIAN_POINT('Origin',(9.525,0.0425,-0.13));
#16171=CARTESIAN_POINT('',(33.65,0.0725,-0.1));
#16172=CARTESIAN_POINT('',(9.525,0.0725,-0.1));
#16173=CARTESIAN_POINT('',(33.71,0.0125,-0.16));
#16174=CARTESIAN_POINT('',(33.65,0.0725,-0.1));
#16175=CARTESIAN_POINT('',(9.525,0.0125,-0.16));
#16176=CARTESIAN_POINT('Origin',(33.68,0.0425,-0.575));
#16177=CARTESIAN_POINT('',(33.65,0.0725,-0.3));
#16178=CARTESIAN_POINT('',(33.65,0.0725,-0.575));
#16179=CARTESIAN_POINT('',(33.71,0.0125,-0.36));
#16180=CARTESIAN_POINT('',(33.65,0.0725,-0.3));
#16181=CARTESIAN_POINT('',(33.71,0.0125,-0.575));
#16182=CARTESIAN_POINT('Origin',(5.01999999999998,0.0425,-0.575));
#16183=CARTESIAN_POINT('',(4.98999999999998,0.0125,-0.16));
#16184=CARTESIAN_POINT('',(4.98999999999998,0.0125,-0.36));
#16185=CARTESIAN_POINT('',(4.98999999999998,0.0125,-0.575));
#16186=CARTESIAN_POINT('',(5.04999999999998,0.0725,-0.3));
#16187=CARTESIAN_POINT('',(4.98999999999998,0.0125,-0.36));
#16188=CARTESIAN_POINT('',(5.04999999999998,0.0725,-0.1));
#16189=CARTESIAN_POINT('',(5.04999999999998,0.0725,-0.575));
#16190=CARTESIAN_POINT('',(5.04999999999998,0.0725,-0.1));
#16191=CARTESIAN_POINT('Origin',(33.52,0.0425,-0.575));
#16192=CARTESIAN_POINT('',(33.55,0.0725,-0.3));
#16193=CARTESIAN_POINT('',(33.55,0.0725,-0.1));
#16194=CARTESIAN_POINT('',(33.55,0.0725,-0.575));
#16195=CARTESIAN_POINT('',(33.49,0.0125,-0.16));
#16196=CARTESIAN_POINT('',(33.55,0.0725,-0.1));
#16197=CARTESIAN_POINT('',(33.49,0.0125,-0.36));
#16198=CARTESIAN_POINT('',(33.49,0.0125,-0.575));
#16199=CARTESIAN_POINT('',(33.49,0.0125,-0.36));
#16200=CARTESIAN_POINT('Origin',(9.525,0.0425,-0.13));
#16201=CARTESIAN_POINT('',(33.15,0.0725,-0.1));
#16202=CARTESIAN_POINT('',(9.525,0.0725,-0.1));
#16203=CARTESIAN_POINT('',(33.21,0.0125,-0.16));
#16204=CARTESIAN_POINT('',(33.15,0.0725,-0.1));
#16205=CARTESIAN_POINT('',(9.525,0.0125,-0.16));
#16206=CARTESIAN_POINT('Origin',(33.18,0.0425,-0.575));
#16207=CARTESIAN_POINT('',(33.15,0.0725,-0.3));
#16208=CARTESIAN_POINT('',(33.15,0.0725,-0.575));
#16209=CARTESIAN_POINT('',(33.21,0.0125,-0.36));
#16210=CARTESIAN_POINT('',(33.15,0.0725,-0.3));
#16211=CARTESIAN_POINT('',(33.21,0.0125,-0.575));
#16212=CARTESIAN_POINT('Origin',(9.525,0.0425,-0.13));
#16213=CARTESIAN_POINT('',(5.20999999999998,0.0125,-0.16));
#16214=CARTESIAN_POINT('',(5.48999999999998,0.0125,-0.16));
#16215=CARTESIAN_POINT('',(9.525,0.0125,-0.16));
#16216=CARTESIAN_POINT('',(5.54999999999998,0.0725,-0.1));
#16217=CARTESIAN_POINT('',(5.48999999999998,0.0125,-0.16));
#16218=CARTESIAN_POINT('',(5.14999999999998,0.0725,-0.1));
#16219=CARTESIAN_POINT('',(9.525,0.0725,-0.1));
#16220=CARTESIAN_POINT('',(5.14999999999998,0.0725,-0.1));
#16221=CARTESIAN_POINT('Origin',(5.51999999999998,0.0425,-0.575));
#16222=CARTESIAN_POINT('',(5.48999999999998,0.0125,-0.36));
#16223=CARTESIAN_POINT('',(5.48999999999998,0.0125,-0.575));
#16224=CARTESIAN_POINT('',(5.54999999999998,0.0725,-0.3));
#16225=CARTESIAN_POINT('',(5.48999999999998,0.0125,-0.36));
#16226=CARTESIAN_POINT('',(5.54999999999998,0.0725,-0.575));
#16227=CARTESIAN_POINT('Origin',(9.525,0.0425,-0.13));
#16228=CARTESIAN_POINT('',(33.05,0.0725,-0.1));
#16229=CARTESIAN_POINT('',(32.65,0.0725,-0.1));
#16230=CARTESIAN_POINT('',(9.525,0.0725,-0.1));
#16231=CARTESIAN_POINT('',(32.71,0.0125,-0.16));
#16232=CARTESIAN_POINT('',(32.65,0.0725,-0.1));
#16233=CARTESIAN_POINT('',(32.99,0.0125,-0.16));
#16234=CARTESIAN_POINT('',(9.525,0.0125,-0.16));
#16235=CARTESIAN_POINT('',(32.99,0.0125,-0.16));
#16236=CARTESIAN_POINT('Origin',(32.68,0.0425,-0.575));
#16237=CARTESIAN_POINT('',(32.65,0.0725,-0.3));
#16238=CARTESIAN_POINT('',(32.65,0.0725,-0.575));
#16239=CARTESIAN_POINT('',(32.71,0.0125,-0.36));
#16240=CARTESIAN_POINT('',(32.65,0.0725,-0.3));
#16241=CARTESIAN_POINT('',(32.71,0.0125,-0.575));
#16242=CARTESIAN_POINT('Origin',(9.525,0.0425,-0.13));
#16243=CARTESIAN_POINT('',(5.70999999999998,0.0125,-0.16));
#16244=CARTESIAN_POINT('',(5.98999999999998,0.0125,-0.16));
#16245=CARTESIAN_POINT('',(9.525,0.0125,-0.16));
#16246=CARTESIAN_POINT('',(6.04999999999998,0.0725,-0.1));
#16247=CARTESIAN_POINT('',(5.98999999999998,0.0125,-0.16));
#16248=CARTESIAN_POINT('',(5.64999999999998,0.0725,-0.1));
#16249=CARTESIAN_POINT('',(9.525,0.0725,-0.1));
#16250=CARTESIAN_POINT('',(5.64999999999998,0.0725,-0.1));
#16251=CARTESIAN_POINT('Origin',(6.01999999999998,0.0425,-0.575));
#16252=CARTESIAN_POINT('',(5.98999999999998,0.0125,-0.36));
#16253=CARTESIAN_POINT('',(5.98999999999998,0.0125,-0.575));
#16254=CARTESIAN_POINT('',(6.04999999999998,0.0725,-0.3));
#16255=CARTESIAN_POINT('',(5.98999999999998,0.0125,-0.36));
#16256=CARTESIAN_POINT('',(6.04999999999998,0.0725,-0.575));
#16257=CARTESIAN_POINT('Origin',(9.525,0.0425,-0.13));
#16258=CARTESIAN_POINT('',(32.55,0.0725,-0.1));
#16259=CARTESIAN_POINT('',(32.15,0.0725000000000001,-0.1));
#16260=CARTESIAN_POINT('',(9.525,0.0725,-0.1));
#16261=CARTESIAN_POINT('',(32.21,0.0125,-0.16));
#16262=CARTESIAN_POINT('',(32.15,0.0725,-0.1));
#16263=CARTESIAN_POINT('',(32.49,0.0125,-0.16));
#16264=CARTESIAN_POINT('',(9.525,0.0125,-0.16));
#16265=CARTESIAN_POINT('',(32.49,0.0125,-0.16));
#16266=CARTESIAN_POINT('Origin',(32.18,0.0425,-0.575));
#16267=CARTESIAN_POINT('',(32.15,0.0725,-0.3));
#16268=CARTESIAN_POINT('',(32.15,0.0725000000000001,-0.575));
#16269=CARTESIAN_POINT('',(32.21,0.0125,-0.36));
#16270=CARTESIAN_POINT('',(32.15,0.0725,-0.3));
#16271=CARTESIAN_POINT('',(32.21,0.0125,-0.575));
#16272=CARTESIAN_POINT('Origin',(9.525,0.0425,-0.13));
#16273=CARTESIAN_POINT('',(6.20999999999998,0.0125,-0.16));
#16274=CARTESIAN_POINT('',(6.48999999999998,0.0125,-0.16));
#16275=CARTESIAN_POINT('',(9.525,0.0125,-0.16));
#16276=CARTESIAN_POINT('',(6.54999999999998,0.0725,-0.1));
#16277=CARTESIAN_POINT('',(6.48999999999998,0.0125,-0.16));
#16278=CARTESIAN_POINT('',(6.14999999999998,0.0725,-0.1));
#16279=CARTESIAN_POINT('',(9.525,0.0725,-0.1));
#16280=CARTESIAN_POINT('',(6.14999999999998,0.0725,-0.1));
#16281=CARTESIAN_POINT('Origin',(6.51999999999998,0.0425,-0.575));
#16282=CARTESIAN_POINT('',(6.48999999999998,0.0125,-0.36));
#16283=CARTESIAN_POINT('',(6.48999999999998,0.0125,-0.575));
#16284=CARTESIAN_POINT('',(6.54999999999998,0.0725,-0.3));
#16285=CARTESIAN_POINT('',(6.48999999999998,0.0125,-0.36));
#16286=CARTESIAN_POINT('',(6.54999999999998,0.0725,-0.575));
#16287=CARTESIAN_POINT('Origin',(9.525,0.0425,-0.13));
#16288=CARTESIAN_POINT('',(32.05,0.0725,-0.1));
#16289=CARTESIAN_POINT('',(31.65,0.0725,-0.1));
#16290=CARTESIAN_POINT('',(9.525,0.0725,-0.1));
#16291=CARTESIAN_POINT('',(31.71,0.0125,-0.16));
#16292=CARTESIAN_POINT('',(31.65,0.0725,-0.1));
#16293=CARTESIAN_POINT('',(31.99,0.0125,-0.16));
#16294=CARTESIAN_POINT('',(9.525,0.0125,-0.16));
#16295=CARTESIAN_POINT('',(31.99,0.0125,-0.16));
#16296=CARTESIAN_POINT('Origin',(31.68,0.0425,-0.575));
#16297=CARTESIAN_POINT('',(31.65,0.0725,-0.3));
#16298=CARTESIAN_POINT('',(31.65,0.0725,-0.575));
#16299=CARTESIAN_POINT('',(31.71,0.0125,-0.36));
#16300=CARTESIAN_POINT('',(31.65,0.0725,-0.3));
#16301=CARTESIAN_POINT('',(31.71,0.0125,-0.575));
#16302=CARTESIAN_POINT('Origin',(9.525,0.0425,-0.13));
#16303=CARTESIAN_POINT('',(6.70999999999998,0.0125,-0.16));
#16304=CARTESIAN_POINT('',(6.98999999999998,0.0125,-0.16));
#16305=CARTESIAN_POINT('',(9.525,0.0125,-0.16));
#16306=CARTESIAN_POINT('',(7.04999999999998,0.0725,-0.1));
#16307=CARTESIAN_POINT('',(6.98999999999998,0.0125,-0.16));
#16308=CARTESIAN_POINT('',(6.64999999999998,0.0725,-0.1));
#16309=CARTESIAN_POINT('',(9.525,0.0725,-0.1));
#16310=CARTESIAN_POINT('',(6.64999999999998,0.0725,-0.1));
#16311=CARTESIAN_POINT('Origin',(7.01999999999998,0.0425,-0.575));
#16312=CARTESIAN_POINT('',(6.98999999999998,0.0125,-0.36));
#16313=CARTESIAN_POINT('',(6.98999999999998,0.0125,-0.575));
#16314=CARTESIAN_POINT('',(7.04999999999998,0.0725,-0.3));
#16315=CARTESIAN_POINT('',(6.98999999999998,0.0125,-0.36));
#16316=CARTESIAN_POINT('',(7.04999999999998,0.0725,-0.575));
#16317=CARTESIAN_POINT('Origin',(9.525,0.0425,-0.13));
#16318=CARTESIAN_POINT('',(31.55,0.0725,-0.1));
#16319=CARTESIAN_POINT('',(31.15,0.0725000000000001,-0.1));
#16320=CARTESIAN_POINT('',(9.525,0.0725,-0.1));
#16321=CARTESIAN_POINT('',(31.21,0.0125,-0.16));
#16322=CARTESIAN_POINT('',(31.15,0.0725,-0.1));
#16323=CARTESIAN_POINT('',(31.49,0.0125,-0.16));
#16324=CARTESIAN_POINT('',(9.525,0.0125,-0.16));
#16325=CARTESIAN_POINT('',(31.49,0.0125,-0.16));
#16326=CARTESIAN_POINT('Origin',(31.18,0.0425,-0.575));
#16327=CARTESIAN_POINT('',(31.15,0.0725,-0.3));
#16328=CARTESIAN_POINT('',(31.15,0.0725000000000001,-0.575));
#16329=CARTESIAN_POINT('',(31.21,0.0125,-0.36));
#16330=CARTESIAN_POINT('',(31.15,0.0725,-0.3));
#16331=CARTESIAN_POINT('',(31.21,0.0125,-0.575));
#16332=CARTESIAN_POINT('Origin',(7.51999999999998,0.0425,-0.575));
#16333=CARTESIAN_POINT('',(7.48999999999998,0.0125,-0.16));
#16334=CARTESIAN_POINT('',(7.48999999999998,0.0125,-0.36));
#16335=CARTESIAN_POINT('',(7.48999999999998,0.0125,-0.575));
#16336=CARTESIAN_POINT('',(7.54999999999998,0.0725,-0.3));
#16337=CARTESIAN_POINT('',(7.48999999999998,0.0125,-0.36));
#16338=CARTESIAN_POINT('',(7.54999999999998,0.0725,-0.1));
#16339=CARTESIAN_POINT('',(7.54999999999998,0.0725,-0.575));
#16340=CARTESIAN_POINT('',(7.54999999999998,0.0725,-0.1));
#16341=CARTESIAN_POINT('Origin',(31.02,0.0425,-0.575));
#16342=CARTESIAN_POINT('',(31.05,0.0725,-0.3));
#16343=CARTESIAN_POINT('',(31.05,0.0725,-0.1));
#16344=CARTESIAN_POINT('',(31.05,0.0725,-0.575));
#16345=CARTESIAN_POINT('',(30.99,0.0125,-0.16));
#16346=CARTESIAN_POINT('',(31.05,0.0725,-0.1));
#16347=CARTESIAN_POINT('',(30.99,0.0125,-0.36));
#16348=CARTESIAN_POINT('',(30.99,0.0125,-0.575));
#16349=CARTESIAN_POINT('',(30.99,0.0125,-0.36));
#16350=CARTESIAN_POINT('Origin',(9.525,0.0425,-0.13));
#16351=CARTESIAN_POINT('',(30.65,0.0725,-0.1));
#16352=CARTESIAN_POINT('',(9.525,0.0725,-0.1));
#16353=CARTESIAN_POINT('',(30.71,0.0125,-0.16));
#16354=CARTESIAN_POINT('',(30.65,0.0725,-0.1));
#16355=CARTESIAN_POINT('',(9.525,0.0125,-0.16));
#16356=CARTESIAN_POINT('Origin',(30.68,0.0425,-0.575));
#16357=CARTESIAN_POINT('',(30.65,0.0725,-0.3));
#16358=CARTESIAN_POINT('',(30.65,0.0725,-0.575));
#16359=CARTESIAN_POINT('',(30.71,0.0125,-0.36));
#16360=CARTESIAN_POINT('',(30.65,0.0725,-0.3));
#16361=CARTESIAN_POINT('',(30.71,0.0125,-0.575));
#16362=CARTESIAN_POINT('Origin',(8.01999999999998,0.0425,-0.575));
#16363=CARTESIAN_POINT('',(7.98999999999998,0.0125,-0.16));
#16364=CARTESIAN_POINT('',(7.98999999999998,0.0125,-0.36));
#16365=CARTESIAN_POINT('',(7.98999999999998,0.0125,-0.575));
#16366=CARTESIAN_POINT('',(8.04999999999998,0.0725,-0.3));
#16367=CARTESIAN_POINT('',(7.98999999999998,0.0125,-0.36));
#16368=CARTESIAN_POINT('',(8.04999999999998,0.0725,-0.1));
#16369=CARTESIAN_POINT('',(8.04999999999998,0.0725,-0.575));
#16370=CARTESIAN_POINT('',(8.04999999999998,0.0725,-0.1));
#16371=CARTESIAN_POINT('Origin',(30.52,0.0425,-0.575));
#16372=CARTESIAN_POINT('',(30.55,0.0725,-0.3));
#16373=CARTESIAN_POINT('',(30.55,0.0725,-0.1));
#16374=CARTESIAN_POINT('',(30.55,0.0725,-0.575));
#16375=CARTESIAN_POINT('',(30.49,0.0125,-0.16));
#16376=CARTESIAN_POINT('',(30.55,0.0725,-0.1));
#16377=CARTESIAN_POINT('',(30.49,0.0125,-0.36));
#16378=CARTESIAN_POINT('',(30.49,0.0125,-0.575));
#16379=CARTESIAN_POINT('',(30.49,0.0125,-0.36));
#16380=CARTESIAN_POINT('Origin',(9.525,0.0425,-0.13));
#16381=CARTESIAN_POINT('',(30.15,0.0725000000000001,-0.1));
#16382=CARTESIAN_POINT('',(9.525,0.0725,-0.1));
#16383=CARTESIAN_POINT('',(30.21,0.0125,-0.16));
#16384=CARTESIAN_POINT('',(30.15,0.0725,-0.1));
#16385=CARTESIAN_POINT('',(9.525,0.0125,-0.16));
#16386=CARTESIAN_POINT('Origin',(30.18,0.0425,-0.575));
#16387=CARTESIAN_POINT('',(30.15,0.0725,-0.3));
#16388=CARTESIAN_POINT('',(30.15,0.0725000000000001,-0.575));
#16389=CARTESIAN_POINT('',(30.21,0.0125,-0.36));
#16390=CARTESIAN_POINT('',(30.15,0.0725,-0.3));
#16391=CARTESIAN_POINT('',(30.21,0.0125,-0.575));
#16392=CARTESIAN_POINT('Origin',(9.525,0.0425,-0.13));
#16393=CARTESIAN_POINT('',(8.20999999999998,0.0125,-0.16));
#16394=CARTESIAN_POINT('',(8.48999999999998,0.0125,-0.16));
#16395=CARTESIAN_POINT('',(9.525,0.0125,-0.16));
#16396=CARTESIAN_POINT('',(8.54999999999998,0.0725,-0.1));
#16397=CARTESIAN_POINT('',(8.48999999999998,0.0125,-0.16));
#16398=CARTESIAN_POINT('',(8.14999999999998,0.0725,-0.1));
#16399=CARTESIAN_POINT('',(9.525,0.0725,-0.1));
#16400=CARTESIAN_POINT('',(8.14999999999998,0.0725,-0.1));
#16401=CARTESIAN_POINT('Origin',(8.51999999999997,0.0425,-0.575));
#16402=CARTESIAN_POINT('',(8.48999999999998,0.0125,-0.36));
#16403=CARTESIAN_POINT('',(8.48999999999998,0.0125,-0.575));
#16404=CARTESIAN_POINT('',(8.54999999999998,0.0725,-0.3));
#16405=CARTESIAN_POINT('',(8.48999999999998,0.0125,-0.36));
#16406=CARTESIAN_POINT('',(8.54999999999998,0.0725,-0.575));
#16407=CARTESIAN_POINT('Origin',(9.525,0.0425,-0.13));
#16408=CARTESIAN_POINT('',(30.05,0.0725,-0.1));
#16409=CARTESIAN_POINT('',(29.65,0.0725,-0.1));
#16410=CARTESIAN_POINT('',(9.525,0.0725,-0.1));
#16411=CARTESIAN_POINT('',(29.71,0.0125,-0.16));
#16412=CARTESIAN_POINT('',(29.65,0.0725,-0.1));
#16413=CARTESIAN_POINT('',(29.99,0.0125,-0.16));
#16414=CARTESIAN_POINT('',(9.525,0.0125,-0.16));
#16415=CARTESIAN_POINT('',(29.99,0.0125,-0.16));
#16416=CARTESIAN_POINT('Origin',(29.68,0.0425,-0.575));
#16417=CARTESIAN_POINT('',(29.65,0.0725,-0.3));
#16418=CARTESIAN_POINT('',(29.65,0.0725,-0.575));
#16419=CARTESIAN_POINT('',(29.71,0.0125,-0.36));
#16420=CARTESIAN_POINT('',(29.65,0.0725,-0.3));
#16421=CARTESIAN_POINT('',(29.71,0.0125,-0.575));
#16422=CARTESIAN_POINT('Origin',(9.525,0.0425,-0.13));
#16423=CARTESIAN_POINT('',(8.70999999999998,0.0125,-0.16));
#16424=CARTESIAN_POINT('',(8.98999999999998,0.0125,-0.16));
#16425=CARTESIAN_POINT('',(9.525,0.0125,-0.16));
#16426=CARTESIAN_POINT('',(9.04999999999998,0.0725,-0.1));
#16427=CARTESIAN_POINT('',(8.98999999999998,0.0125,-0.16));
#16428=CARTESIAN_POINT('',(8.64999999999998,0.0725,-0.1));
#16429=CARTESIAN_POINT('',(9.525,0.0725,-0.1));
#16430=CARTESIAN_POINT('',(8.64999999999998,0.0725,-0.1));
#16431=CARTESIAN_POINT('Origin',(9.01999999999997,0.0425,-0.575));
#16432=CARTESIAN_POINT('',(8.98999999999998,0.0125,-0.36));
#16433=CARTESIAN_POINT('',(8.98999999999998,0.0125,-0.575));
#16434=CARTESIAN_POINT('',(9.04999999999998,0.0725,-0.3));
#16435=CARTESIAN_POINT('',(8.98999999999998,0.0125,-0.36));
#16436=CARTESIAN_POINT('',(9.04999999999998,0.0725,-0.575));
#16437=CARTESIAN_POINT('Origin',(9.525,0.0425,-0.13));
#16438=CARTESIAN_POINT('',(29.55,0.0725,-0.1));
#16439=CARTESIAN_POINT('',(29.15,0.0725000000000001,-0.1));
#16440=CARTESIAN_POINT('',(9.525,0.0725,-0.1));
#16441=CARTESIAN_POINT('',(29.21,0.0125,-0.16));
#16442=CARTESIAN_POINT('',(29.15,0.0725,-0.1));
#16443=CARTESIAN_POINT('',(29.49,0.0125,-0.16));
#16444=CARTESIAN_POINT('',(9.525,0.0125,-0.16));
#16445=CARTESIAN_POINT('',(29.49,0.0125,-0.16));
#16446=CARTESIAN_POINT('Origin',(29.18,0.0425,-0.575));
#16447=CARTESIAN_POINT('',(29.15,0.0725,-0.3));
#16448=CARTESIAN_POINT('',(29.15,0.0725000000000001,-0.575));
#16449=CARTESIAN_POINT('',(29.21,0.0125,-0.36));
#16450=CARTESIAN_POINT('',(29.15,0.0725,-0.3));
#16451=CARTESIAN_POINT('',(29.21,0.0125,-0.575));
#16452=CARTESIAN_POINT('Origin',(9.525,0.0425,-0.13));
#16453=CARTESIAN_POINT('',(9.20999999999998,0.0125,-0.16));
#16454=CARTESIAN_POINT('',(9.48999999999998,0.0125,-0.16));
#16455=CARTESIAN_POINT('',(9.525,0.0125,-0.16));
#16456=CARTESIAN_POINT('',(9.54999999999998,0.0725,-0.1));
#16457=CARTESIAN_POINT('',(9.48999999999998,0.0125,-0.16));
#16458=CARTESIAN_POINT('',(9.14999999999998,0.0725,-0.1));
#16459=CARTESIAN_POINT('',(9.525,0.0725,-0.1));
#16460=CARTESIAN_POINT('',(9.14999999999998,0.0725,-0.1));
#16461=CARTESIAN_POINT('Origin',(9.51999999999997,0.0425,-0.575));
#16462=CARTESIAN_POINT('',(9.48999999999998,0.0125,-0.36));
#16463=CARTESIAN_POINT('',(9.48999999999998,0.0125,-0.575));
#16464=CARTESIAN_POINT('',(9.54999999999998,0.0725,-0.3));
#16465=CARTESIAN_POINT('',(9.48999999999998,0.0125,-0.36));
#16466=CARTESIAN_POINT('',(9.54999999999998,0.0725,-0.575));
#16467=CARTESIAN_POINT('Origin',(9.525,0.0425,-0.13));
#16468=CARTESIAN_POINT('',(29.05,0.0725,-0.1));
#16469=CARTESIAN_POINT('',(28.65,0.0725,-0.1));
#16470=CARTESIAN_POINT('',(9.525,0.0725,-0.1));
#16471=CARTESIAN_POINT('',(28.71,0.0125,-0.16));
#16472=CARTESIAN_POINT('',(28.65,0.0725,-0.1));
#16473=CARTESIAN_POINT('',(28.99,0.0125,-0.16));
#16474=CARTESIAN_POINT('',(9.525,0.0125,-0.16));
#16475=CARTESIAN_POINT('',(28.99,0.0125,-0.16));
#16476=CARTESIAN_POINT('Origin',(28.68,0.0425,-0.575));
#16477=CARTESIAN_POINT('',(28.65,0.0725,-0.3));
#16478=CARTESIAN_POINT('',(28.65,0.0725,-0.575));
#16479=CARTESIAN_POINT('',(28.71,0.0125,-0.36));
#16480=CARTESIAN_POINT('',(28.65,0.0725,-0.3));
#16481=CARTESIAN_POINT('',(28.71,0.0125,-0.575));
#16482=CARTESIAN_POINT('Origin',(9.525,0.0425,-0.13));
#16483=CARTESIAN_POINT('',(9.70999999999998,0.0125,-0.16));
#16484=CARTESIAN_POINT('',(9.98999999999998,0.0125,-0.16));
#16485=CARTESIAN_POINT('',(9.525,0.0125,-0.16));
#16486=CARTESIAN_POINT('',(10.05,0.0725,-0.1));
#16487=CARTESIAN_POINT('',(9.98999999999998,0.0125,-0.16));
#16488=CARTESIAN_POINT('',(9.64999999999998,0.0725,-0.1));
#16489=CARTESIAN_POINT('',(9.525,0.0725,-0.1));
#16490=CARTESIAN_POINT('',(9.64999999999998,0.0725,-0.1));
#16491=CARTESIAN_POINT('Origin',(10.02,0.0425,-0.575));
#16492=CARTESIAN_POINT('',(9.98999999999998,0.0125,-0.36));
#16493=CARTESIAN_POINT('',(9.98999999999998,0.0125,-0.575));
#16494=CARTESIAN_POINT('',(10.05,0.0725,-0.3));
#16495=CARTESIAN_POINT('',(9.98999999999998,0.0125,-0.36));
#16496=CARTESIAN_POINT('',(10.05,0.0725,-0.575));
#16497=CARTESIAN_POINT('Origin',(9.525,0.0425,-0.13));
#16498=CARTESIAN_POINT('',(28.55,0.0725,-0.1));
#16499=CARTESIAN_POINT('',(28.15,0.0725000000000001,-0.1));
#16500=CARTESIAN_POINT('',(9.525,0.0725,-0.1));
#16501=CARTESIAN_POINT('',(28.21,0.0125,-0.16));
#16502=CARTESIAN_POINT('',(28.15,0.0725,-0.1));
#16503=CARTESIAN_POINT('',(28.49,0.0125,-0.16));
#16504=CARTESIAN_POINT('',(9.525,0.0125,-0.16));
#16505=CARTESIAN_POINT('',(28.49,0.0125,-0.16));
#16506=CARTESIAN_POINT('Origin',(28.18,0.0425,-0.575));
#16507=CARTESIAN_POINT('',(28.15,0.0725,-0.3));
#16508=CARTESIAN_POINT('',(28.15,0.0725000000000001,-0.575));
#16509=CARTESIAN_POINT('',(28.21,0.0125,-0.36));
#16510=CARTESIAN_POINT('',(28.15,0.0725,-0.3));
#16511=CARTESIAN_POINT('',(28.21,0.0125,-0.575));
#16512=CARTESIAN_POINT('Origin',(10.52,0.0425,-0.575));
#16513=CARTESIAN_POINT('',(10.49,0.0125,-0.16));
#16514=CARTESIAN_POINT('',(10.49,0.0125,-0.36));
#16515=CARTESIAN_POINT('',(10.49,0.0125,-0.575));
#16516=CARTESIAN_POINT('',(10.55,0.0725,-0.3));
#16517=CARTESIAN_POINT('',(10.49,0.0125,-0.36));
#16518=CARTESIAN_POINT('',(10.55,0.0725,-0.1));
#16519=CARTESIAN_POINT('',(10.55,0.0725,-0.575));
#16520=CARTESIAN_POINT('',(10.55,0.0725,-0.1));
#16521=CARTESIAN_POINT('Origin',(28.02,0.0425,-0.575));
#16522=CARTESIAN_POINT('',(28.05,0.0725,-0.3));
#16523=CARTESIAN_POINT('',(28.05,0.0725,-0.1));
#16524=CARTESIAN_POINT('',(28.05,0.0725,-0.575));
#16525=CARTESIAN_POINT('',(27.99,0.0125,-0.16));
#16526=CARTESIAN_POINT('',(28.05,0.0725,-0.1));
#16527=CARTESIAN_POINT('',(27.99,0.0125,-0.36));
#16528=CARTESIAN_POINT('',(27.99,0.0125,-0.575));
#16529=CARTESIAN_POINT('',(27.99,0.0125,-0.36));
#16530=CARTESIAN_POINT('Origin',(9.525,0.0425,-0.13));
#16531=CARTESIAN_POINT('',(27.65,0.0725,-0.1));
#16532=CARTESIAN_POINT('',(9.525,0.0725,-0.1));
#16533=CARTESIAN_POINT('',(27.71,0.0125,-0.16));
#16534=CARTESIAN_POINT('',(27.65,0.0725,-0.1));
#16535=CARTESIAN_POINT('',(9.525,0.0125,-0.16));
#16536=CARTESIAN_POINT('Origin',(27.68,0.0425,-0.575));
#16537=CARTESIAN_POINT('',(27.65,0.0725,-0.3));
#16538=CARTESIAN_POINT('',(27.65,0.0725,-0.575));
#16539=CARTESIAN_POINT('',(27.71,0.0125,-0.36));
#16540=CARTESIAN_POINT('',(27.65,0.0725,-0.3));
#16541=CARTESIAN_POINT('',(27.71,0.0125,-0.575));
#16542=CARTESIAN_POINT('Origin',(11.02,0.0425,-0.575));
#16543=CARTESIAN_POINT('',(10.99,0.0125,-0.16));
#16544=CARTESIAN_POINT('',(10.99,0.0125,-0.36));
#16545=CARTESIAN_POINT('',(10.99,0.0125,-0.575));
#16546=CARTESIAN_POINT('',(11.05,0.0725,-0.3));
#16547=CARTESIAN_POINT('',(10.99,0.0125,-0.36));
#16548=CARTESIAN_POINT('',(11.05,0.0725,-0.1));
#16549=CARTESIAN_POINT('',(11.05,0.0725,-0.575));
#16550=CARTESIAN_POINT('',(11.05,0.0725,-0.1));
#16551=CARTESIAN_POINT('Origin',(27.52,0.0425,-0.575));
#16552=CARTESIAN_POINT('',(27.55,0.0725,-0.3));
#16553=CARTESIAN_POINT('',(27.55,0.0725,-0.1));
#16554=CARTESIAN_POINT('',(27.55,0.0725,-0.575));
#16555=CARTESIAN_POINT('',(27.49,0.0125,-0.16));
#16556=CARTESIAN_POINT('',(27.55,0.0725,-0.1));
#16557=CARTESIAN_POINT('',(27.49,0.0125,-0.36));
#16558=CARTESIAN_POINT('',(27.49,0.0125,-0.575));
#16559=CARTESIAN_POINT('',(27.49,0.0125,-0.36));
#16560=CARTESIAN_POINT('Origin',(9.525,0.0425,-0.13));
#16561=CARTESIAN_POINT('',(27.15,0.0725000000000001,-0.1));
#16562=CARTESIAN_POINT('',(9.525,0.0725,-0.1));
#16563=CARTESIAN_POINT('',(27.21,0.0125,-0.16));
#16564=CARTESIAN_POINT('',(27.15,0.0725,-0.1));
#16565=CARTESIAN_POINT('',(9.525,0.0125,-0.16));
#16566=CARTESIAN_POINT('Origin',(27.18,0.0425,-0.575));
#16567=CARTESIAN_POINT('',(27.15,0.0725,-0.3));
#16568=CARTESIAN_POINT('',(27.15,0.0725000000000001,-0.575));
#16569=CARTESIAN_POINT('',(27.21,0.0125,-0.36));
#16570=CARTESIAN_POINT('',(27.15,0.0725,-0.3));
#16571=CARTESIAN_POINT('',(27.21,0.0125,-0.575));
#16572=CARTESIAN_POINT('Origin',(9.525,0.0425,-0.13));
#16573=CARTESIAN_POINT('',(11.21,0.0125,-0.16));
#16574=CARTESIAN_POINT('',(11.49,0.0125,-0.16));
#16575=CARTESIAN_POINT('',(9.525,0.0125,-0.16));
#16576=CARTESIAN_POINT('',(11.55,0.0725,-0.1));
#16577=CARTESIAN_POINT('',(11.49,0.0125,-0.16));
#16578=CARTESIAN_POINT('',(11.15,0.0725,-0.1));
#16579=CARTESIAN_POINT('',(9.525,0.0725,-0.1));
#16580=CARTESIAN_POINT('',(11.15,0.0725,-0.1));
#16581=CARTESIAN_POINT('Origin',(11.52,0.0425,-0.575));
#16582=CARTESIAN_POINT('',(11.49,0.0125,-0.36));
#16583=CARTESIAN_POINT('',(11.49,0.0125,-0.575));
#16584=CARTESIAN_POINT('',(11.55,0.0725,-0.3));
#16585=CARTESIAN_POINT('',(11.49,0.0125,-0.36));
#16586=CARTESIAN_POINT('',(11.55,0.0725,-0.575));
#16587=CARTESIAN_POINT('Origin',(9.525,0.0425,-0.13));
#16588=CARTESIAN_POINT('',(27.05,0.0725,-0.1));
#16589=CARTESIAN_POINT('',(26.65,0.0725,-0.1));
#16590=CARTESIAN_POINT('',(9.525,0.0725,-0.1));
#16591=CARTESIAN_POINT('',(26.71,0.0125,-0.16));
#16592=CARTESIAN_POINT('',(26.65,0.0725,-0.1));
#16593=CARTESIAN_POINT('',(26.99,0.0125,-0.16));
#16594=CARTESIAN_POINT('',(9.525,0.0125,-0.16));
#16595=CARTESIAN_POINT('',(26.99,0.0125,-0.16));
#16596=CARTESIAN_POINT('Origin',(26.68,0.0425,-0.575));
#16597=CARTESIAN_POINT('',(26.65,0.0725,-0.3));
#16598=CARTESIAN_POINT('',(26.65,0.0725,-0.575));
#16599=CARTESIAN_POINT('',(26.71,0.0125,-0.36));
#16600=CARTESIAN_POINT('',(26.65,0.0725,-0.3));
#16601=CARTESIAN_POINT('',(26.71,0.0125,-0.575));
#16602=CARTESIAN_POINT('Origin',(9.525,0.0425,-0.13));
#16603=CARTESIAN_POINT('',(11.71,0.0125,-0.16));
#16604=CARTESIAN_POINT('',(11.99,0.0125,-0.16));
#16605=CARTESIAN_POINT('',(9.525,0.0125,-0.16));
#16606=CARTESIAN_POINT('',(12.05,0.0725,-0.1));
#16607=CARTESIAN_POINT('',(11.99,0.0125,-0.16));
#16608=CARTESIAN_POINT('',(11.65,0.0725,-0.1));
#16609=CARTESIAN_POINT('',(9.525,0.0725,-0.1));
#16610=CARTESIAN_POINT('',(11.65,0.0725,-0.1));
#16611=CARTESIAN_POINT('Origin',(12.02,0.0425,-0.575));
#16612=CARTESIAN_POINT('',(11.99,0.0125,-0.36));
#16613=CARTESIAN_POINT('',(11.99,0.0125,-0.575));
#16614=CARTESIAN_POINT('',(12.05,0.0725,-0.3));
#16615=CARTESIAN_POINT('',(11.99,0.0125,-0.36));
#16616=CARTESIAN_POINT('',(12.05,0.0725,-0.575));
#16617=CARTESIAN_POINT('Origin',(9.525,0.0425,-0.13));
#16618=CARTESIAN_POINT('',(26.55,0.0725,-0.1));
#16619=CARTESIAN_POINT('',(26.15,0.0725000000000001,-0.1));
#16620=CARTESIAN_POINT('',(9.525,0.0725,-0.1));
#16621=CARTESIAN_POINT('',(26.21,0.0125,-0.16));
#16622=CARTESIAN_POINT('',(26.15,0.0725,-0.1));
#16623=CARTESIAN_POINT('',(26.49,0.0125,-0.16));
#16624=CARTESIAN_POINT('',(9.525,0.0125,-0.16));
#16625=CARTESIAN_POINT('',(26.49,0.0125,-0.16));
#16626=CARTESIAN_POINT('Origin',(26.18,0.0425,-0.575));
#16627=CARTESIAN_POINT('',(26.15,0.0725,-0.3));
#16628=CARTESIAN_POINT('',(26.15,0.0725000000000001,-0.575));
#16629=CARTESIAN_POINT('',(26.21,0.0125,-0.36));
#16630=CARTESIAN_POINT('',(26.15,0.0725,-0.3));
#16631=CARTESIAN_POINT('',(26.21,0.0125,-0.575));
#16632=CARTESIAN_POINT('Origin',(9.525,0.0425,-0.13));
#16633=CARTESIAN_POINT('',(12.21,0.0125,-0.16));
#16634=CARTESIAN_POINT('',(12.49,0.0125,-0.16));
#16635=CARTESIAN_POINT('',(9.525,0.0125,-0.16));
#16636=CARTESIAN_POINT('',(12.55,0.0725,-0.1));
#16637=CARTESIAN_POINT('',(12.49,0.0125,-0.16));
#16638=CARTESIAN_POINT('',(12.15,0.0725,-0.1));
#16639=CARTESIAN_POINT('',(9.525,0.0725,-0.1));
#16640=CARTESIAN_POINT('',(12.15,0.0725,-0.1));
#16641=CARTESIAN_POINT('Origin',(12.52,0.0425,-0.575));
#16642=CARTESIAN_POINT('',(12.49,0.0125,-0.36));
#16643=CARTESIAN_POINT('',(12.49,0.0125,-0.575));
#16644=CARTESIAN_POINT('',(12.55,0.0725,-0.3));
#16645=CARTESIAN_POINT('',(12.49,0.0125,-0.36));
#16646=CARTESIAN_POINT('',(12.55,0.0725,-0.575));
#16647=CARTESIAN_POINT('Origin',(9.525,0.0425,-0.13));
#16648=CARTESIAN_POINT('',(26.05,0.0725,-0.1));
#16649=CARTESIAN_POINT('',(25.65,0.0725,-0.1));
#16650=CARTESIAN_POINT('',(9.525,0.0725,-0.1));
#16651=CARTESIAN_POINT('',(25.71,0.0125,-0.16));
#16652=CARTESIAN_POINT('',(25.65,0.0725,-0.1));
#16653=CARTESIAN_POINT('',(25.99,0.0125,-0.16));
#16654=CARTESIAN_POINT('',(9.525,0.0125,-0.16));
#16655=CARTESIAN_POINT('',(25.99,0.0125,-0.16));
#16656=CARTESIAN_POINT('Origin',(25.68,0.0425,-0.575));
#16657=CARTESIAN_POINT('',(25.65,0.0725,-0.3));
#16658=CARTESIAN_POINT('',(25.65,0.0725,-0.575));
#16659=CARTESIAN_POINT('',(25.71,0.0125,-0.36));
#16660=CARTESIAN_POINT('',(25.65,0.0725,-0.3));
#16661=CARTESIAN_POINT('',(25.71,0.0125,-0.575));
#16662=CARTESIAN_POINT('Origin',(9.525,0.0425,-0.13));
#16663=CARTESIAN_POINT('',(12.71,0.0125,-0.16));
#16664=CARTESIAN_POINT('',(12.99,0.0125,-0.16));
#16665=CARTESIAN_POINT('',(9.525,0.0125,-0.16));
#16666=CARTESIAN_POINT('',(13.05,0.0725,-0.1));
#16667=CARTESIAN_POINT('',(12.99,0.0125,-0.16));
#16668=CARTESIAN_POINT('',(12.65,0.0725,-0.1));
#16669=CARTESIAN_POINT('',(9.525,0.0725,-0.1));
#16670=CARTESIAN_POINT('',(12.65,0.0725,-0.1));
#16671=CARTESIAN_POINT('Origin',(13.02,0.0425,-0.575));
#16672=CARTESIAN_POINT('',(12.99,0.0125,-0.36));
#16673=CARTESIAN_POINT('',(12.99,0.0125,-0.575));
#16674=CARTESIAN_POINT('',(13.05,0.0725,-0.3));
#16675=CARTESIAN_POINT('',(12.99,0.0125,-0.36));
#16676=CARTESIAN_POINT('',(13.05,0.0725,-0.575));
#16677=CARTESIAN_POINT('Origin',(9.525,0.0425,-0.13));
#16678=CARTESIAN_POINT('',(25.55,0.0725,-0.1));
#16679=CARTESIAN_POINT('',(25.15,0.0725000000000001,-0.1));
#16680=CARTESIAN_POINT('',(9.525,0.0725,-0.1));
#16681=CARTESIAN_POINT('',(25.21,0.0125,-0.16));
#16682=CARTESIAN_POINT('',(25.15,0.0725,-0.1));
#16683=CARTESIAN_POINT('',(25.49,0.0125,-0.16));
#16684=CARTESIAN_POINT('',(9.525,0.0125,-0.16));
#16685=CARTESIAN_POINT('',(25.49,0.0125,-0.16));
#16686=CARTESIAN_POINT('Origin',(25.18,0.0425,-0.575));
#16687=CARTESIAN_POINT('',(25.15,0.0725,-0.3));
#16688=CARTESIAN_POINT('',(25.15,0.0725000000000001,-0.575));
#16689=CARTESIAN_POINT('',(25.21,0.0125,-0.36));
#16690=CARTESIAN_POINT('',(25.15,0.0725,-0.3));
#16691=CARTESIAN_POINT('',(25.21,0.0125,-0.575));
#16692=CARTESIAN_POINT('Origin',(13.52,0.0425,-0.575));
#16693=CARTESIAN_POINT('',(13.49,0.0125,-0.16));
#16694=CARTESIAN_POINT('',(13.49,0.0125,-0.36));
#16695=CARTESIAN_POINT('',(13.49,0.0125,-0.575));
#16696=CARTESIAN_POINT('',(13.55,0.0725,-0.3));
#16697=CARTESIAN_POINT('',(13.49,0.0125,-0.36));
#16698=CARTESIAN_POINT('',(13.55,0.0725,-0.1));
#16699=CARTESIAN_POINT('',(13.55,0.0725,-0.575));
#16700=CARTESIAN_POINT('',(13.55,0.0725,-0.1));
#16701=CARTESIAN_POINT('Origin',(25.02,0.0425,-0.575));
#16702=CARTESIAN_POINT('',(25.05,0.0725,-0.3));
#16703=CARTESIAN_POINT('',(25.05,0.0725,-0.1));
#16704=CARTESIAN_POINT('',(25.05,0.0725,-0.575));
#16705=CARTESIAN_POINT('',(24.99,0.0125,-0.16));
#16706=CARTESIAN_POINT('',(25.05,0.0725,-0.1));
#16707=CARTESIAN_POINT('',(24.99,0.0125,-0.36));
#16708=CARTESIAN_POINT('',(24.99,0.0125,-0.575));
#16709=CARTESIAN_POINT('',(24.99,0.0125,-0.36));
#16710=CARTESIAN_POINT('Origin',(9.525,0.0425,-0.13));
#16711=CARTESIAN_POINT('',(24.65,0.0725,-0.1));
#16712=CARTESIAN_POINT('',(9.525,0.0725,-0.1));
#16713=CARTESIAN_POINT('',(24.71,0.0125,-0.16));
#16714=CARTESIAN_POINT('',(24.65,0.0725,-0.1));
#16715=CARTESIAN_POINT('',(9.525,0.0125,-0.16));
#16716=CARTESIAN_POINT('Origin',(24.68,0.0425,-0.575));
#16717=CARTESIAN_POINT('',(24.65,0.0725,-0.3));
#16718=CARTESIAN_POINT('',(24.65,0.0725,-0.575));
#16719=CARTESIAN_POINT('',(24.71,0.0125,-0.36));
#16720=CARTESIAN_POINT('',(24.65,0.0725,-0.3));
#16721=CARTESIAN_POINT('',(24.71,0.0125,-0.575));
#16722=CARTESIAN_POINT('Origin',(14.02,0.0425,-0.575));
#16723=CARTESIAN_POINT('',(13.99,0.0125,-0.16));
#16724=CARTESIAN_POINT('',(13.99,0.0125,-0.36));
#16725=CARTESIAN_POINT('',(13.99,0.0125,-0.575));
#16726=CARTESIAN_POINT('',(14.05,0.0725,-0.3));
#16727=CARTESIAN_POINT('',(13.99,0.0125,-0.36));
#16728=CARTESIAN_POINT('',(14.05,0.0725,-0.1));
#16729=CARTESIAN_POINT('',(14.05,0.0725,-0.575));
#16730=CARTESIAN_POINT('',(14.05,0.0725,-0.1));
#16731=CARTESIAN_POINT('Origin',(24.52,0.0425,-0.575));
#16732=CARTESIAN_POINT('',(24.55,0.0725,-0.3));
#16733=CARTESIAN_POINT('',(24.55,0.0725,-0.1));
#16734=CARTESIAN_POINT('',(24.55,0.0725,-0.575));
#16735=CARTESIAN_POINT('',(24.49,0.0125,-0.16));
#16736=CARTESIAN_POINT('',(24.55,0.0725,-0.1));
#16737=CARTESIAN_POINT('',(24.49,0.0125,-0.36));
#16738=CARTESIAN_POINT('',(24.49,0.0125,-0.575));
#16739=CARTESIAN_POINT('',(24.49,0.0125,-0.36));
#16740=CARTESIAN_POINT('Origin',(9.525,0.0425,-0.13));
#16741=CARTESIAN_POINT('',(24.15,0.0725000000000001,-0.1));
#16742=CARTESIAN_POINT('',(9.525,0.0725,-0.1));
#16743=CARTESIAN_POINT('',(24.21,0.0125,-0.16));
#16744=CARTESIAN_POINT('',(24.15,0.0725,-0.1));
#16745=CARTESIAN_POINT('',(9.525,0.0125,-0.16));
#16746=CARTESIAN_POINT('Origin',(24.18,0.0425,-0.575));
#16747=CARTESIAN_POINT('',(24.15,0.0725,-0.3));
#16748=CARTESIAN_POINT('',(24.15,0.0725000000000001,-0.575));
#16749=CARTESIAN_POINT('',(24.21,0.0125,-0.36));
#16750=CARTESIAN_POINT('',(24.15,0.0725,-0.3));
#16751=CARTESIAN_POINT('',(24.21,0.0125,-0.575));
#16752=CARTESIAN_POINT('Origin',(9.525,0.0425,-0.13));
#16753=CARTESIAN_POINT('',(14.21,0.0125,-0.16));
#16754=CARTESIAN_POINT('',(14.49,0.0125,-0.16));
#16755=CARTESIAN_POINT('',(9.525,0.0125,-0.16));
#16756=CARTESIAN_POINT('',(14.55,0.0725,-0.1));
#16757=CARTESIAN_POINT('',(14.49,0.0125,-0.16));
#16758=CARTESIAN_POINT('',(14.15,0.0725,-0.1));
#16759=CARTESIAN_POINT('',(9.525,0.0725,-0.1));
#16760=CARTESIAN_POINT('',(14.15,0.0725,-0.1));
#16761=CARTESIAN_POINT('Origin',(14.52,0.0425,-0.575));
#16762=CARTESIAN_POINT('',(14.49,0.0125,-0.36));
#16763=CARTESIAN_POINT('',(14.49,0.0125,-0.575));
#16764=CARTESIAN_POINT('',(14.55,0.0725,-0.3));
#16765=CARTESIAN_POINT('',(14.49,0.0125,-0.36));
#16766=CARTESIAN_POINT('',(14.55,0.0725,-0.575));
#16767=CARTESIAN_POINT('Origin',(9.525,0.0425,-0.13));
#16768=CARTESIAN_POINT('',(24.05,0.0725,-0.1));
#16769=CARTESIAN_POINT('',(23.65,0.0725,-0.1));
#16770=CARTESIAN_POINT('',(9.525,0.0725,-0.1));
#16771=CARTESIAN_POINT('',(23.71,0.0125,-0.16));
#16772=CARTESIAN_POINT('',(23.65,0.0725,-0.1));
#16773=CARTESIAN_POINT('',(23.99,0.0125,-0.16));
#16774=CARTESIAN_POINT('',(9.525,0.0125,-0.16));
#16775=CARTESIAN_POINT('',(23.99,0.0125,-0.16));
#16776=CARTESIAN_POINT('Origin',(23.68,0.0425,-0.575));
#16777=CARTESIAN_POINT('',(23.65,0.0725,-0.3));
#16778=CARTESIAN_POINT('',(23.65,0.0725,-0.575));
#16779=CARTESIAN_POINT('',(23.71,0.0125,-0.36));
#16780=CARTESIAN_POINT('',(23.65,0.0725,-0.3));
#16781=CARTESIAN_POINT('',(23.71,0.0125,-0.575));
#16782=CARTESIAN_POINT('Origin',(9.525,0.0425,-0.13));
#16783=CARTESIAN_POINT('',(14.71,0.0125,-0.16));
#16784=CARTESIAN_POINT('',(14.99,0.0125,-0.16));
#16785=CARTESIAN_POINT('',(9.525,0.0125,-0.16));
#16786=CARTESIAN_POINT('',(15.05,0.0725,-0.1));
#16787=CARTESIAN_POINT('',(14.99,0.0125,-0.16));
#16788=CARTESIAN_POINT('',(14.65,0.0725,-0.1));
#16789=CARTESIAN_POINT('',(9.525,0.0725,-0.1));
#16790=CARTESIAN_POINT('',(14.65,0.0725,-0.1));
#16791=CARTESIAN_POINT('Origin',(15.02,0.0425,-0.575));
#16792=CARTESIAN_POINT('',(14.99,0.0125,-0.36));
#16793=CARTESIAN_POINT('',(14.99,0.0125,-0.575));
#16794=CARTESIAN_POINT('',(15.05,0.0725,-0.3));
#16795=CARTESIAN_POINT('',(14.99,0.0125,-0.36));
#16796=CARTESIAN_POINT('',(15.05,0.0725,-0.575));
#16797=CARTESIAN_POINT('Origin',(9.525,0.0425,-0.13));
#16798=CARTESIAN_POINT('',(23.55,0.0725,-0.1));
#16799=CARTESIAN_POINT('',(23.15,0.0725000000000001,-0.1));
#16800=CARTESIAN_POINT('',(9.525,0.0725,-0.1));
#16801=CARTESIAN_POINT('',(23.21,0.0125,-0.16));
#16802=CARTESIAN_POINT('',(23.15,0.0725,-0.1));
#16803=CARTESIAN_POINT('',(23.49,0.0125,-0.16));
#16804=CARTESIAN_POINT('',(9.525,0.0125,-0.16));
#16805=CARTESIAN_POINT('',(23.49,0.0125,-0.16));
#16806=CARTESIAN_POINT('Origin',(23.18,0.0425,-0.575));
#16807=CARTESIAN_POINT('',(23.15,0.0725,-0.3));
#16808=CARTESIAN_POINT('',(23.15,0.0725000000000001,-0.575));
#16809=CARTESIAN_POINT('',(23.21,0.0125,-0.36));
#16810=CARTESIAN_POINT('',(23.15,0.0725,-0.3));
#16811=CARTESIAN_POINT('',(23.21,0.0125,-0.575));
#16812=CARTESIAN_POINT('Origin',(9.525,0.0425,-0.13));
#16813=CARTESIAN_POINT('',(15.21,0.0125,-0.16));
#16814=CARTESIAN_POINT('',(15.49,0.0125,-0.16));
#16815=CARTESIAN_POINT('',(9.525,0.0125,-0.16));
#16816=CARTESIAN_POINT('',(15.55,0.0725,-0.1));
#16817=CARTESIAN_POINT('',(15.49,0.0125,-0.16));
#16818=CARTESIAN_POINT('',(15.15,0.0725,-0.1));
#16819=CARTESIAN_POINT('',(9.525,0.0725,-0.1));
#16820=CARTESIAN_POINT('',(15.15,0.0725,-0.1));
#16821=CARTESIAN_POINT('Origin',(15.52,0.0425,-0.575));
#16822=CARTESIAN_POINT('',(15.49,0.0125,-0.36));
#16823=CARTESIAN_POINT('',(15.49,0.0125,-0.575));
#16824=CARTESIAN_POINT('',(15.55,0.0725,-0.3));
#16825=CARTESIAN_POINT('',(15.49,0.0125,-0.36));
#16826=CARTESIAN_POINT('',(15.55,0.0725,-0.575));
#16827=CARTESIAN_POINT('Origin',(9.525,0.0425,-0.13));
#16828=CARTESIAN_POINT('',(23.05,0.0725,-0.1));
#16829=CARTESIAN_POINT('',(22.65,0.0725,-0.1));
#16830=CARTESIAN_POINT('',(9.525,0.0725,-0.1));
#16831=CARTESIAN_POINT('',(22.71,0.0125,-0.16));
#16832=CARTESIAN_POINT('',(22.65,0.0725,-0.1));
#16833=CARTESIAN_POINT('',(22.99,0.0125,-0.16));
#16834=CARTESIAN_POINT('',(9.525,0.0125,-0.16));
#16835=CARTESIAN_POINT('',(22.99,0.0125,-0.16));
#16836=CARTESIAN_POINT('Origin',(22.68,0.0425,-0.575));
#16837=CARTESIAN_POINT('',(22.65,0.0725,-0.3));
#16838=CARTESIAN_POINT('',(22.65,0.0725,-0.575));
#16839=CARTESIAN_POINT('',(22.71,0.0125,-0.36));
#16840=CARTESIAN_POINT('',(22.65,0.0725,-0.3));
#16841=CARTESIAN_POINT('',(22.71,0.0125,-0.575));
#16842=CARTESIAN_POINT('Origin',(9.525,0.0425,-0.13));
#16843=CARTESIAN_POINT('',(15.71,0.0125,-0.16));
#16844=CARTESIAN_POINT('',(15.99,0.0125,-0.16));
#16845=CARTESIAN_POINT('',(9.525,0.0125,-0.16));
#16846=CARTESIAN_POINT('',(16.05,0.0725,-0.1));
#16847=CARTESIAN_POINT('',(15.99,0.0125,-0.16));
#16848=CARTESIAN_POINT('',(15.65,0.0725,-0.1));
#16849=CARTESIAN_POINT('',(9.525,0.0725,-0.1));
#16850=CARTESIAN_POINT('',(15.65,0.0725,-0.1));
#16851=CARTESIAN_POINT('Origin',(16.02,0.0425,-0.575));
#16852=CARTESIAN_POINT('',(15.99,0.0125,-0.36));
#16853=CARTESIAN_POINT('',(15.99,0.0125,-0.575));
#16854=CARTESIAN_POINT('',(16.05,0.0725,-0.3));
#16855=CARTESIAN_POINT('',(15.99,0.0125,-0.36));
#16856=CARTESIAN_POINT('',(16.05,0.0725,-0.575));
#16857=CARTESIAN_POINT('Origin',(9.525,0.0425,-0.13));
#16858=CARTESIAN_POINT('',(22.55,0.0725,-0.1));
#16859=CARTESIAN_POINT('',(22.15,0.0725,-0.1));
#16860=CARTESIAN_POINT('',(9.525,0.0725,-0.1));
#16861=CARTESIAN_POINT('',(22.21,0.0125,-0.16));
#16862=CARTESIAN_POINT('',(22.15,0.0725,-0.1));
#16863=CARTESIAN_POINT('',(22.49,0.0125,-0.16));
#16864=CARTESIAN_POINT('',(9.525,0.0125,-0.16));
#16865=CARTESIAN_POINT('',(22.49,0.0125,-0.16));
#16866=CARTESIAN_POINT('Origin',(22.18,0.0425,-0.575));
#16867=CARTESIAN_POINT('',(22.15,0.0725,-0.3));
#16868=CARTESIAN_POINT('',(22.15,0.0725,-0.575));
#16869=CARTESIAN_POINT('',(22.21,0.0125,-0.36));
#16870=CARTESIAN_POINT('',(22.15,0.0725,-0.3));
#16871=CARTESIAN_POINT('',(22.21,0.0125,-0.575));
#16872=CARTESIAN_POINT('Origin',(16.52,0.0425,-0.575));
#16873=CARTESIAN_POINT('',(16.49,0.0125,-0.16));
#16874=CARTESIAN_POINT('',(16.49,0.0125,-0.36));
#16875=CARTESIAN_POINT('',(16.49,0.0125,-0.575));
#16876=CARTESIAN_POINT('',(16.55,0.0725,-0.3));
#16877=CARTESIAN_POINT('',(16.49,0.0125,-0.36));
#16878=CARTESIAN_POINT('',(16.55,0.0725,-0.1));
#16879=CARTESIAN_POINT('',(16.55,0.0725,-0.575));
#16880=CARTESIAN_POINT('',(16.55,0.0725,-0.1));
#16881=CARTESIAN_POINT('Origin',(22.02,0.0425,-0.575));
#16882=CARTESIAN_POINT('',(22.05,0.0725,-0.3));
#16883=CARTESIAN_POINT('',(22.05,0.0725,-0.1));
#16884=CARTESIAN_POINT('',(22.05,0.0725,-0.575));
#16885=CARTESIAN_POINT('',(21.99,0.0125,-0.16));
#16886=CARTESIAN_POINT('',(22.05,0.0725,-0.1));
#16887=CARTESIAN_POINT('',(21.99,0.0125,-0.36));
#16888=CARTESIAN_POINT('',(21.99,0.0125,-0.575));
#16889=CARTESIAN_POINT('',(21.99,0.0125,-0.36));
#16890=CARTESIAN_POINT('Origin',(9.525,0.0425,-0.13));
#16891=CARTESIAN_POINT('',(21.65,0.0725,-0.1));
#16892=CARTESIAN_POINT('',(9.525,0.0725,-0.1));
#16893=CARTESIAN_POINT('',(21.71,0.0125,-0.16));
#16894=CARTESIAN_POINT('',(21.65,0.0725,-0.1));
#16895=CARTESIAN_POINT('',(9.525,0.0125,-0.16));
#16896=CARTESIAN_POINT('Origin',(21.68,0.0425,-0.575));
#16897=CARTESIAN_POINT('',(21.65,0.0725,-0.3));
#16898=CARTESIAN_POINT('',(21.65,0.0725,-0.575));
#16899=CARTESIAN_POINT('',(21.71,0.0125,-0.36));
#16900=CARTESIAN_POINT('',(21.65,0.0725,-0.3));
#16901=CARTESIAN_POINT('',(21.71,0.0125,-0.575));
#16902=CARTESIAN_POINT('Origin',(17.02,0.0425,-0.575));
#16903=CARTESIAN_POINT('',(16.99,0.0125,-0.16));
#16904=CARTESIAN_POINT('',(16.99,0.0125,-0.36));
#16905=CARTESIAN_POINT('',(16.99,0.0125,-0.575));
#16906=CARTESIAN_POINT('',(17.05,0.0725,-0.3));
#16907=CARTESIAN_POINT('',(16.99,0.0125,-0.36));
#16908=CARTESIAN_POINT('',(17.05,0.0725,-0.1));
#16909=CARTESIAN_POINT('',(17.05,0.0725,-0.575));
#16910=CARTESIAN_POINT('',(17.05,0.0725,-0.1));
#16911=CARTESIAN_POINT('Origin',(21.52,0.0425,-0.575));
#16912=CARTESIAN_POINT('',(21.55,0.0725,-0.3));
#16913=CARTESIAN_POINT('',(21.55,0.0725,-0.1));
#16914=CARTESIAN_POINT('',(21.55,0.0725,-0.575));
#16915=CARTESIAN_POINT('',(21.49,0.0125,-0.16));
#16916=CARTESIAN_POINT('',(21.55,0.0725,-0.1));
#16917=CARTESIAN_POINT('',(21.49,0.0125,-0.36));
#16918=CARTESIAN_POINT('',(21.49,0.0125,-0.575));
#16919=CARTESIAN_POINT('',(21.49,0.0125,-0.36));
#16920=CARTESIAN_POINT('Origin',(9.525,0.0425,-0.13));
#16921=CARTESIAN_POINT('',(21.15,0.0725,-0.1));
#16922=CARTESIAN_POINT('',(9.525,0.0725,-0.1));
#16923=CARTESIAN_POINT('',(21.21,0.0125,-0.16));
#16924=CARTESIAN_POINT('',(21.15,0.0725,-0.1));
#16925=CARTESIAN_POINT('',(9.525,0.0125,-0.16));
#16926=CARTESIAN_POINT('Origin',(21.18,0.0425,-0.575));
#16927=CARTESIAN_POINT('',(21.15,0.0725,-0.3));
#16928=CARTESIAN_POINT('',(21.15,0.0725,-0.575));
#16929=CARTESIAN_POINT('',(21.21,0.0125,-0.36));
#16930=CARTESIAN_POINT('',(21.15,0.0725,-0.3));
#16931=CARTESIAN_POINT('',(21.21,0.0125,-0.575));
#16932=CARTESIAN_POINT('Origin',(9.525,0.0425,-0.13));
#16933=CARTESIAN_POINT('',(17.21,0.0125,-0.16));
#16934=CARTESIAN_POINT('',(17.49,0.0125,-0.16));
#16935=CARTESIAN_POINT('',(9.525,0.0125,-0.16));
#16936=CARTESIAN_POINT('',(17.55,0.0725,-0.1));
#16937=CARTESIAN_POINT('',(17.49,0.0125,-0.16));
#16938=CARTESIAN_POINT('',(17.15,0.0725,-0.1));
#16939=CARTESIAN_POINT('',(9.525,0.0725,-0.1));
#16940=CARTESIAN_POINT('',(17.15,0.0725,-0.1));
#16941=CARTESIAN_POINT('Origin',(17.52,0.0425,-0.575));
#16942=CARTESIAN_POINT('',(17.49,0.0125,-0.36));
#16943=CARTESIAN_POINT('',(17.49,0.0125,-0.575));
#16944=CARTESIAN_POINT('',(17.55,0.0725,-0.3));
#16945=CARTESIAN_POINT('',(17.49,0.0125,-0.36));
#16946=CARTESIAN_POINT('',(17.55,0.0725,-0.575));
#16947=CARTESIAN_POINT('Origin',(9.525,0.0425,-0.13));
#16948=CARTESIAN_POINT('',(21.05,0.0725,-0.1));
#16949=CARTESIAN_POINT('',(20.65,0.0725,-0.1));
#16950=CARTESIAN_POINT('',(9.525,0.0725,-0.1));
#16951=CARTESIAN_POINT('',(20.71,0.0125,-0.16));
#16952=CARTESIAN_POINT('',(20.65,0.0725,-0.1));
#16953=CARTESIAN_POINT('',(20.99,0.0125,-0.16));
#16954=CARTESIAN_POINT('',(9.525,0.0125,-0.16));
#16955=CARTESIAN_POINT('',(20.99,0.0125,-0.16));
#16956=CARTESIAN_POINT('Origin',(20.68,0.0425,-0.575));
#16957=CARTESIAN_POINT('',(20.65,0.0725,-0.3));
#16958=CARTESIAN_POINT('',(20.65,0.0725,-0.575));
#16959=CARTESIAN_POINT('',(20.71,0.0125,-0.36));
#16960=CARTESIAN_POINT('',(20.65,0.0725,-0.3));
#16961=CARTESIAN_POINT('',(20.71,0.0125,-0.575));
#16962=CARTESIAN_POINT('Origin',(9.525,0.0425,-0.13));
#16963=CARTESIAN_POINT('',(17.71,0.0125,-0.16));
#16964=CARTESIAN_POINT('',(17.99,0.0125,-0.16));
#16965=CARTESIAN_POINT('',(9.525,0.0125,-0.16));
#16966=CARTESIAN_POINT('',(18.05,0.0725,-0.1));
#16967=CARTESIAN_POINT('',(17.99,0.0125,-0.16));
#16968=CARTESIAN_POINT('',(17.65,0.0725,-0.1));
#16969=CARTESIAN_POINT('',(9.525,0.0725,-0.1));
#16970=CARTESIAN_POINT('',(17.65,0.0725,-0.1));
#16971=CARTESIAN_POINT('Origin',(18.02,0.0425,-0.575));
#16972=CARTESIAN_POINT('',(17.99,0.0125,-0.41));
#16973=CARTESIAN_POINT('',(17.99,0.0125,-0.575));
#16974=CARTESIAN_POINT('',(18.05,0.0725,-0.35));
#16975=CARTESIAN_POINT('',(17.99,0.0125,-0.41));
#16976=CARTESIAN_POINT('',(18.05,0.0725,-0.575));
#16977=CARTESIAN_POINT('Origin',(9.525,0.0425,-0.13));
#16978=CARTESIAN_POINT('',(20.55,0.0725,-0.1));
#16979=CARTESIAN_POINT('',(20.15,0.0725,-0.1));
#16980=CARTESIAN_POINT('',(9.525,0.0725,-0.1));
#16981=CARTESIAN_POINT('',(20.21,0.0125,-0.16));
#16982=CARTESIAN_POINT('',(20.15,0.0725,-0.1));
#16983=CARTESIAN_POINT('',(20.49,0.0125,-0.16));
#16984=CARTESIAN_POINT('',(9.525,0.0125,-0.16));
#16985=CARTESIAN_POINT('',(20.49,0.0125,-0.16));
#16986=CARTESIAN_POINT('Origin',(20.18,0.0425,-0.575));
#16987=CARTESIAN_POINT('',(20.21,0.0125,-0.41));
#16988=CARTESIAN_POINT('',(20.21,0.0125,-0.575));
#16989=CARTESIAN_POINT('',(20.15,0.0725,-0.35));
#16990=CARTESIAN_POINT('',(20.15,0.0725,-0.575));
#16991=CARTESIAN_POINT('',(20.15,0.0725,-0.35));
#16992=CARTESIAN_POINT('Origin',(19.05,0.0425,-0.38));
#16993=CARTESIAN_POINT('',(19.05,0.0125,-0.41));
#16994=CARTESIAN_POINT('',(19.05,0.0725,-0.35));
#16995=CARTESIAN_POINT('Origin',(20.52,0.0425,-0.575));
#16996=CARTESIAN_POINT('',(20.55,0.0725,-0.3));
#16997=CARTESIAN_POINT('',(20.55,0.0725,-0.575));
#16998=CARTESIAN_POINT('',(20.49,0.0125,-0.36));
#16999=CARTESIAN_POINT('',(20.49,0.0125,-0.575));
#17000=CARTESIAN_POINT('',(20.49,0.0125,-0.36));
#17001=CARTESIAN_POINT('Origin',(19.825,0.0425,-0.33));
#17002=CARTESIAN_POINT('',(19.825,0.0725,-0.3));
#17003=CARTESIAN_POINT('',(19.825,0.0125,-0.36));
#17004=CARTESIAN_POINT('Origin',(17.68,0.0425,-0.575));
#17005=CARTESIAN_POINT('',(17.71,0.0125,-0.36));
#17006=CARTESIAN_POINT('',(17.71,0.0125,-0.575));
#17007=CARTESIAN_POINT('',(17.65,0.0725,-0.3));
#17008=CARTESIAN_POINT('',(17.65,0.0725,-0.575));
#17009=CARTESIAN_POINT('',(17.65,0.0725,-0.3));
#17010=CARTESIAN_POINT('Origin',(18.325,0.0425,-0.33));
#17011=CARTESIAN_POINT('',(18.325,0.0125,-0.36));
#17012=CARTESIAN_POINT('',(18.325,0.0725,-0.3));
#17013=CARTESIAN_POINT('Origin',(21.02,0.0425,-0.575));
#17014=CARTESIAN_POINT('',(21.05,0.0725,-0.3));
#17015=CARTESIAN_POINT('',(21.05,0.0725,-0.575));
#17016=CARTESIAN_POINT('',(20.99,0.0125,-0.36));
#17017=CARTESIAN_POINT('',(20.99,0.0125,-0.575));
#17018=CARTESIAN_POINT('',(20.99,0.0125,-0.36));
#17019=CARTESIAN_POINT('Origin',(20.075,0.0425,-0.33));
#17020=CARTESIAN_POINT('',(20.075,0.0725,-0.3));
#17021=CARTESIAN_POINT('',(20.075,0.0125,-0.36));
#17022=CARTESIAN_POINT('Origin',(17.18,0.0425,-0.575));
#17023=CARTESIAN_POINT('',(17.21,0.0125,-0.36));
#17024=CARTESIAN_POINT('',(17.21,0.0125,-0.575));
#17025=CARTESIAN_POINT('',(17.15,0.0725,-0.3));
#17026=CARTESIAN_POINT('',(17.15,0.0725,-0.575));
#17027=CARTESIAN_POINT('',(17.15,0.0725,-0.3));
#17028=CARTESIAN_POINT('Origin',(18.075,0.0425,-0.33));
#17029=CARTESIAN_POINT('',(18.075,0.0125,-0.36));
#17030=CARTESIAN_POINT('',(18.075,0.0725,-0.3));
#17031=CARTESIAN_POINT('Origin',(20.325,0.0425,-0.33));
#17032=CARTESIAN_POINT('',(20.325,0.0725,-0.3));
#17033=CARTESIAN_POINT('',(20.325,0.0125,-0.36));
#17034=CARTESIAN_POINT('Origin',(9.525,0.0425,-0.13));
#17035=CARTESIAN_POINT('',(16.71,0.0125,-0.16));
#17036=CARTESIAN_POINT('',(9.525,0.0125,-0.16));
#17037=CARTESIAN_POINT('',(16.65,0.0725,-0.1));
#17038=CARTESIAN_POINT('',(9.525,0.0725,-0.1));
#17039=CARTESIAN_POINT('',(16.65,0.0725,-0.1));
#17040=CARTESIAN_POINT('Origin',(16.68,0.0425,-0.575));
#17041=CARTESIAN_POINT('',(16.71,0.0125,-0.36));
#17042=CARTESIAN_POINT('',(16.71,0.0125,-0.575));
#17043=CARTESIAN_POINT('',(16.65,0.0725,-0.3));
#17044=CARTESIAN_POINT('',(16.65,0.0725,-0.575));
#17045=CARTESIAN_POINT('',(16.65,0.0725,-0.3));
#17046=CARTESIAN_POINT('Origin',(17.825,0.0425,-0.33));
#17047=CARTESIAN_POINT('',(17.825,0.0125,-0.36));
#17048=CARTESIAN_POINT('',(17.825,0.0725,-0.3));
#17049=CARTESIAN_POINT('Origin',(20.575,0.0425,-0.33));
#17050=CARTESIAN_POINT('',(20.575,0.0725,-0.3));
#17051=CARTESIAN_POINT('',(20.575,0.0125,-0.36));
#17052=CARTESIAN_POINT('Origin',(9.525,0.0425,-0.13));
#17053=CARTESIAN_POINT('',(16.21,0.0125,-0.16));
#17054=CARTESIAN_POINT('',(9.525,0.0125,-0.16));
#17055=CARTESIAN_POINT('',(16.15,0.0725,-0.1));
#17056=CARTESIAN_POINT('',(9.525,0.0725,-0.1));
#17057=CARTESIAN_POINT('',(16.15,0.0725,-0.1));
#17058=CARTESIAN_POINT('Origin',(16.18,0.0425,-0.575));
#17059=CARTESIAN_POINT('',(16.21,0.0125,-0.36));
#17060=CARTESIAN_POINT('',(16.21,0.0125,-0.575));
#17061=CARTESIAN_POINT('',(16.15,0.0725,-0.3));
#17062=CARTESIAN_POINT('',(16.15,0.0725,-0.575));
#17063=CARTESIAN_POINT('',(16.15,0.0725,-0.3));
#17064=CARTESIAN_POINT('Origin',(17.575,0.0425,-0.33));
#17065=CARTESIAN_POINT('',(17.575,0.0125,-0.36));
#17066=CARTESIAN_POINT('',(17.575,0.0725,-0.3));
#17067=CARTESIAN_POINT('Origin',(22.52,0.0425,-0.575));
#17068=CARTESIAN_POINT('',(22.55,0.0725,-0.3));
#17069=CARTESIAN_POINT('',(22.55,0.0725,-0.575));
#17070=CARTESIAN_POINT('',(22.49,0.0125,-0.36));
#17071=CARTESIAN_POINT('',(22.49,0.0125,-0.575));
#17072=CARTESIAN_POINT('',(22.49,0.0125,-0.36));
#17073=CARTESIAN_POINT('Origin',(20.825,0.0425,-0.33));
#17074=CARTESIAN_POINT('',(20.825,0.0725,-0.3));
#17075=CARTESIAN_POINT('',(20.825,0.0125,-0.36));
#17076=CARTESIAN_POINT('Origin',(15.68,0.0425,-0.575));
#17077=CARTESIAN_POINT('',(15.71,0.0125,-0.36));
#17078=CARTESIAN_POINT('',(15.71,0.0125,-0.575));
#17079=CARTESIAN_POINT('',(15.65,0.0725,-0.3));
#17080=CARTESIAN_POINT('',(15.65,0.0725,-0.575));
#17081=CARTESIAN_POINT('',(15.65,0.0725,-0.3));
#17082=CARTESIAN_POINT('Origin',(17.325,0.0425,-0.33));
#17083=CARTESIAN_POINT('',(17.325,0.0125,-0.36));
#17084=CARTESIAN_POINT('',(17.325,0.0725,-0.3));
#17085=CARTESIAN_POINT('Origin',(23.02,0.0425,-0.575));
#17086=CARTESIAN_POINT('',(23.05,0.0725,-0.3));
#17087=CARTESIAN_POINT('',(23.05,0.0725,-0.575));
#17088=CARTESIAN_POINT('',(22.99,0.0125,-0.36));
#17089=CARTESIAN_POINT('',(22.99,0.0125,-0.575));
#17090=CARTESIAN_POINT('',(22.99,0.0125,-0.36));
#17091=CARTESIAN_POINT('Origin',(21.075,0.0425,-0.33));
#17092=CARTESIAN_POINT('',(21.075,0.0725,-0.3));
#17093=CARTESIAN_POINT('',(21.075,0.0125,-0.36));
#17094=CARTESIAN_POINT('Origin',(15.18,0.0425,-0.575));
#17095=CARTESIAN_POINT('',(15.21,0.0125,-0.36));
#17096=CARTESIAN_POINT('',(15.21,0.0125,-0.575));
#17097=CARTESIAN_POINT('',(15.15,0.0725,-0.3));
#17098=CARTESIAN_POINT('',(15.15,0.0725,-0.575));
#17099=CARTESIAN_POINT('',(15.15,0.0725,-0.3));
#17100=CARTESIAN_POINT('Origin',(17.075,0.0425,-0.33));
#17101=CARTESIAN_POINT('',(17.075,0.0125,-0.36));
#17102=CARTESIAN_POINT('',(17.075,0.0725,-0.3));
#17103=CARTESIAN_POINT('Origin',(23.52,0.0425,-0.575));
#17104=CARTESIAN_POINT('',(23.55,0.0725,-0.3));
#17105=CARTESIAN_POINT('',(23.55,0.0725,-0.575));
#17106=CARTESIAN_POINT('',(23.49,0.0125,-0.36));
#17107=CARTESIAN_POINT('',(23.49,0.0125,-0.575));
#17108=CARTESIAN_POINT('',(23.49,0.0125,-0.36));
#17109=CARTESIAN_POINT('Origin',(21.325,0.0425,-0.33));
#17110=CARTESIAN_POINT('',(21.325,0.0725,-0.3));
#17111=CARTESIAN_POINT('',(21.325,0.0125,-0.36));
#17112=CARTESIAN_POINT('Origin',(14.68,0.0425,-0.575));
#17113=CARTESIAN_POINT('',(14.71,0.0125,-0.36));
#17114=CARTESIAN_POINT('',(14.71,0.0125,-0.575));
#17115=CARTESIAN_POINT('',(14.65,0.0725,-0.3));
#17116=CARTESIAN_POINT('',(14.65,0.0725,-0.575));
#17117=CARTESIAN_POINT('',(14.65,0.0725,-0.3));
#17118=CARTESIAN_POINT('Origin',(16.825,0.0425,-0.33));
#17119=CARTESIAN_POINT('',(16.825,0.0125,-0.36));
#17120=CARTESIAN_POINT('',(16.825,0.0725,-0.3));
#17121=CARTESIAN_POINT('Origin',(24.02,0.0425,-0.575));
#17122=CARTESIAN_POINT('',(24.05,0.0725,-0.3));
#17123=CARTESIAN_POINT('',(24.05,0.0725,-0.575));
#17124=CARTESIAN_POINT('',(23.99,0.0125,-0.36));
#17125=CARTESIAN_POINT('',(23.99,0.0125,-0.575));
#17126=CARTESIAN_POINT('',(23.99,0.0125,-0.36));
#17127=CARTESIAN_POINT('Origin',(21.575,0.0425,-0.33));
#17128=CARTESIAN_POINT('',(21.575,0.0725,-0.3));
#17129=CARTESIAN_POINT('',(21.575,0.0125,-0.36));
#17130=CARTESIAN_POINT('Origin',(14.18,0.0425,-0.575));
#17131=CARTESIAN_POINT('',(14.21,0.0125,-0.36));
#17132=CARTESIAN_POINT('',(14.21,0.0125,-0.575));
#17133=CARTESIAN_POINT('',(14.15,0.0725,-0.3));
#17134=CARTESIAN_POINT('',(14.15,0.0725,-0.575));
#17135=CARTESIAN_POINT('',(14.15,0.0725,-0.3));
#17136=CARTESIAN_POINT('Origin',(16.575,0.0425,-0.33));
#17137=CARTESIAN_POINT('',(16.575,0.0125,-0.36));
#17138=CARTESIAN_POINT('',(16.575,0.0725,-0.3));
#17139=CARTESIAN_POINT('Origin',(21.825,0.0425,-0.33));
#17140=CARTESIAN_POINT('',(21.825,0.0725,-0.3));
#17141=CARTESIAN_POINT('',(21.825,0.0125,-0.36));
#17142=CARTESIAN_POINT('Origin',(9.525,0.0425,-0.13));
#17143=CARTESIAN_POINT('',(13.71,0.0125,-0.16));
#17144=CARTESIAN_POINT('',(9.525,0.0125,-0.16));
#17145=CARTESIAN_POINT('',(13.65,0.0725,-0.1));
#17146=CARTESIAN_POINT('',(9.525,0.0725,-0.1));
#17147=CARTESIAN_POINT('',(13.65,0.0725,-0.1));
#17148=CARTESIAN_POINT('Origin',(13.68,0.0425,-0.575));
#17149=CARTESIAN_POINT('',(13.71,0.0125,-0.36));
#17150=CARTESIAN_POINT('',(13.71,0.0125,-0.575));
#17151=CARTESIAN_POINT('',(13.65,0.0725,-0.3));
#17152=CARTESIAN_POINT('',(13.65,0.0725,-0.575));
#17153=CARTESIAN_POINT('',(13.65,0.0725,-0.3));
#17154=CARTESIAN_POINT('Origin',(16.325,0.0425,-0.33));
#17155=CARTESIAN_POINT('',(16.325,0.0125,-0.36));
#17156=CARTESIAN_POINT('',(16.325,0.0725,-0.3));
#17157=CARTESIAN_POINT('Origin',(22.075,0.0425,-0.33));
#17158=CARTESIAN_POINT('',(22.075,0.0725,-0.3));
#17159=CARTESIAN_POINT('',(22.075,0.0125,-0.36));
#17160=CARTESIAN_POINT('Origin',(9.525,0.0425,-0.13));
#17161=CARTESIAN_POINT('',(13.21,0.0125,-0.16));
#17162=CARTESIAN_POINT('',(9.525,0.0125,-0.16));
#17163=CARTESIAN_POINT('',(13.15,0.0725,-0.1));
#17164=CARTESIAN_POINT('',(9.525,0.0725,-0.1));
#17165=CARTESIAN_POINT('',(13.15,0.0725,-0.1));
#17166=CARTESIAN_POINT('Origin',(13.18,0.0425,-0.575));
#17167=CARTESIAN_POINT('',(13.21,0.0125,-0.36));
#17168=CARTESIAN_POINT('',(13.21,0.0125,-0.575));
#17169=CARTESIAN_POINT('',(13.15,0.0725,-0.3));
#17170=CARTESIAN_POINT('',(13.15,0.0725,-0.575));
#17171=CARTESIAN_POINT('',(13.15,0.0724999999999999,-0.3));
#17172=CARTESIAN_POINT('Origin',(16.075,0.0425,-0.33));
#17173=CARTESIAN_POINT('',(16.075,0.0125,-0.36));
#17174=CARTESIAN_POINT('',(16.075,0.0725,-0.3));
#17175=CARTESIAN_POINT('Origin',(25.52,0.0425,-0.575));
#17176=CARTESIAN_POINT('',(25.55,0.0725,-0.3));
#17177=CARTESIAN_POINT('',(25.55,0.0725,-0.575));
#17178=CARTESIAN_POINT('',(25.49,0.0125,-0.36));
#17179=CARTESIAN_POINT('',(25.49,0.0125,-0.575));
#17180=CARTESIAN_POINT('',(25.49,0.0125,-0.36));
#17181=CARTESIAN_POINT('Origin',(22.325,0.0425,-0.33));
#17182=CARTESIAN_POINT('',(22.325,0.0725,-0.3));
#17183=CARTESIAN_POINT('',(22.325,0.0125,-0.36));
#17184=CARTESIAN_POINT('Origin',(12.68,0.0425,-0.575));
#17185=CARTESIAN_POINT('',(12.71,0.0125,-0.36));
#17186=CARTESIAN_POINT('',(12.71,0.0125,-0.575));
#17187=CARTESIAN_POINT('',(12.65,0.0725,-0.3));
#17188=CARTESIAN_POINT('',(12.65,0.0725,-0.575));
#17189=CARTESIAN_POINT('',(12.65,0.0725,-0.3));
#17190=CARTESIAN_POINT('Origin',(15.825,0.0425,-0.33));
#17191=CARTESIAN_POINT('',(15.825,0.0125,-0.36));
#17192=CARTESIAN_POINT('',(15.825,0.0725,-0.3));
#17193=CARTESIAN_POINT('Origin',(26.02,0.0425,-0.575));
#17194=CARTESIAN_POINT('',(26.05,0.0725,-0.3));
#17195=CARTESIAN_POINT('',(26.05,0.0725,-0.575));
#17196=CARTESIAN_POINT('',(25.99,0.0125,-0.36));
#17197=CARTESIAN_POINT('',(25.99,0.0125,-0.575));
#17198=CARTESIAN_POINT('',(25.99,0.0125,-0.36));
#17199=CARTESIAN_POINT('Origin',(22.575,0.0425,-0.33));
#17200=CARTESIAN_POINT('',(22.575,0.0725,-0.3));
#17201=CARTESIAN_POINT('',(22.575,0.0125,-0.36));
#17202=CARTESIAN_POINT('Origin',(12.18,0.0425,-0.575));
#17203=CARTESIAN_POINT('',(12.21,0.0125,-0.36));
#17204=CARTESIAN_POINT('',(12.21,0.0125,-0.575));
#17205=CARTESIAN_POINT('',(12.15,0.0725,-0.3));
#17206=CARTESIAN_POINT('',(12.15,0.0725,-0.575));
#17207=CARTESIAN_POINT('',(12.15,0.0724999999999999,-0.3));
#17208=CARTESIAN_POINT('Origin',(15.575,0.0425,-0.33));
#17209=CARTESIAN_POINT('',(15.575,0.0125,-0.36));
#17210=CARTESIAN_POINT('',(15.575,0.0725,-0.3));
#17211=CARTESIAN_POINT('Origin',(26.52,0.0425,-0.575));
#17212=CARTESIAN_POINT('',(26.55,0.0725,-0.3));
#17213=CARTESIAN_POINT('',(26.55,0.0725,-0.575));
#17214=CARTESIAN_POINT('',(26.49,0.0125,-0.36));
#17215=CARTESIAN_POINT('',(26.49,0.0125,-0.575));
#17216=CARTESIAN_POINT('',(26.49,0.0125,-0.36));
#17217=CARTESIAN_POINT('Origin',(22.825,0.0425,-0.33));
#17218=CARTESIAN_POINT('',(22.825,0.0725,-0.3));
#17219=CARTESIAN_POINT('',(22.825,0.0125,-0.36));
#17220=CARTESIAN_POINT('Origin',(11.68,0.0425,-0.575));
#17221=CARTESIAN_POINT('',(11.71,0.0125,-0.36));
#17222=CARTESIAN_POINT('',(11.71,0.0125,-0.575));
#17223=CARTESIAN_POINT('',(11.65,0.0725,-0.3));
#17224=CARTESIAN_POINT('',(11.65,0.0725,-0.575));
#17225=CARTESIAN_POINT('',(11.65,0.0725,-0.3));
#17226=CARTESIAN_POINT('Origin',(15.325,0.0425,-0.33));
#17227=CARTESIAN_POINT('',(15.325,0.0125,-0.36));
#17228=CARTESIAN_POINT('',(15.325,0.0725,-0.3));
#17229=CARTESIAN_POINT('Origin',(27.02,0.0425,-0.575));
#17230=CARTESIAN_POINT('',(27.05,0.0725,-0.3));
#17231=CARTESIAN_POINT('',(27.05,0.0725,-0.575));
#17232=CARTESIAN_POINT('',(26.99,0.0125,-0.36));
#17233=CARTESIAN_POINT('',(26.99,0.0125,-0.575));
#17234=CARTESIAN_POINT('',(26.99,0.0125,-0.36));
#17235=CARTESIAN_POINT('Origin',(23.075,0.0425,-0.33));
#17236=CARTESIAN_POINT('',(23.075,0.0725,-0.3));
#17237=CARTESIAN_POINT('',(23.075,0.0125,-0.36));
#17238=CARTESIAN_POINT('Origin',(11.18,0.0425,-0.575));
#17239=CARTESIAN_POINT('',(11.21,0.0125,-0.36));
#17240=CARTESIAN_POINT('',(11.21,0.0125,-0.575));
#17241=CARTESIAN_POINT('',(11.15,0.0725,-0.3));
#17242=CARTESIAN_POINT('',(11.15,0.0725,-0.575));
#17243=CARTESIAN_POINT('',(11.15,0.0724999999999999,-0.3));
#17244=CARTESIAN_POINT('Origin',(15.075,0.0425,-0.33));
#17245=CARTESIAN_POINT('',(15.075,0.0125,-0.36));
#17246=CARTESIAN_POINT('',(15.075,0.0725,-0.3));
#17247=CARTESIAN_POINT('Origin',(23.325,0.0425,-0.33));
#17248=CARTESIAN_POINT('',(23.325,0.0725,-0.3));
#17249=CARTESIAN_POINT('',(23.325,0.0125,-0.36));
#17250=CARTESIAN_POINT('Origin',(9.525,0.0425,-0.13));
#17251=CARTESIAN_POINT('',(10.71,0.0125,-0.16));
#17252=CARTESIAN_POINT('',(9.525,0.0125,-0.16));
#17253=CARTESIAN_POINT('',(10.65,0.0725,-0.1));
#17254=CARTESIAN_POINT('',(9.525,0.0725,-0.1));
#17255=CARTESIAN_POINT('',(10.65,0.0725,-0.1));
#17256=CARTESIAN_POINT('Origin',(10.68,0.0425,-0.575));
#17257=CARTESIAN_POINT('',(10.71,0.0125,-0.36));
#17258=CARTESIAN_POINT('',(10.71,0.0125,-0.575));
#17259=CARTESIAN_POINT('',(10.65,0.0725,-0.3));
#17260=CARTESIAN_POINT('',(10.65,0.0725,-0.575));
#17261=CARTESIAN_POINT('',(10.65,0.0725,-0.3));
#17262=CARTESIAN_POINT('Origin',(14.825,0.0425,-0.33));
#17263=CARTESIAN_POINT('',(14.825,0.0125,-0.36));
#17264=CARTESIAN_POINT('',(14.825,0.0725,-0.3));
#17265=CARTESIAN_POINT('Origin',(23.575,0.0425,-0.33));
#17266=CARTESIAN_POINT('',(23.575,0.0725,-0.3));
#17267=CARTESIAN_POINT('',(23.575,0.0125,-0.36));
#17268=CARTESIAN_POINT('Origin',(9.525,0.0425,-0.13));
#17269=CARTESIAN_POINT('',(10.21,0.0125,-0.16));
#17270=CARTESIAN_POINT('',(9.525,0.0125,-0.16));
#17271=CARTESIAN_POINT('',(10.15,0.0725,-0.1));
#17272=CARTESIAN_POINT('',(9.525,0.0725,-0.1));
#17273=CARTESIAN_POINT('',(10.15,0.0725,-0.1));
#17274=CARTESIAN_POINT('Origin',(10.18,0.0425,-0.575));
#17275=CARTESIAN_POINT('',(10.21,0.0125,-0.36));
#17276=CARTESIAN_POINT('',(10.21,0.0125,-0.575));
#17277=CARTESIAN_POINT('',(10.15,0.0725,-0.3));
#17278=CARTESIAN_POINT('',(10.15,0.0725,-0.575));
#17279=CARTESIAN_POINT('',(10.15,0.0724999999999999,-0.3));
#17280=CARTESIAN_POINT('Origin',(14.575,0.0425,-0.33));
#17281=CARTESIAN_POINT('',(14.575,0.0125,-0.36));
#17282=CARTESIAN_POINT('',(14.575,0.0725,-0.3));
#17283=CARTESIAN_POINT('Origin',(28.52,0.0425,-0.575));
#17284=CARTESIAN_POINT('',(28.55,0.0725,-0.3));
#17285=CARTESIAN_POINT('',(28.55,0.0725,-0.575));
#17286=CARTESIAN_POINT('',(28.49,0.0125,-0.36));
#17287=CARTESIAN_POINT('',(28.49,0.0125,-0.575));
#17288=CARTESIAN_POINT('',(28.49,0.0125,-0.36));
#17289=CARTESIAN_POINT('Origin',(23.825,0.0425,-0.33));
#17290=CARTESIAN_POINT('',(23.825,0.0725,-0.3));
#17291=CARTESIAN_POINT('',(23.825,0.0125,-0.36));
#17292=CARTESIAN_POINT('Origin',(9.67999999999998,0.0425,-0.575));
#17293=CARTESIAN_POINT('',(9.70999999999998,0.0125,-0.36));
#17294=CARTESIAN_POINT('',(9.70999999999998,0.0125,-0.575));
#17295=CARTESIAN_POINT('',(9.64999999999998,0.0725,-0.3));
#17296=CARTESIAN_POINT('',(9.64999999999998,0.0725,-0.575));
#17297=CARTESIAN_POINT('',(9.64999999999998,0.0725,-0.3));
#17298=CARTESIAN_POINT('Origin',(14.325,0.0425,-0.33));
#17299=CARTESIAN_POINT('',(14.325,0.0125,-0.36));
#17300=CARTESIAN_POINT('',(14.325,0.0725,-0.3));
#17301=CARTESIAN_POINT('Origin',(29.02,0.0425,-0.575));
#17302=CARTESIAN_POINT('',(29.05,0.0725,-0.3));
#17303=CARTESIAN_POINT('',(29.05,0.0725,-0.575));
#17304=CARTESIAN_POINT('',(28.99,0.0125,-0.36));
#17305=CARTESIAN_POINT('',(28.99,0.0125,-0.575));
#17306=CARTESIAN_POINT('',(28.99,0.0125,-0.36));
#17307=CARTESIAN_POINT('Origin',(24.075,0.0425,-0.33));
#17308=CARTESIAN_POINT('',(24.075,0.0725,-0.3));
#17309=CARTESIAN_POINT('',(24.075,0.0125,-0.36));
#17310=CARTESIAN_POINT('Origin',(9.17999999999998,0.0425,-0.575));
#17311=CARTESIAN_POINT('',(9.20999999999998,0.0125,-0.36));
#17312=CARTESIAN_POINT('',(9.20999999999998,0.0125,-0.575));
#17313=CARTESIAN_POINT('',(9.14999999999998,0.0725,-0.3));
#17314=CARTESIAN_POINT('',(9.14999999999998,0.0725,-0.575));
#17315=CARTESIAN_POINT('',(9.14999999999998,0.0724999999999999,-0.3));
#17316=CARTESIAN_POINT('Origin',(14.075,0.0425,-0.33));
#17317=CARTESIAN_POINT('',(14.075,0.0125,-0.36));
#17318=CARTESIAN_POINT('',(14.075,0.0725,-0.3));
#17319=CARTESIAN_POINT('Origin',(29.52,0.0425,-0.575));
#17320=CARTESIAN_POINT('',(29.55,0.0725,-0.3));
#17321=CARTESIAN_POINT('',(29.55,0.0725,-0.575));
#17322=CARTESIAN_POINT('',(29.49,0.0125,-0.36));
#17323=CARTESIAN_POINT('',(29.49,0.0125,-0.575));
#17324=CARTESIAN_POINT('',(29.49,0.0125,-0.36));
#17325=CARTESIAN_POINT('Origin',(24.325,0.0425,-0.33));
#17326=CARTESIAN_POINT('',(24.325,0.0725,-0.3));
#17327=CARTESIAN_POINT('',(24.325,0.0125,-0.36));
#17328=CARTESIAN_POINT('Origin',(8.67999999999998,0.0425,-0.575));
#17329=CARTESIAN_POINT('',(8.70999999999998,0.0125,-0.36));
#17330=CARTESIAN_POINT('',(8.70999999999998,0.0125,-0.575));
#17331=CARTESIAN_POINT('',(8.64999999999998,0.0725,-0.3));
#17332=CARTESIAN_POINT('',(8.64999999999998,0.0725,-0.575));
#17333=CARTESIAN_POINT('',(8.64999999999998,0.0725,-0.3));
#17334=CARTESIAN_POINT('Origin',(13.825,0.0425,-0.33));
#17335=CARTESIAN_POINT('',(13.825,0.0125,-0.36));
#17336=CARTESIAN_POINT('',(13.825,0.0725,-0.3));
#17337=CARTESIAN_POINT('Origin',(30.02,0.0425,-0.575));
#17338=CARTESIAN_POINT('',(30.05,0.0725,-0.3));
#17339=CARTESIAN_POINT('',(30.05,0.0725,-0.575));
#17340=CARTESIAN_POINT('',(29.99,0.0125,-0.36));
#17341=CARTESIAN_POINT('',(29.99,0.0125,-0.575));
#17342=CARTESIAN_POINT('',(29.99,0.0125,-0.36));
#17343=CARTESIAN_POINT('Origin',(24.575,0.0425,-0.33));
#17344=CARTESIAN_POINT('',(24.575,0.0725,-0.3));
#17345=CARTESIAN_POINT('',(24.575,0.0125,-0.36));
#17346=CARTESIAN_POINT('Origin',(8.17999999999998,0.0425,-0.575));
#17347=CARTESIAN_POINT('',(8.20999999999998,0.0125,-0.36));
#17348=CARTESIAN_POINT('',(8.20999999999998,0.0125,-0.575));
#17349=CARTESIAN_POINT('',(8.14999999999998,0.0725,-0.3));
#17350=CARTESIAN_POINT('',(8.14999999999998,0.0725,-0.575));
#17351=CARTESIAN_POINT('',(8.14999999999998,0.0724999999999999,-0.3));
#17352=CARTESIAN_POINT('Origin',(13.575,0.0425,-0.33));
#17353=CARTESIAN_POINT('',(13.575,0.0125,-0.36));
#17354=CARTESIAN_POINT('',(13.575,0.0725,-0.3));
#17355=CARTESIAN_POINT('Origin',(24.825,0.0425,-0.33));
#17356=CARTESIAN_POINT('',(24.825,0.0725,-0.3));
#17357=CARTESIAN_POINT('',(24.825,0.0125,-0.36));
#17358=CARTESIAN_POINT('Origin',(9.525,0.0425,-0.13));
#17359=CARTESIAN_POINT('',(7.70999999999998,0.0125,-0.16));
#17360=CARTESIAN_POINT('',(9.525,0.0125,-0.16));
#17361=CARTESIAN_POINT('',(7.64999999999998,0.0725,-0.1));
#17362=CARTESIAN_POINT('',(9.525,0.0725,-0.1));
#17363=CARTESIAN_POINT('',(7.64999999999998,0.0725,-0.1));
#17364=CARTESIAN_POINT('Origin',(7.67999999999998,0.0425,-0.575));
#17365=CARTESIAN_POINT('',(7.70999999999998,0.0125,-0.36));
#17366=CARTESIAN_POINT('',(7.70999999999998,0.0125,-0.575));
#17367=CARTESIAN_POINT('',(7.64999999999998,0.0725,-0.3));
#17368=CARTESIAN_POINT('',(7.64999999999998,0.0725,-0.575));
#17369=CARTESIAN_POINT('',(7.64999999999998,0.0725,-0.3));
#17370=CARTESIAN_POINT('Origin',(13.325,0.0425,-0.33));
#17371=CARTESIAN_POINT('',(13.325,0.0125,-0.36));
#17372=CARTESIAN_POINT('',(13.325,0.0725,-0.3));
#17373=CARTESIAN_POINT('Origin',(25.075,0.0425,-0.33));
#17374=CARTESIAN_POINT('',(25.075,0.0725,-0.3));
#17375=CARTESIAN_POINT('',(25.075,0.0125,-0.36));
#17376=CARTESIAN_POINT('Origin',(9.525,0.0425,-0.13));
#17377=CARTESIAN_POINT('',(7.20999999999998,0.0125,-0.16));
#17378=CARTESIAN_POINT('',(9.525,0.0125,-0.16));
#17379=CARTESIAN_POINT('',(7.14999999999998,0.0725,-0.1));
#17380=CARTESIAN_POINT('',(9.525,0.0725,-0.1));
#17381=CARTESIAN_POINT('',(7.14999999999998,0.0725,-0.1));
#17382=CARTESIAN_POINT('Origin',(7.17999999999998,0.0425,-0.575));
#17383=CARTESIAN_POINT('',(7.20999999999998,0.0125,-0.36));
#17384=CARTESIAN_POINT('',(7.20999999999998,0.0125,-0.575));
#17385=CARTESIAN_POINT('',(7.14999999999998,0.0725,-0.3));
#17386=CARTESIAN_POINT('',(7.14999999999998,0.0725,-0.575));
#17387=CARTESIAN_POINT('',(7.14999999999998,0.0724999999999999,-0.3));
#17388=CARTESIAN_POINT('Origin',(13.075,0.0425,-0.33));
#17389=CARTESIAN_POINT('',(13.075,0.0125,-0.36));
#17390=CARTESIAN_POINT('',(13.075,0.0725,-0.3));
#17391=CARTESIAN_POINT('Origin',(31.52,0.0425,-0.575));
#17392=CARTESIAN_POINT('',(31.55,0.0725,-0.3));
#17393=CARTESIAN_POINT('',(31.55,0.0725,-0.575));
#17394=CARTESIAN_POINT('',(31.49,0.0125,-0.36));
#17395=CARTESIAN_POINT('',(31.49,0.0125,-0.575));
#17396=CARTESIAN_POINT('',(31.49,0.0125,-0.36));
#17397=CARTESIAN_POINT('Origin',(25.325,0.0425,-0.33));
#17398=CARTESIAN_POINT('',(25.325,0.0725,-0.3));
#17399=CARTESIAN_POINT('',(25.325,0.0125,-0.36));
#17400=CARTESIAN_POINT('Origin',(6.67999999999998,0.0425,-0.575));
#17401=CARTESIAN_POINT('',(6.70999999999998,0.0125,-0.36));
#17402=CARTESIAN_POINT('',(6.70999999999998,0.0125,-0.575));
#17403=CARTESIAN_POINT('',(6.64999999999998,0.0725,-0.3));
#17404=CARTESIAN_POINT('',(6.64999999999998,0.0725,-0.575));
#17405=CARTESIAN_POINT('',(6.64999999999998,0.0725,-0.3));
#17406=CARTESIAN_POINT('Origin',(12.825,0.0425,-0.33));
#17407=CARTESIAN_POINT('',(12.825,0.0125,-0.36));
#17408=CARTESIAN_POINT('',(12.825,0.0725,-0.3));
#17409=CARTESIAN_POINT('Origin',(32.02,0.0425,-0.575));
#17410=CARTESIAN_POINT('',(32.05,0.0725,-0.3));
#17411=CARTESIAN_POINT('',(32.05,0.0725,-0.575));
#17412=CARTESIAN_POINT('',(31.99,0.0125,-0.36));
#17413=CARTESIAN_POINT('',(31.99,0.0125,-0.575));
#17414=CARTESIAN_POINT('',(31.99,0.0125,-0.36));
#17415=CARTESIAN_POINT('Origin',(25.575,0.0425,-0.33));
#17416=CARTESIAN_POINT('',(25.575,0.0725,-0.3));
#17417=CARTESIAN_POINT('',(25.575,0.0125,-0.36));
#17418=CARTESIAN_POINT('Origin',(6.17999999999998,0.0425,-0.575));
#17419=CARTESIAN_POINT('',(6.20999999999998,0.0125,-0.36));
#17420=CARTESIAN_POINT('',(6.20999999999998,0.0125,-0.575));
#17421=CARTESIAN_POINT('',(6.14999999999998,0.0725,-0.3));
#17422=CARTESIAN_POINT('',(6.14999999999998,0.0725,-0.575));
#17423=CARTESIAN_POINT('',(6.14999999999998,0.0724999999999999,-0.3));
#17424=CARTESIAN_POINT('Origin',(12.575,0.0425,-0.33));
#17425=CARTESIAN_POINT('',(12.575,0.0125,-0.36));
#17426=CARTESIAN_POINT('',(12.575,0.0725,-0.3));
#17427=CARTESIAN_POINT('Origin',(32.52,0.0425,-0.575));
#17428=CARTESIAN_POINT('',(32.55,0.0725,-0.3));
#17429=CARTESIAN_POINT('',(32.55,0.0725,-0.575));
#17430=CARTESIAN_POINT('',(32.49,0.0125,-0.36));
#17431=CARTESIAN_POINT('',(32.49,0.0125,-0.575));
#17432=CARTESIAN_POINT('',(32.49,0.0125,-0.36));
#17433=CARTESIAN_POINT('Origin',(25.825,0.0425,-0.33));
#17434=CARTESIAN_POINT('',(25.825,0.0725,-0.3));
#17435=CARTESIAN_POINT('',(25.825,0.0125,-0.36));
#17436=CARTESIAN_POINT('Origin',(5.67999999999998,0.0425,-0.575));
#17437=CARTESIAN_POINT('',(5.70999999999998,0.0125,-0.36));
#17438=CARTESIAN_POINT('',(5.70999999999998,0.0125,-0.575));
#17439=CARTESIAN_POINT('',(5.64999999999998,0.0725,-0.3));
#17440=CARTESIAN_POINT('',(5.64999999999998,0.0725,-0.575));
#17441=CARTESIAN_POINT('',(5.64999999999998,0.0725,-0.3));
#17442=CARTESIAN_POINT('Origin',(12.325,0.0425,-0.33));
#17443=CARTESIAN_POINT('',(12.325,0.0125,-0.36));
#17444=CARTESIAN_POINT('',(12.325,0.0725,-0.3));
#17445=CARTESIAN_POINT('Origin',(33.02,0.0425,-0.575));
#17446=CARTESIAN_POINT('',(33.05,0.0725,-0.3));
#17447=CARTESIAN_POINT('',(33.05,0.0725,-0.575));
#17448=CARTESIAN_POINT('',(32.99,0.0125,-0.36));
#17449=CARTESIAN_POINT('',(32.99,0.0125,-0.575));
#17450=CARTESIAN_POINT('',(32.99,0.0125,-0.36));
#17451=CARTESIAN_POINT('Origin',(26.075,0.0425,-0.33));
#17452=CARTESIAN_POINT('',(26.075,0.0725,-0.3));
#17453=CARTESIAN_POINT('',(26.075,0.0125,-0.36));
#17454=CARTESIAN_POINT('Origin',(5.17999999999998,0.0425,-0.575));
#17455=CARTESIAN_POINT('',(5.20999999999998,0.0125,-0.36));
#17456=CARTESIAN_POINT('',(5.20999999999998,0.0125,-0.575));
#17457=CARTESIAN_POINT('',(5.14999999999998,0.0725,-0.3));
#17458=CARTESIAN_POINT('',(5.14999999999998,0.0725,-0.575));
#17459=CARTESIAN_POINT('',(5.14999999999998,0.0724999999999999,-0.3));
#17460=CARTESIAN_POINT('Origin',(12.075,0.0425,-0.33));
#17461=CARTESIAN_POINT('',(12.075,0.0125,-0.36));
#17462=CARTESIAN_POINT('',(12.075,0.0725,-0.3));
#17463=CARTESIAN_POINT('Origin',(26.325,0.0425,-0.33));
#17464=CARTESIAN_POINT('',(26.325,0.0725,-0.3));
#17465=CARTESIAN_POINT('',(26.325,0.0125,-0.36));
#17466=CARTESIAN_POINT('Origin',(9.525,0.0425,-0.13));
#17467=CARTESIAN_POINT('',(4.70999999999998,0.0125,-0.16));
#17468=CARTESIAN_POINT('',(9.525,0.0125,-0.16));
#17469=CARTESIAN_POINT('',(4.64999999999998,0.0725,-0.1));
#17470=CARTESIAN_POINT('',(9.525,0.0725,-0.1));
#17471=CARTESIAN_POINT('',(4.64999999999998,0.0725,-0.1));
#17472=CARTESIAN_POINT('Origin',(4.67999999999998,0.0425,-0.575));
#17473=CARTESIAN_POINT('',(4.70999999999998,0.0125,-0.36));
#17474=CARTESIAN_POINT('',(4.70999999999998,0.0125,-0.575));
#17475=CARTESIAN_POINT('',(4.64999999999998,0.0725,-0.3));
#17476=CARTESIAN_POINT('',(4.64999999999998,0.0725,-0.575));
#17477=CARTESIAN_POINT('',(4.64999999999998,0.0725,-0.3));
#17478=CARTESIAN_POINT('Origin',(11.825,0.0425,-0.33));
#17479=CARTESIAN_POINT('',(11.825,0.0125,-0.36));
#17480=CARTESIAN_POINT('',(11.825,0.0725,-0.3));
#17481=CARTESIAN_POINT('Origin',(26.575,0.0425,-0.33));
#17482=CARTESIAN_POINT('',(26.575,0.0725,-0.3));
#17483=CARTESIAN_POINT('',(26.575,0.0125,-0.36));
#17484=CARTESIAN_POINT('Origin',(9.525,0.0425,-0.13));
#17485=CARTESIAN_POINT('',(4.20999999999998,0.0125,-0.16));
#17486=CARTESIAN_POINT('',(9.525,0.0125,-0.16));
#17487=CARTESIAN_POINT('',(4.14999999999998,0.0725,-0.1));
#17488=CARTESIAN_POINT('',(9.525,0.0725,-0.1));
#17489=CARTESIAN_POINT('',(4.14999999999998,0.0725,-0.1));
#17490=CARTESIAN_POINT('Origin',(4.17999999999998,0.0425,-0.575));
#17491=CARTESIAN_POINT('',(4.20999999999998,0.0125,-0.36));
#17492=CARTESIAN_POINT('',(4.20999999999998,0.0125,-0.575));
#17493=CARTESIAN_POINT('',(4.14999999999998,0.0725,-0.3));
#17494=CARTESIAN_POINT('',(4.14999999999998,0.0725,-0.575));
#17495=CARTESIAN_POINT('',(4.14999999999998,0.0725,-0.3));
#17496=CARTESIAN_POINT('Origin',(11.575,0.0425,-0.33));
#17497=CARTESIAN_POINT('',(11.575,0.0125,-0.36));
#17498=CARTESIAN_POINT('',(11.575,0.0725,-0.3));
#17499=CARTESIAN_POINT('Origin',(34.52,0.0425,-0.575));
#17500=CARTESIAN_POINT('',(34.55,0.0725,-0.3));
#17501=CARTESIAN_POINT('',(34.55,0.0725,-0.575));
#17502=CARTESIAN_POINT('',(34.49,0.0125,-0.36));
#17503=CARTESIAN_POINT('',(34.49,0.0125,-0.575));
#17504=CARTESIAN_POINT('',(34.49,0.0125,-0.36));
#17505=CARTESIAN_POINT('Origin',(26.825,0.0425,-0.33));
#17506=CARTESIAN_POINT('',(26.825,0.0725,-0.3));
#17507=CARTESIAN_POINT('',(26.825,0.0125,-0.36));
#17508=CARTESIAN_POINT('Origin',(3.67999999999998,0.0425,-0.575));
#17509=CARTESIAN_POINT('',(3.70999999999998,0.0125,-0.36));
#17510=CARTESIAN_POINT('',(3.70999999999998,0.0125,-0.575));
#17511=CARTESIAN_POINT('',(3.64999999999998,0.0725,-0.3));
#17512=CARTESIAN_POINT('',(3.64999999999998,0.0725,-0.575));
#17513=CARTESIAN_POINT('',(3.64999999999998,0.0725,-0.3));
#17514=CARTESIAN_POINT('Origin',(11.325,0.0425,-0.33));
#17515=CARTESIAN_POINT('',(11.325,0.0125,-0.36));
#17516=CARTESIAN_POINT('',(11.325,0.0725,-0.3));
#17517=CARTESIAN_POINT('Origin',(35.02,0.0425,-0.575));
#17518=CARTESIAN_POINT('',(35.05,0.0725,-0.3));
#17519=CARTESIAN_POINT('',(35.05,0.0725,-0.575));
#17520=CARTESIAN_POINT('',(34.99,0.0125,-0.36));
#17521=CARTESIAN_POINT('',(34.99,0.0125,-0.575));
#17522=CARTESIAN_POINT('',(34.99,0.0125,-0.36));
#17523=CARTESIAN_POINT('Origin',(27.075,0.0425,-0.33));
#17524=CARTESIAN_POINT('',(27.075,0.0725,-0.3));
#17525=CARTESIAN_POINT('',(27.075,0.0125,-0.36));
#17526=CARTESIAN_POINT('Origin',(3.17999999999998,0.0425,-0.575));
#17527=CARTESIAN_POINT('',(3.20999999999998,0.0125,-0.36));
#17528=CARTESIAN_POINT('',(3.20999999999998,0.0125,-0.575));
#17529=CARTESIAN_POINT('',(3.14999999999998,0.0725,-0.3));
#17530=CARTESIAN_POINT('',(3.14999999999998,0.0725,-0.575));
#17531=CARTESIAN_POINT('',(3.14999999999998,0.0725,-0.3));
#17532=CARTESIAN_POINT('Origin',(11.075,0.0425,-0.33));
#17533=CARTESIAN_POINT('',(11.075,0.0125,-0.36));
#17534=CARTESIAN_POINT('',(11.075,0.0725,-0.3));
#17535=CARTESIAN_POINT('Origin',(35.52,0.0425,-0.575));
#17536=CARTESIAN_POINT('',(35.55,0.0725,-0.3));
#17537=CARTESIAN_POINT('',(35.55,0.0725,-0.575));
#17538=CARTESIAN_POINT('',(35.49,0.0125,-0.36));
#17539=CARTESIAN_POINT('',(35.49,0.0125,-0.575));
#17540=CARTESIAN_POINT('',(35.49,0.0125,-0.36));
#17541=CARTESIAN_POINT('Origin',(27.325,0.0425,-0.33));
#17542=CARTESIAN_POINT('',(27.325,0.0725,-0.3));
#17543=CARTESIAN_POINT('',(27.325,0.0125,-0.36));
#17544=CARTESIAN_POINT('Origin',(2.67999999999998,0.0425,-0.575));
#17545=CARTESIAN_POINT('',(2.70999999999998,0.0125,-0.36));
#17546=CARTESIAN_POINT('',(2.70999999999998,0.0125,-0.575));
#17547=CARTESIAN_POINT('',(2.64999999999998,0.0725,-0.3));
#17548=CARTESIAN_POINT('',(2.64999999999998,0.0725,-0.575));
#17549=CARTESIAN_POINT('',(2.64999999999998,0.0725,-0.3));
#17550=CARTESIAN_POINT('Origin',(10.825,0.0425,-0.33));
#17551=CARTESIAN_POINT('',(10.825,0.0125,-0.36));
#17552=CARTESIAN_POINT('',(10.825,0.0725,-0.3));
#17553=CARTESIAN_POINT('Origin',(36.02,0.0425,-0.575));
#17554=CARTESIAN_POINT('',(36.05,0.0725,-0.3));
#17555=CARTESIAN_POINT('',(36.05,0.0725,-0.575));
#17556=CARTESIAN_POINT('',(35.99,0.0125,-0.36));
#17557=CARTESIAN_POINT('',(35.99,0.0125,-0.575));
#17558=CARTESIAN_POINT('',(35.99,0.0125,-0.36));
#17559=CARTESIAN_POINT('Origin',(27.575,0.0425,-0.33));
#17560=CARTESIAN_POINT('',(27.575,0.0725,-0.3));
#17561=CARTESIAN_POINT('',(27.575,0.0125,-0.36));
#17562=CARTESIAN_POINT('Origin',(2.17999999999998,0.0425,-0.575));
#17563=CARTESIAN_POINT('',(2.20999999999998,0.0125,-0.36));
#17564=CARTESIAN_POINT('',(2.20999999999998,0.0125,-0.575));
#17565=CARTESIAN_POINT('',(2.14999999999998,0.0725,-0.3));
#17566=CARTESIAN_POINT('',(2.14999999999998,0.0725,-0.575));
#17567=CARTESIAN_POINT('',(2.14999999999998,0.0725,-0.3));
#17568=CARTESIAN_POINT('Origin',(10.575,0.0425,-0.33));
#17569=CARTESIAN_POINT('',(10.575,0.0125,-0.36));
#17570=CARTESIAN_POINT('',(10.575,0.0725,-0.3));
#17571=CARTESIAN_POINT('Origin',(27.825,0.0425,-0.33));
#17572=CARTESIAN_POINT('',(27.825,0.0725,-0.3));
#17573=CARTESIAN_POINT('',(27.825,0.0125,-0.36));
#17574=CARTESIAN_POINT('Origin',(9.525,0.0425,-0.13));
#17575=CARTESIAN_POINT('',(1.70999999999998,0.0125,-0.16));
#17576=CARTESIAN_POINT('',(9.525,0.0125,-0.16));
#17577=CARTESIAN_POINT('',(1.64999999999998,0.0725,-0.1));
#17578=CARTESIAN_POINT('',(9.525,0.0725,-0.1));
#17579=CARTESIAN_POINT('',(1.64999999999998,0.0725,-0.1));
#17580=CARTESIAN_POINT('Origin',(1.67999999999998,0.0425,-0.575));
#17581=CARTESIAN_POINT('',(1.70999999999998,0.0125,-0.36));
#17582=CARTESIAN_POINT('',(1.70999999999998,0.0125,-0.575));
#17583=CARTESIAN_POINT('',(1.64999999999998,0.0725,-0.3));
#17584=CARTESIAN_POINT('',(1.64999999999998,0.0725,-0.575));
#17585=CARTESIAN_POINT('',(1.64999999999998,0.0725,-0.3));
#17586=CARTESIAN_POINT('Origin',(10.325,0.0425,-0.33));
#17587=CARTESIAN_POINT('',(10.325,0.0125,-0.36));
#17588=CARTESIAN_POINT('',(10.325,0.0725,-0.3));
#17589=CARTESIAN_POINT('Origin',(28.075,0.0425,-0.33));
#17590=CARTESIAN_POINT('',(28.075,0.0725,-0.3));
#17591=CARTESIAN_POINT('',(28.075,0.0125,-0.36));
#17592=CARTESIAN_POINT('Origin',(9.525,0.0425,-0.13));
#17593=CARTESIAN_POINT('',(1.20999999999998,0.0125,-0.16));
#17594=CARTESIAN_POINT('',(9.525,0.0125,-0.16));
#17595=CARTESIAN_POINT('',(1.14999999999998,0.0725,-0.1));
#17596=CARTESIAN_POINT('',(9.525,0.0725,-0.1));
#17597=CARTESIAN_POINT('',(1.14999999999998,0.0725,-0.1));
#17598=CARTESIAN_POINT('Origin',(1.17999999999998,0.0425,-0.575));
#17599=CARTESIAN_POINT('',(1.20999999999998,0.0125,-0.36));
#17600=CARTESIAN_POINT('',(1.20999999999998,0.0125,-0.575));
#17601=CARTESIAN_POINT('',(1.14999999999998,0.0725,-0.3));
#17602=CARTESIAN_POINT('',(1.14999999999998,0.0725,-0.575));
#17603=CARTESIAN_POINT('',(1.14999999999998,0.0725,-0.3));
#17604=CARTESIAN_POINT('Origin',(38.,0.0425,-0.2));
#17605=CARTESIAN_POINT('',(38.04,0.0125,-0.2));
#17606=CARTESIAN_POINT('',(38.1,0.0725,-0.2));
#17607=CARTESIAN_POINT('',(38.04,0.0125,-0.2));
#17608=CARTESIAN_POINT('Origin',(38.,0.0725,-0.2));
#17609=CARTESIAN_POINT('Origin',(38.,0.0125,-0.2));
#17610=CARTESIAN_POINT('Origin',(38.07,0.0425,-0.575));
#17611=CARTESIAN_POINT('',(38.04,0.0125,-1.9));
#17612=CARTESIAN_POINT('',(38.1,0.0725,-1.9));
#17613=CARTESIAN_POINT('',(38.04,0.0125,-1.9));
#17614=CARTESIAN_POINT('',(38.1,0.0725,-0.575));
#17615=CARTESIAN_POINT('',(38.04,0.0125,-0.575));
#17616=CARTESIAN_POINT('Origin',(38.,0.0425,-1.9));
#17617=CARTESIAN_POINT('',(38.,0.0125,-1.94));
#17618=CARTESIAN_POINT('',(38.,0.0725,-2.));
#17619=CARTESIAN_POINT('',(38.,0.0125,-1.94));
#17620=CARTESIAN_POINT('Origin',(38.,0.0725,-1.9));
#17621=CARTESIAN_POINT('Origin',(38.,0.0125,-1.9));
#17622=CARTESIAN_POINT('Origin',(28.575,0.0425,-1.97));
#17623=CARTESIAN_POINT('',(37.1,0.0725,-2.));
#17624=CARTESIAN_POINT('',(28.575,0.0725,-2.));
#17625=CARTESIAN_POINT('',(37.04,0.0125,-1.94));
#17626=CARTESIAN_POINT('',(28.575,0.0125,-1.94));
#17627=CARTESIAN_POINT('',(37.04,0.0125,-1.94));
#17628=CARTESIAN_POINT('Origin',(10.075,0.0425,-0.33));
#17629=CARTESIAN_POINT('',(10.075,0.0125,-0.36));
#17630=CARTESIAN_POINT('',(10.075,0.0725,-0.3));
#17631=CARTESIAN_POINT('Origin',(1.03,0.0425,-1.17500000931323));
#17632=CARTESIAN_POINT('',(1.,0.0725,-2.40000001032033));
#17633=CARTESIAN_POINT('',(1.,0.0725,-1.17500000931323));
#17634=CARTESIAN_POINT('',(1.06,0.0125,-2.40000001032033));
#17635=CARTESIAN_POINT('',(1.,0.0725,-2.40000001032033));
#17636=CARTESIAN_POINT('',(1.06,0.0125,-1.17500000931323));
#17637=CARTESIAN_POINT('Origin',(1.1,0.0424999904778995,-2.40000001032034));
#17638=CARTESIAN_POINT('',(1.1,0.0724999809557989,-2.50000001032035));
#17639=CARTESIAN_POINT('Origin',(1.1,0.0724999809557989,-2.40000001032034));
#17640=CARTESIAN_POINT('',(1.1,0.0125,-2.44000002936454));
#17641=CARTESIAN_POINT('',(1.1,0.0724999809557989,-2.50000001032035));
#17642=CARTESIAN_POINT('Origin',(1.1,0.0125,-2.40000001032034));
#17643=CARTESIAN_POINT('Origin',(10.025,0.042499999999997,-2.47000002378662));
#17644=CARTESIAN_POINT('',(37.,0.072499999999994,-2.50000001032034));
#17645=CARTESIAN_POINT('',(37.,0.0125,-2.4400000372529));
#17646=CARTESIAN_POINT('',(37.,0.072499999999994,-2.50000001032034));
#17647=CARTESIAN_POINT('',(10.025,0.0125,-2.4400000372529));
#17648=CARTESIAN_POINT('',(10.025,0.0724999999999939,-2.50000001032034));
#17649=CARTESIAN_POINT('Origin',(37.,0.0424999904778995,-2.40000001032034));
#17650=CARTESIAN_POINT('',(37.1,0.0724999809557989,-2.40000001032034));
#17651=CARTESIAN_POINT('Origin',(37.,0.0724999809557989,-2.40000001032034));
#17652=CARTESIAN_POINT('',(37.0400000190442,0.0125,-2.40000001032034));
#17653=CARTESIAN_POINT('',(37.1,0.0724999809557989,-2.40000001032034));
#17654=CARTESIAN_POINT('Origin',(37.,0.0125,-2.40000001032034));
#17655=CARTESIAN_POINT('Origin',(37.07,0.0425,-1.17500000931323));
#17656=CARTESIAN_POINT('',(37.04,0.0125,-1.17500000931323));
#17657=CARTESIAN_POINT('',(37.1,0.0725,-1.17500000931323));
#17658=CARTESIAN_POINT('Origin',(0.100000000000001,0.0425,-1.9));
#17659=CARTESIAN_POINT('',(0.0600000000000014,0.0125,-1.9));
#17660=CARTESIAN_POINT('',(0.,0.0725,-1.9));
#17661=CARTESIAN_POINT('',(0.0600000000000014,0.0125,-1.9));
#17662=CARTESIAN_POINT('Origin',(0.100000000000001,0.0725,-1.9));
#17663=CARTESIAN_POINT('Origin',(0.100000000000001,0.0125,-1.9));
#17664=CARTESIAN_POINT('Origin',(0.0299999999999994,0.0425,-1.525));
#17665=CARTESIAN_POINT('',(0.0599999999999987,0.0125,-0.2));
#17666=CARTESIAN_POINT('',(0.,0.0725,-0.2));
#17667=CARTESIAN_POINT('',(0.0599999999999987,0.0125,-0.2));
#17668=CARTESIAN_POINT('',(0.,0.0725,-1.525));
#17669=CARTESIAN_POINT('',(0.0599999999999987,0.0125,-1.525));
#17670=CARTESIAN_POINT('Origin',(0.1,0.0425,-0.2));
#17671=CARTESIAN_POINT('',(0.1,0.0125,-0.16));
#17672=CARTESIAN_POINT('',(0.1,0.0725,-0.1));
#17673=CARTESIAN_POINT('',(0.1,0.0125,-0.16));
#17674=CARTESIAN_POINT('Origin',(0.1,0.0725,-0.2));
#17675=CARTESIAN_POINT('Origin',(0.1,0.0125,-0.2));
#17676=CARTESIAN_POINT('Origin',(9.525,0.0425,-0.13));
#17677=CARTESIAN_POINT('',(9.525,0.0725,-0.1));
#17678=CARTESIAN_POINT('',(9.525,0.0125,-0.16));
#17679=CARTESIAN_POINT('Origin',(38.1,0.0125,-2.));
#17680=CARTESIAN_POINT('',(0.100000000000001,0.0954915028125263,-2.));
#17681=CARTESIAN_POINT('',(0.100000000000001,0.0125,-2.));
#17682=CARTESIAN_POINT('',(1.,0.0954915028125264,-2.));
#17683=CARTESIAN_POINT('',(33.3375,0.0954915028125263,-2.));
#17684=CARTESIAN_POINT('',(1.,0.375,-2.));
#17685=CARTESIAN_POINT('Origin',(0.100000000000001,0.0125,-1.9));
#17686=CARTESIAN_POINT('',(0.,0.0954915028125263,-1.9));
#17687=CARTESIAN_POINT('',(0.,0.0125,-1.9));
#17688=CARTESIAN_POINT('Origin',(0.100000000000001,0.0954915028125263,-1.9));
#17689=CARTESIAN_POINT('Origin',(0.,0.0125,-2.));
#17690=CARTESIAN_POINT('',(0.,0.7125,-0.2));
#17691=CARTESIAN_POINT('',(0.,0.0125,-0.2));
#17692=CARTESIAN_POINT('',(0.,0.8625,-0.35));
#17693=CARTESIAN_POINT('Origin',(0.,0.7125,-0.35));
#17694=CARTESIAN_POINT('',(0.,0.8625,-0.515983005625053));
#17695=CARTESIAN_POINT('',(0.,0.8625,-1.525));
#17696=CARTESIAN_POINT('',(0.,0.846664078649987,-0.583065044950046));
#17697=CARTESIAN_POINT('Origin',(0.,0.7125,-0.515983005625053));
#17698=CARTESIAN_POINT('',(0.,0.229655581462514,-1.81708203932499));
#17699=CARTESIAN_POINT('',(0.,0.314932280900008,-1.64652864045));
#17700=CARTESIAN_POINT('Origin',(0.,0.0954915028125263,-1.75));
#17701=CARTESIAN_POINT('Origin',(0.1,0.0125,-0.2));
#17702=CARTESIAN_POINT('',(0.0999999999999996,0.7125,-0.1));
#17703=CARTESIAN_POINT('',(0.1,0.0125,-0.1));
#17704=CARTESIAN_POINT('Origin',(0.1,0.7125,-0.2));
#17705=CARTESIAN_POINT('Origin',(0.,0.0125,-0.1));
#17706=CARTESIAN_POINT('',(1.04999999999998,0.7125,-0.1));
#17707=CARTESIAN_POINT('',(1.04999999999998,-0.023752178726178,-0.1));
#17708=CARTESIAN_POINT('',(9.525,0.7125,-0.1));
#17709=CARTESIAN_POINT('Origin',(1.04999999999998,-0.0600043574523561,-0.1));
#17710=CARTESIAN_POINT('',(1.04999999999998,0.939995642547644,-0.3));
#17711=CARTESIAN_POINT('',(1.04999999999998,-0.0600043574523561,-0.3));
#17712=CARTESIAN_POINT('',(1.04999999999998,0.939995642547644,-0.134503568293094));
#17713=CARTESIAN_POINT('',(1.04999999999998,0.939995642547644,-0.1));
#17714=CARTESIAN_POINT('',(1.05000000000798,0.802227816259809,-0.116657078553375));
#17715=CARTESIAN_POINT('Origin',(1.04999999999998,0.712499999999999,-1.35));
#17716=CARTESIAN_POINT('Origin',(1.04999999999998,0.7125,-0.35));
#17717=CARTESIAN_POINT('Origin',(1.09999999999998,0.439995642547644,-0.3));
#17718=CARTESIAN_POINT('',(1.14999999999998,0.939995642547644,-0.3));
#17719=CARTESIAN_POINT('',(1.14999999999998,0.939995642547644,-0.3));
#17720=CARTESIAN_POINT('',(1.04999999999998,0.939995642547644,-0.3));
#17721=CARTESIAN_POINT('Origin',(1.14999999999998,0.939995642547644,-0.1));
#17722=CARTESIAN_POINT('',(1.14999999999998,0.7125,-0.1));
#17723=CARTESIAN_POINT('',(1.14999999999998,0.476247821273822,-0.1));
#17724=CARTESIAN_POINT('',(1.14999999999998,0.939995642547644,-0.12087603040953));
#17725=CARTESIAN_POINT('Origin',(1.14999999999998,0.712499999999999,-1.35));
#17726=CARTESIAN_POINT('',(1.14999999999998,0.939995642547644,-0.1));
#17727=CARTESIAN_POINT('Origin',(1.54999999999998,-0.0600043574523565,-0.1));
#17728=CARTESIAN_POINT('',(1.54999999999998,0.439995642547644,-0.3));
#17729=CARTESIAN_POINT('',(1.54999999999998,0.439995642547644,-0.3));
#17730=CARTESIAN_POINT('',(1.54999999999998,0.439995642547644,-0.1));
#17731=CARTESIAN_POINT('',(1.54999999999998,0.439995642547644,-0.1));
#17732=CARTESIAN_POINT('',(1.54999999999998,-0.0237521787261783,-0.1));
#17733=CARTESIAN_POINT('Origin',(1.59999999999998,0.189995642547643,-0.3));
#17734=CARTESIAN_POINT('',(1.64999999999998,0.439995642547644,-0.3));
#17735=CARTESIAN_POINT('',(1.64999999999998,-0.0600043574523565,-0.3));
#17736=CARTESIAN_POINT('',(1.64999999999998,0.439995642547644,-0.3));
#17737=CARTESIAN_POINT('Origin',(1.64999999999998,0.439995642547644,-0.1));
#17738=CARTESIAN_POINT('',(1.64999999999998,0.439995642547644,-0.1));
#17739=CARTESIAN_POINT('',(1.64999999999998,0.226247821273822,-0.1));
#17740=CARTESIAN_POINT('',(1.64999999999998,0.439995642547644,-0.1));
#17741=CARTESIAN_POINT('Origin',(0.,0.0125,-0.1));
#17742=CARTESIAN_POINT('',(0.774999999999988,0.439995642547644,-0.1));
#17743=CARTESIAN_POINT('',(2.04999999999998,0.7125,-0.1));
#17744=CARTESIAN_POINT('',(2.04999999999998,-0.0237521787261782,-0.1));
#17745=CARTESIAN_POINT('',(9.525,0.7125,-0.1));
#17746=CARTESIAN_POINT('Origin',(2.04999999999998,-0.0600043574523565,-0.1));
#17747=CARTESIAN_POINT('',(2.04999999999998,0.939995642547643,-0.3));
#17748=CARTESIAN_POINT('',(2.04999999999998,-0.0600043574523565,-0.3));
#17749=CARTESIAN_POINT('',(2.04999999999998,0.939995642547643,-0.12087603040953));
#17750=CARTESIAN_POINT('',(2.04999999999998,0.939995642547643,-0.1));
#17751=CARTESIAN_POINT('Origin',(2.04999999999998,0.712499999999999,-1.35));
#17752=CARTESIAN_POINT('Origin',(2.09999999999998,0.439995642547644,-0.3));
#17753=CARTESIAN_POINT('',(2.14999999999998,0.939995642547643,-0.3));
#17754=CARTESIAN_POINT('',(2.14999999999998,0.939995642547643,-0.3));
#17755=CARTESIAN_POINT('',(2.04999999999998,0.939995642547643,-0.3));
#17756=CARTESIAN_POINT('Origin',(2.14999999999998,0.939995642547643,-0.1));
#17757=CARTESIAN_POINT('',(2.14999999999998,0.7125,-0.1));
#17758=CARTESIAN_POINT('',(2.14999999999998,0.476247821273822,-0.1));
#17759=CARTESIAN_POINT('',(2.14999999999998,0.939995642547643,-0.12087603040953));
#17760=CARTESIAN_POINT('Origin',(2.14999999999998,0.712499999999999,-1.35));
#17761=CARTESIAN_POINT('',(2.14999999999998,0.939995642547643,-0.1));
#17762=CARTESIAN_POINT('Origin',(2.54999999999998,-0.0600043574523565,-0.1));
#17763=CARTESIAN_POINT('',(2.54999999999998,0.439995642547644,-0.3));
#17764=CARTESIAN_POINT('',(2.54999999999998,0.439995642547644,-0.3));
#17765=CARTESIAN_POINT('',(2.54999999999998,0.439995642547644,-0.1));
#17766=CARTESIAN_POINT('',(2.54999999999998,0.439995642547644,-0.1));
#17767=CARTESIAN_POINT('',(2.54999999999998,-0.0237521787261782,-0.1));
#17768=CARTESIAN_POINT('Origin',(2.59999999999998,0.189995642547644,-0.3));
#17769=CARTESIAN_POINT('',(2.64999999999998,0.439995642547644,-0.3));
#17770=CARTESIAN_POINT('',(2.64999999999998,-0.0600043574523565,-0.3));
#17771=CARTESIAN_POINT('',(2.64999999999998,0.439995642547644,-0.3));
#17772=CARTESIAN_POINT('Origin',(2.64999999999998,0.439995642547644,-0.1));
#17773=CARTESIAN_POINT('',(2.64999999999998,0.439995642547644,-0.1));
#17774=CARTESIAN_POINT('',(2.64999999999998,0.226247821273822,-0.1));
#17775=CARTESIAN_POINT('',(2.64999999999998,0.439995642547644,-0.1));
#17776=CARTESIAN_POINT('Origin',(0.,0.0125,-0.1));
#17777=CARTESIAN_POINT('',(1.27499999999999,0.439995642547644,-0.1));
#17778=CARTESIAN_POINT('',(3.04999999999998,0.712499999999999,-0.1));
#17779=CARTESIAN_POINT('',(3.04999999999998,-0.0237521787261782,-0.1));
#17780=CARTESIAN_POINT('',(9.525,0.7125,-0.1));
#17781=CARTESIAN_POINT('Origin',(3.04999999999998,-0.0600043574523565,-0.1));
#17782=CARTESIAN_POINT('',(3.04999999999998,0.939995642547643,-0.3));
#17783=CARTESIAN_POINT('',(3.04999999999998,-0.0600043574523565,-0.3));
#17784=CARTESIAN_POINT('',(3.04999999999998,0.939995642547643,-0.12087603040953));
#17785=CARTESIAN_POINT('',(3.04999999999998,0.939995642547643,-0.1));
#17786=CARTESIAN_POINT('Origin',(3.04999999999998,0.712499999999999,-1.35));
#17787=CARTESIAN_POINT('Origin',(3.09999999999998,0.439995642547644,-0.3));
#17788=CARTESIAN_POINT('',(3.14999999999998,0.939995642547643,-0.3));
#17789=CARTESIAN_POINT('',(3.14999999999998,0.939995642547643,-0.3));
#17790=CARTESIAN_POINT('',(3.04999999999998,0.939995642547643,-0.3));
#17791=CARTESIAN_POINT('Origin',(3.14999999999998,0.939995642547643,-0.1));
#17792=CARTESIAN_POINT('',(3.14999999999998,0.712499999999999,-0.1));
#17793=CARTESIAN_POINT('',(3.14999999999998,0.476247821273822,-0.1));
#17794=CARTESIAN_POINT('',(3.14999999999998,0.939995642547643,-0.12087603040953));
#17795=CARTESIAN_POINT('Origin',(3.14999999999998,0.712499999999999,-1.35));
#17796=CARTESIAN_POINT('',(3.14999999999998,0.939995642547643,-0.1));
#17797=CARTESIAN_POINT('Origin',(3.54999999999998,-0.0600043574523565,-0.1));
#17798=CARTESIAN_POINT('',(3.54999999999998,0.439995642547644,-0.3));
#17799=CARTESIAN_POINT('',(3.54999999999998,0.439995642547644,-0.3));
#17800=CARTESIAN_POINT('',(3.54999999999998,0.439995642547644,-0.1));
#17801=CARTESIAN_POINT('',(3.54999999999998,0.439995642547644,-0.1));
#17802=CARTESIAN_POINT('',(3.54999999999998,-0.0237521787261782,-0.1));
#17803=CARTESIAN_POINT('Origin',(3.59999999999998,0.189995642547644,-0.3));
#17804=CARTESIAN_POINT('',(3.64999999999998,0.439995642547644,-0.3));
#17805=CARTESIAN_POINT('',(3.64999999999998,-0.0600043574523565,-0.3));
#17806=CARTESIAN_POINT('',(3.64999999999998,0.439995642547644,-0.3));
#17807=CARTESIAN_POINT('Origin',(3.64999999999998,0.439995642547644,-0.1));
#17808=CARTESIAN_POINT('',(3.64999999999998,0.439995642547644,-0.1));
#17809=CARTESIAN_POINT('',(3.64999999999998,0.226247821273822,-0.1));
#17810=CARTESIAN_POINT('',(3.64999999999998,0.439995642547644,-0.1));
#17811=CARTESIAN_POINT('Origin',(0.,0.0125,-0.1));
#17812=CARTESIAN_POINT('',(1.77499999999999,0.439995642547644,-0.1));
#17813=CARTESIAN_POINT('',(4.04999999999998,0.7125,-0.1));
#17814=CARTESIAN_POINT('',(4.04999999999998,-0.0237521787261782,-0.1));
#17815=CARTESIAN_POINT('',(9.525,0.7125,-0.1));
#17816=CARTESIAN_POINT('Origin',(4.04999999999998,-0.0600043574523565,-0.1));
#17817=CARTESIAN_POINT('',(4.04999999999998,0.939995642547643,-0.3));
#17818=CARTESIAN_POINT('',(4.04999999999998,-0.0600043574523565,-0.3));
#17819=CARTESIAN_POINT('',(4.04999999999998,0.939995642547643,-0.12087603040953));
#17820=CARTESIAN_POINT('',(4.04999999999998,0.939995642547643,-0.1));
#17821=CARTESIAN_POINT('Origin',(4.04999999999998,0.712499999999999,-1.35));
#17822=CARTESIAN_POINT('Origin',(4.09999999999998,0.439995642547644,-0.3));
#17823=CARTESIAN_POINT('',(4.14999999999998,0.939995642547643,-0.3));
#17824=CARTESIAN_POINT('',(4.14999999999998,0.939995642547643,-0.3));
#17825=CARTESIAN_POINT('',(4.04999999999998,0.939995642547643,-0.3));
#17826=CARTESIAN_POINT('Origin',(4.14999999999998,0.939995642547643,-0.1));
#17827=CARTESIAN_POINT('',(4.14999999999998,0.7125,-0.1));
#17828=CARTESIAN_POINT('',(4.14999999999998,0.476247821273822,-0.1));
#17829=CARTESIAN_POINT('',(4.14999999999998,0.939995642547643,-0.12087603040953));
#17830=CARTESIAN_POINT('Origin',(4.14999999999998,0.712499999999999,-1.35));
#17831=CARTESIAN_POINT('',(4.14999999999998,0.939995642547643,-0.1));
#17832=CARTESIAN_POINT('Origin',(4.54999999999998,-0.0600043574523565,-0.1));
#17833=CARTESIAN_POINT('',(4.54999999999998,0.439995642547644,-0.3));
#17834=CARTESIAN_POINT('',(4.54999999999998,0.439995642547644,-0.3));
#17835=CARTESIAN_POINT('',(4.54999999999998,0.439995642547644,-0.1));
#17836=CARTESIAN_POINT('',(4.54999999999998,0.439995642547644,-0.1));
#17837=CARTESIAN_POINT('',(4.54999999999998,-0.0237521787261782,-0.1));
#17838=CARTESIAN_POINT('Origin',(4.59999999999998,0.189995642547644,-0.3));
#17839=CARTESIAN_POINT('',(4.64999999999998,0.439995642547644,-0.3));
#17840=CARTESIAN_POINT('',(4.64999999999998,-0.0600043574523565,-0.3));
#17841=CARTESIAN_POINT('',(4.64999999999998,0.439995642547644,-0.3));
#17842=CARTESIAN_POINT('Origin',(4.64999999999998,0.439995642547644,-0.1));
#17843=CARTESIAN_POINT('',(4.64999999999998,0.439995642547644,-0.1));
#17844=CARTESIAN_POINT('',(4.64999999999998,0.226247821273822,-0.1));
#17845=CARTESIAN_POINT('',(4.64999999999998,0.439995642547644,-0.1));
#17846=CARTESIAN_POINT('Origin',(0.,0.0125,-0.1));
#17847=CARTESIAN_POINT('',(2.27499999999999,0.439995642547644,-0.1));
#17848=CARTESIAN_POINT('',(5.04999999999998,0.7125,-0.1));
#17849=CARTESIAN_POINT('',(5.04999999999998,-0.0237521787261782,-0.1));
#17850=CARTESIAN_POINT('',(9.525,0.7125,-0.1));
#17851=CARTESIAN_POINT('Origin',(5.04999999999998,-0.0600043574523565,-0.1));
#17852=CARTESIAN_POINT('',(5.04999999999998,0.939995642547644,-0.3));
#17853=CARTESIAN_POINT('',(5.04999999999998,-0.0600043574523565,-0.3));
#17854=CARTESIAN_POINT('',(5.04999999999998,0.939995642547644,-0.12087603040953));
#17855=CARTESIAN_POINT('',(5.04999999999998,0.939995642547644,-0.1));
#17856=CARTESIAN_POINT('Origin',(5.04999999999998,0.712499999999999,-1.35));
#17857=CARTESIAN_POINT('Origin',(5.09999999999998,0.439995642547644,-0.3));
#17858=CARTESIAN_POINT('',(5.14999999999998,0.939995642547644,-0.3));
#17859=CARTESIAN_POINT('',(5.14999999999998,0.939995642547644,-0.3));
#17860=CARTESIAN_POINT('',(5.04999999999998,0.939995642547644,-0.3));
#17861=CARTESIAN_POINT('Origin',(5.14999999999998,0.939995642547644,-0.1));
#17862=CARTESIAN_POINT('',(5.14999999999998,0.7125,-0.1));
#17863=CARTESIAN_POINT('',(5.14999999999998,0.476247821273822,-0.1));
#17864=CARTESIAN_POINT('',(5.14999999999998,0.939995642547644,-0.12087603040953));
#17865=CARTESIAN_POINT('Origin',(5.14999999999998,0.712499999999999,-1.35));
#17866=CARTESIAN_POINT('',(5.14999999999998,0.939995642547644,-0.1));
#17867=CARTESIAN_POINT('Origin',(5.54999999999998,-0.0600043574523565,-0.1));
#17868=CARTESIAN_POINT('',(5.54999999999998,0.439995642547644,-0.3));
#17869=CARTESIAN_POINT('',(5.54999999999998,0.439995642547644,-0.3));
#17870=CARTESIAN_POINT('',(5.54999999999998,0.439995642547644,-0.1));
#17871=CARTESIAN_POINT('',(5.54999999999998,0.439995642547644,-0.1));
#17872=CARTESIAN_POINT('',(5.54999999999998,-0.0237521787261782,-0.1));
#17873=CARTESIAN_POINT('Origin',(5.59999999999998,0.189995642547644,-0.3));
#17874=CARTESIAN_POINT('',(5.64999999999998,0.439995642547644,-0.3));
#17875=CARTESIAN_POINT('',(5.64999999999998,-0.0600043574523565,-0.3));
#17876=CARTESIAN_POINT('',(5.64999999999998,0.439995642547644,-0.3));
#17877=CARTESIAN_POINT('Origin',(5.64999999999998,0.439995642547644,-0.1));
#17878=CARTESIAN_POINT('',(5.64999999999998,0.439995642547644,-0.1));
#17879=CARTESIAN_POINT('',(5.64999999999998,0.226247821273822,-0.1));
#17880=CARTESIAN_POINT('',(5.64999999999998,0.439995642547644,-0.1));
#17881=CARTESIAN_POINT('Origin',(0.,0.0125,-0.1));
#17882=CARTESIAN_POINT('',(2.77499999999999,0.439995642547644,-0.1));
#17883=CARTESIAN_POINT('',(6.04999999999998,0.712499999999999,-0.1));
#17884=CARTESIAN_POINT('',(6.04999999999998,-0.0237521787261782,-0.1));
#17885=CARTESIAN_POINT('',(9.525,0.7125,-0.1));
#17886=CARTESIAN_POINT('Origin',(6.04999999999998,-0.0600043574523564,-0.1));
#17887=CARTESIAN_POINT('',(6.04999999999998,0.939995642547644,-0.3));
#17888=CARTESIAN_POINT('',(6.04999999999998,-0.0600043574523564,-0.3));
#17889=CARTESIAN_POINT('',(6.04999999999998,0.939995642547644,-0.12087603040953));
#17890=CARTESIAN_POINT('',(6.04999999999998,0.939995642547644,-0.1));
#17891=CARTESIAN_POINT('Origin',(6.04999999999998,0.712499999999999,-1.35));
#17892=CARTESIAN_POINT('Origin',(6.09999999999998,0.439995642547644,-0.3));
#17893=CARTESIAN_POINT('',(6.14999999999998,0.939995642547644,-0.3));
#17894=CARTESIAN_POINT('',(6.14999999999998,0.939995642547644,-0.3));
#17895=CARTESIAN_POINT('',(6.04999999999998,0.939995642547644,-0.3));
#17896=CARTESIAN_POINT('Origin',(6.14999999999998,0.939995642547644,-0.1));
#17897=CARTESIAN_POINT('',(6.14999999999998,0.712499999999999,-0.1));
#17898=CARTESIAN_POINT('',(6.14999999999998,0.476247821273822,-0.1));
#17899=CARTESIAN_POINT('',(6.14999999999998,0.939995642547644,-0.12087603040953));
#17900=CARTESIAN_POINT('Origin',(6.14999999999998,0.712499999999999,-1.35));
#17901=CARTESIAN_POINT('',(6.14999999999998,0.939995642547644,-0.1));
#17902=CARTESIAN_POINT('Origin',(6.54999999999998,-0.0600043574523565,-0.1));
#17903=CARTESIAN_POINT('',(6.54999999999998,0.439995642547644,-0.3));
#17904=CARTESIAN_POINT('',(6.54999999999998,0.439995642547644,-0.3));
#17905=CARTESIAN_POINT('',(6.54999999999998,0.439995642547644,-0.1));
#17906=CARTESIAN_POINT('',(6.54999999999998,0.439995642547644,-0.1));
#17907=CARTESIAN_POINT('',(6.54999999999998,-0.0237521787261782,-0.1));
#17908=CARTESIAN_POINT('Origin',(6.59999999999998,0.189995642547644,-0.3));
#17909=CARTESIAN_POINT('',(6.64999999999998,0.439995642547644,-0.3));
#17910=CARTESIAN_POINT('',(6.64999999999998,-0.0600043574523565,-0.3));
#17911=CARTESIAN_POINT('',(6.64999999999998,0.439995642547644,-0.3));
#17912=CARTESIAN_POINT('Origin',(6.64999999999998,0.439995642547644,-0.1));
#17913=CARTESIAN_POINT('',(6.64999999999998,0.439995642547644,-0.1));
#17914=CARTESIAN_POINT('',(6.64999999999998,0.226247821273822,-0.1));
#17915=CARTESIAN_POINT('',(6.64999999999998,0.439995642547644,-0.1));
#17916=CARTESIAN_POINT('Origin',(0.,0.0125,-0.1));
#17917=CARTESIAN_POINT('',(3.27499999999999,0.439995642547644,-0.1));
#17918=CARTESIAN_POINT('',(7.04999999999998,0.7125,-0.1));
#17919=CARTESIAN_POINT('',(7.04999999999998,-0.0237521787261782,-0.1));
#17920=CARTESIAN_POINT('',(9.525,0.7125,-0.1));
#17921=CARTESIAN_POINT('Origin',(7.04999999999998,-0.0600043574523564,-0.1));
#17922=CARTESIAN_POINT('',(7.04999999999998,0.939995642547644,-0.3));
#17923=CARTESIAN_POINT('',(7.04999999999998,-0.0600043574523564,-0.3));
#17924=CARTESIAN_POINT('',(7.04999999999998,0.939995642547644,-0.12087603040953));
#17925=CARTESIAN_POINT('',(7.04999999999998,0.939995642547644,-0.1));
#17926=CARTESIAN_POINT('Origin',(7.04999999999998,0.712499999999999,-1.35));
#17927=CARTESIAN_POINT('Origin',(7.09999999999998,0.439995642547644,-0.3));
#17928=CARTESIAN_POINT('',(7.14999999999998,0.939995642547644,-0.3));
#17929=CARTESIAN_POINT('',(7.14999999999998,0.939995642547644,-0.3));
#17930=CARTESIAN_POINT('',(7.04999999999998,0.939995642547644,-0.3));
#17931=CARTESIAN_POINT('Origin',(7.14999999999998,0.939995642547644,-0.1));
#17932=CARTESIAN_POINT('',(7.14999999999998,0.7125,-0.1));
#17933=CARTESIAN_POINT('',(7.14999999999998,0.476247821273822,-0.1));
#17934=CARTESIAN_POINT('',(7.14999999999998,0.939995642547644,-0.12087603040953));
#17935=CARTESIAN_POINT('Origin',(7.14999999999998,0.712499999999999,-1.35));
#17936=CARTESIAN_POINT('',(7.14999999999998,0.939995642547644,-0.1));
#17937=CARTESIAN_POINT('Origin',(7.54999999999998,-0.0600043574523564,-0.1));
#17938=CARTESIAN_POINT('',(7.54999999999998,0.439995642547644,-0.3));
#17939=CARTESIAN_POINT('',(7.54999999999998,0.439995642547644,-0.3));
#17940=CARTESIAN_POINT('',(7.54999999999998,0.439995642547644,-0.1));
#17941=CARTESIAN_POINT('',(7.54999999999998,0.439995642547644,-0.1));
#17942=CARTESIAN_POINT('',(7.54999999999998,-0.0237521787261782,-0.1));
#17943=CARTESIAN_POINT('Origin',(7.59999999999998,0.189995642547644,-0.3));
#17944=CARTESIAN_POINT('',(7.64999999999998,0.439995642547644,-0.3));
#17945=CARTESIAN_POINT('',(7.64999999999998,-0.0600043574523564,-0.3));
#17946=CARTESIAN_POINT('',(7.64999999999998,0.439995642547644,-0.3));
#17947=CARTESIAN_POINT('Origin',(7.64999999999998,0.439995642547644,-0.1));
#17948=CARTESIAN_POINT('',(7.64999999999998,0.439995642547644,-0.1));
#17949=CARTESIAN_POINT('',(7.64999999999998,0.226247821273822,-0.1));
#17950=CARTESIAN_POINT('',(7.64999999999998,0.439995642547644,-0.1));
#17951=CARTESIAN_POINT('Origin',(0.,0.0125,-0.1));
#17952=CARTESIAN_POINT('',(3.77499999999999,0.439995642547644,-0.1));
#17953=CARTESIAN_POINT('',(8.04999999999998,0.7125,-0.1));
#17954=CARTESIAN_POINT('',(8.04999999999998,-0.0237521787261782,-0.1));
#17955=CARTESIAN_POINT('',(9.525,0.7125,-0.1));
#17956=CARTESIAN_POINT('Origin',(8.04999999999998,-0.0600043574523564,-0.1));
#17957=CARTESIAN_POINT('',(8.04999999999998,0.939995642547644,-0.3));
#17958=CARTESIAN_POINT('',(8.04999999999998,-0.0600043574523564,-0.3));
#17959=CARTESIAN_POINT('',(8.04999999999998,0.939995642547644,-0.12087603040953));
#17960=CARTESIAN_POINT('',(8.04999999999998,0.939995642547644,-0.1));
#17961=CARTESIAN_POINT('Origin',(8.04999999999998,0.712499999999999,-1.35));
#17962=CARTESIAN_POINT('Origin',(8.09999999999998,0.439995642547644,-0.3));
#17963=CARTESIAN_POINT('',(8.14999999999998,0.939995642547644,-0.3));
#17964=CARTESIAN_POINT('',(8.14999999999998,0.939995642547644,-0.3));
#17965=CARTESIAN_POINT('',(8.04999999999998,0.939995642547644,-0.3));
#17966=CARTESIAN_POINT('Origin',(8.14999999999998,0.939995642547644,-0.1));
#17967=CARTESIAN_POINT('',(8.14999999999998,0.7125,-0.1));
#17968=CARTESIAN_POINT('',(8.14999999999998,0.476247821273822,-0.1));
#17969=CARTESIAN_POINT('',(8.14999999999998,0.939995642547644,-0.12087603040953));
#17970=CARTESIAN_POINT('Origin',(8.14999999999998,0.712499999999999,-1.35));
#17971=CARTESIAN_POINT('',(8.14999999999998,0.939995642547644,-0.1));
#17972=CARTESIAN_POINT('Origin',(8.54999999999998,-0.0600043574523564,-0.1));
#17973=CARTESIAN_POINT('',(8.54999999999998,0.439995642547644,-0.3));
#17974=CARTESIAN_POINT('',(8.54999999999998,0.439995642547644,-0.3));
#17975=CARTESIAN_POINT('',(8.54999999999998,0.439995642547644,-0.1));
#17976=CARTESIAN_POINT('',(8.54999999999998,0.439995642547644,-0.1));
#17977=CARTESIAN_POINT('',(8.54999999999998,-0.0237521787261782,-0.1));
#17978=CARTESIAN_POINT('Origin',(8.59999999999998,0.189995642547644,-0.3));
#17979=CARTESIAN_POINT('',(8.64999999999998,0.439995642547644,-0.3));
#17980=CARTESIAN_POINT('',(8.64999999999998,-0.0600043574523564,-0.3));
#17981=CARTESIAN_POINT('',(8.64999999999998,0.439995642547644,-0.3));
#17982=CARTESIAN_POINT('Origin',(8.64999999999998,0.439995642547644,-0.1));
#17983=CARTESIAN_POINT('',(8.64999999999998,0.439995642547644,-0.1));
#17984=CARTESIAN_POINT('',(8.64999999999998,0.226247821273822,-0.1));
#17985=CARTESIAN_POINT('',(8.64999999999998,0.439995642547644,-0.1));
#17986=CARTESIAN_POINT('Origin',(0.,0.0125,-0.1));
#17987=CARTESIAN_POINT('',(4.27499999999999,0.439995642547644,-0.1));
#17988=CARTESIAN_POINT('',(9.04999999999998,0.712499999999999,-0.1));
#17989=CARTESIAN_POINT('',(9.04999999999998,-0.0237521787261782,-0.1));
#17990=CARTESIAN_POINT('',(9.525,0.7125,-0.1));
#17991=CARTESIAN_POINT('Origin',(9.04999999999998,-0.0600043574523564,-0.1));
#17992=CARTESIAN_POINT('',(9.04999999999998,0.939995642547644,-0.3));
#17993=CARTESIAN_POINT('',(9.04999999999998,-0.0600043574523564,-0.3));
#17994=CARTESIAN_POINT('',(9.04999999999998,0.939995642547644,-0.12087603040953));
#17995=CARTESIAN_POINT('',(9.04999999999998,0.939995642547644,-0.1));
#17996=CARTESIAN_POINT('Origin',(9.04999999999998,0.712499999999999,-1.35));
#17997=CARTESIAN_POINT('Origin',(9.09999999999998,0.439995642547644,-0.3));
#17998=CARTESIAN_POINT('',(9.14999999999998,0.939995642547644,-0.3));
#17999=CARTESIAN_POINT('',(9.14999999999998,0.939995642547644,-0.3));
#18000=CARTESIAN_POINT('',(9.04999999999998,0.939995642547644,-0.3));
#18001=CARTESIAN_POINT('Origin',(9.14999999999998,0.939995642547644,-0.1));
#18002=CARTESIAN_POINT('',(9.14999999999998,0.712499999999999,-0.1));
#18003=CARTESIAN_POINT('',(9.14999999999998,0.476247821273822,-0.1));
#18004=CARTESIAN_POINT('',(9.14999999999998,0.939995642547644,-0.12087603040953));
#18005=CARTESIAN_POINT('Origin',(9.14999999999998,0.712499999999999,-1.35));
#18006=CARTESIAN_POINT('',(9.14999999999998,0.939995642547644,-0.1));
#18007=CARTESIAN_POINT('Origin',(9.54999999999998,-0.0600043574523564,-0.1));
#18008=CARTESIAN_POINT('',(9.54999999999998,0.439995642547644,-0.3));
#18009=CARTESIAN_POINT('',(9.54999999999998,0.439995642547644,-0.3));
#18010=CARTESIAN_POINT('',(9.54999999999998,0.439995642547644,-0.1));
#18011=CARTESIAN_POINT('',(9.54999999999998,0.439995642547644,-0.1));
#18012=CARTESIAN_POINT('',(9.54999999999998,-0.0237521787261782,-0.1));
#18013=CARTESIAN_POINT('Origin',(9.59999999999998,0.189995642547644,-0.3));
#18014=CARTESIAN_POINT('',(9.64999999999998,0.439995642547644,-0.3));
#18015=CARTESIAN_POINT('',(9.64999999999998,-0.0600043574523564,-0.3));
#18016=CARTESIAN_POINT('',(9.64999999999998,0.439995642547644,-0.3));
#18017=CARTESIAN_POINT('Origin',(9.64999999999998,0.439995642547644,-0.1));
#18018=CARTESIAN_POINT('',(9.64999999999998,0.439995642547644,-0.1));
#18019=CARTESIAN_POINT('',(9.64999999999998,0.226247821273822,-0.1));
#18020=CARTESIAN_POINT('',(9.64999999999998,0.439995642547644,-0.1));
#18021=CARTESIAN_POINT('Origin',(0.,0.0125,-0.1));
#18022=CARTESIAN_POINT('',(4.77499999999999,0.439995642547644,-0.1));
#18023=CARTESIAN_POINT('',(10.05,0.7125,-0.1));
#18024=CARTESIAN_POINT('',(10.05,-0.0237521787261782,-0.1));
#18025=CARTESIAN_POINT('',(9.525,0.7125,-0.1));
#18026=CARTESIAN_POINT('Origin',(10.05,-0.0600043574523564,-0.1));
#18027=CARTESIAN_POINT('',(10.05,0.939995642547644,-0.3));
#18028=CARTESIAN_POINT('',(10.05,-0.0600043574523564,-0.3));
#18029=CARTESIAN_POINT('',(10.05,0.939995642547644,-0.12087603040953));
#18030=CARTESIAN_POINT('',(10.05,0.939995642547644,-0.1));
#18031=CARTESIAN_POINT('Origin',(10.05,0.712499999999999,-1.35));
#18032=CARTESIAN_POINT('Origin',(10.1,0.439995642547644,-0.3));
#18033=CARTESIAN_POINT('',(10.15,0.939995642547644,-0.3));
#18034=CARTESIAN_POINT('',(10.15,0.939995642547644,-0.3));
#18035=CARTESIAN_POINT('',(10.05,0.939995642547644,-0.3));
#18036=CARTESIAN_POINT('Origin',(10.15,0.939995642547644,-0.1));
#18037=CARTESIAN_POINT('',(10.15,0.7125,-0.1));
#18038=CARTESIAN_POINT('',(10.15,0.476247821273822,-0.1));
#18039=CARTESIAN_POINT('',(10.15,0.939995642547644,-0.12087603040953));
#18040=CARTESIAN_POINT('Origin',(10.15,0.712499999999999,-1.35));
#18041=CARTESIAN_POINT('',(10.15,0.939995642547644,-0.1));
#18042=CARTESIAN_POINT('Origin',(10.55,-0.0600043574523564,-0.1));
#18043=CARTESIAN_POINT('',(10.55,0.439995642547644,-0.3));
#18044=CARTESIAN_POINT('',(10.55,0.439995642547644,-0.3));
#18045=CARTESIAN_POINT('',(10.55,0.439995642547644,-0.1));
#18046=CARTESIAN_POINT('',(10.55,0.439995642547644,-0.1));
#18047=CARTESIAN_POINT('',(10.55,-0.0237521787261782,-0.1));
#18048=CARTESIAN_POINT('Origin',(10.6,0.189995642547644,-0.3));
#18049=CARTESIAN_POINT('',(10.65,0.439995642547644,-0.3));
#18050=CARTESIAN_POINT('',(10.65,-0.0600043574523564,-0.3));
#18051=CARTESIAN_POINT('',(10.65,0.439995642547644,-0.3));
#18052=CARTESIAN_POINT('Origin',(10.65,0.439995642547644,-0.1));
#18053=CARTESIAN_POINT('',(10.65,0.439995642547644,-0.1));
#18054=CARTESIAN_POINT('',(10.65,0.226247821273822,-0.1));
#18055=CARTESIAN_POINT('',(10.65,0.439995642547644,-0.1));
#18056=CARTESIAN_POINT('Origin',(0.,0.0125,-0.1));
#18057=CARTESIAN_POINT('',(5.27499999999999,0.439995642547644,-0.1));
#18058=CARTESIAN_POINT('',(11.05,0.7125,-0.1));
#18059=CARTESIAN_POINT('',(11.05,-0.0237521787261782,-0.1));
#18060=CARTESIAN_POINT('',(9.525,0.7125,-0.1));
#18061=CARTESIAN_POINT('Origin',(11.05,-0.0600043574523564,-0.1));
#18062=CARTESIAN_POINT('',(11.05,0.939995642547644,-0.3));
#18063=CARTESIAN_POINT('',(11.05,-0.0600043574523564,-0.3));
#18064=CARTESIAN_POINT('',(11.05,0.939995642547644,-0.12087603040953));
#18065=CARTESIAN_POINT('',(11.05,0.939995642547644,-0.1));
#18066=CARTESIAN_POINT('Origin',(11.05,0.712499999999999,-1.35));
#18067=CARTESIAN_POINT('Origin',(11.1,0.439995642547644,-0.3));
#18068=CARTESIAN_POINT('',(11.15,0.939995642547644,-0.3));
#18069=CARTESIAN_POINT('',(11.15,0.939995642547644,-0.3));
#18070=CARTESIAN_POINT('',(11.05,0.939995642547644,-0.3));
#18071=CARTESIAN_POINT('Origin',(11.15,0.939995642547644,-0.1));
#18072=CARTESIAN_POINT('',(11.15,0.7125,-0.1));
#18073=CARTESIAN_POINT('',(11.15,0.476247821273822,-0.1));
#18074=CARTESIAN_POINT('',(11.15,0.939995642547644,-0.12087603040953));
#18075=CARTESIAN_POINT('Origin',(11.15,0.712499999999999,-1.35));
#18076=CARTESIAN_POINT('',(11.15,0.939995642547644,-0.1));
#18077=CARTESIAN_POINT('Origin',(11.55,-0.0600043574523564,-0.1));
#18078=CARTESIAN_POINT('',(11.55,0.439995642547644,-0.3));
#18079=CARTESIAN_POINT('',(11.55,0.439995642547644,-0.3));
#18080=CARTESIAN_POINT('',(11.55,0.439995642547644,-0.1));
#18081=CARTESIAN_POINT('',(11.55,0.439995642547644,-0.1));
#18082=CARTESIAN_POINT('',(11.55,-0.0237521787261782,-0.1));
#18083=CARTESIAN_POINT('Origin',(11.6,0.189995642547644,-0.3));
#18084=CARTESIAN_POINT('',(11.65,0.439995642547644,-0.3));
#18085=CARTESIAN_POINT('',(11.65,-0.0600043574523564,-0.3));
#18086=CARTESIAN_POINT('',(11.65,0.439995642547644,-0.3));
#18087=CARTESIAN_POINT('Origin',(11.65,0.439995642547644,-0.1));
#18088=CARTESIAN_POINT('',(11.65,0.439995642547644,-0.1));
#18089=CARTESIAN_POINT('',(11.65,0.226247821273822,-0.1));
#18090=CARTESIAN_POINT('',(11.65,0.439995642547644,-0.1));
#18091=CARTESIAN_POINT('Origin',(0.,0.0125,-0.1));
#18092=CARTESIAN_POINT('',(5.77499999999999,0.439995642547644,-0.1));
#18093=CARTESIAN_POINT('',(12.05,0.712499999999999,-0.1));
#18094=CARTESIAN_POINT('',(12.05,-0.0237521787261782,-0.1));
#18095=CARTESIAN_POINT('',(9.525,0.7125,-0.1));
#18096=CARTESIAN_POINT('Origin',(12.05,-0.0600043574523564,-0.1));
#18097=CARTESIAN_POINT('',(12.05,0.939995642547644,-0.3));
#18098=CARTESIAN_POINT('',(12.05,-0.0600043574523564,-0.3));
#18099=CARTESIAN_POINT('',(12.05,0.939995642547644,-0.12087603040953));
#18100=CARTESIAN_POINT('',(12.05,0.939995642547644,-0.1));
#18101=CARTESIAN_POINT('Origin',(12.05,0.712499999999999,-1.35));
#18102=CARTESIAN_POINT('Origin',(12.1,0.439995642547644,-0.3));
#18103=CARTESIAN_POINT('',(12.15,0.939995642547644,-0.3));
#18104=CARTESIAN_POINT('',(12.15,0.939995642547644,-0.3));
#18105=CARTESIAN_POINT('',(12.05,0.939995642547644,-0.3));
#18106=CARTESIAN_POINT('Origin',(12.15,0.939995642547644,-0.1));
#18107=CARTESIAN_POINT('',(12.15,0.712499999999999,-0.1));
#18108=CARTESIAN_POINT('',(12.15,0.476247821273822,-0.1));
#18109=CARTESIAN_POINT('',(12.15,0.939995642547644,-0.12087603040953));
#18110=CARTESIAN_POINT('Origin',(12.15,0.712499999999999,-1.35));
#18111=CARTESIAN_POINT('',(12.15,0.939995642547644,-0.1));
#18112=CARTESIAN_POINT('Origin',(12.55,-0.0600043574523564,-0.1));
#18113=CARTESIAN_POINT('',(12.55,0.439995642547644,-0.3));
#18114=CARTESIAN_POINT('',(12.55,0.439995642547644,-0.3));
#18115=CARTESIAN_POINT('',(12.55,0.439995642547644,-0.1));
#18116=CARTESIAN_POINT('',(12.55,0.439995642547644,-0.1));
#18117=CARTESIAN_POINT('',(12.55,-0.0237521787261782,-0.1));
#18118=CARTESIAN_POINT('Origin',(12.6,0.189995642547644,-0.3));
#18119=CARTESIAN_POINT('',(12.65,0.439995642547644,-0.3));
#18120=CARTESIAN_POINT('',(12.65,-0.0600043574523564,-0.3));
#18121=CARTESIAN_POINT('',(12.65,0.439995642547644,-0.3));
#18122=CARTESIAN_POINT('Origin',(12.65,0.439995642547644,-0.1));
#18123=CARTESIAN_POINT('',(12.65,0.439995642547644,-0.1));
#18124=CARTESIAN_POINT('',(12.65,0.226247821273822,-0.1));
#18125=CARTESIAN_POINT('',(12.65,0.439995642547644,-0.1));
#18126=CARTESIAN_POINT('Origin',(0.,0.0125,-0.1));
#18127=CARTESIAN_POINT('',(6.27499999999999,0.439995642547644,-0.1));
#18128=CARTESIAN_POINT('',(13.05,0.7125,-0.1));
#18129=CARTESIAN_POINT('',(13.05,-0.0237521787261782,-0.1));
#18130=CARTESIAN_POINT('',(9.525,0.7125,-0.1));
#18131=CARTESIAN_POINT('Origin',(13.05,-0.0600043574523564,-0.1));
#18132=CARTESIAN_POINT('',(13.05,0.939995642547644,-0.3));
#18133=CARTESIAN_POINT('',(13.05,-0.0600043574523564,-0.3));
#18134=CARTESIAN_POINT('',(13.05,0.939995642547644,-0.12087603040953));
#18135=CARTESIAN_POINT('',(13.05,0.939995642547644,-0.1));
#18136=CARTESIAN_POINT('Origin',(13.05,0.712499999999999,-1.35));
#18137=CARTESIAN_POINT('Origin',(13.1,0.439995642547644,-0.3));
#18138=CARTESIAN_POINT('',(13.15,0.939995642547644,-0.3));
#18139=CARTESIAN_POINT('',(13.15,0.939995642547644,-0.3));
#18140=CARTESIAN_POINT('',(13.05,0.939995642547644,-0.3));
#18141=CARTESIAN_POINT('Origin',(13.15,0.939995642547644,-0.1));
#18142=CARTESIAN_POINT('',(13.15,0.7125,-0.1));
#18143=CARTESIAN_POINT('',(13.15,0.476247821273822,-0.1));
#18144=CARTESIAN_POINT('',(13.15,0.939995642547644,-0.12087603040953));
#18145=CARTESIAN_POINT('Origin',(13.15,0.712499999999999,-1.35));
#18146=CARTESIAN_POINT('',(13.15,0.939995642547644,-0.1));
#18147=CARTESIAN_POINT('Origin',(13.55,-0.0600043574523564,-0.1));
#18148=CARTESIAN_POINT('',(13.55,0.439995642547644,-0.3));
#18149=CARTESIAN_POINT('',(13.55,0.439995642547644,-0.3));
#18150=CARTESIAN_POINT('',(13.55,0.439995642547644,-0.1));
#18151=CARTESIAN_POINT('',(13.55,0.439995642547644,-0.1));
#18152=CARTESIAN_POINT('',(13.55,-0.0237521787261782,-0.1));
#18153=CARTESIAN_POINT('Origin',(13.6,0.189995642547644,-0.3));
#18154=CARTESIAN_POINT('',(13.65,0.439995642547644,-0.3));
#18155=CARTESIAN_POINT('',(13.65,-0.0600043574523564,-0.3));
#18156=CARTESIAN_POINT('',(13.65,0.439995642547644,-0.3));
#18157=CARTESIAN_POINT('Origin',(13.65,0.439995642547644,-0.1));
#18158=CARTESIAN_POINT('',(13.65,0.439995642547644,-0.1));
#18159=CARTESIAN_POINT('',(13.65,0.226247821273822,-0.1));
#18160=CARTESIAN_POINT('',(13.65,0.439995642547644,-0.1));
#18161=CARTESIAN_POINT('Origin',(0.,0.0125,-0.1));
#18162=CARTESIAN_POINT('',(6.77499999999999,0.439995642547644,-0.1));
#18163=CARTESIAN_POINT('',(14.05,0.7125,-0.1));
#18164=CARTESIAN_POINT('',(14.05,-0.0237521787261782,-0.1));
#18165=CARTESIAN_POINT('',(9.525,0.7125,-0.1));
#18166=CARTESIAN_POINT('Origin',(14.05,-0.0600043574523563,-0.1));
#18167=CARTESIAN_POINT('',(14.05,0.939995642547644,-0.3));
#18168=CARTESIAN_POINT('',(14.05,-0.0600043574523563,-0.3));
#18169=CARTESIAN_POINT('',(14.05,0.939995642547644,-0.12087603040953));
#18170=CARTESIAN_POINT('',(14.05,0.939995642547644,-0.1));
#18171=CARTESIAN_POINT('Origin',(14.05,0.712499999999999,-1.35));
#18172=CARTESIAN_POINT('Origin',(14.1,0.439995642547644,-0.3));
#18173=CARTESIAN_POINT('',(14.15,0.939995642547644,-0.3));
#18174=CARTESIAN_POINT('',(14.15,0.939995642547644,-0.3));
#18175=CARTESIAN_POINT('',(14.05,0.939995642547644,-0.3));
#18176=CARTESIAN_POINT('Origin',(14.15,0.939995642547644,-0.1));
#18177=CARTESIAN_POINT('',(14.15,0.7125,-0.1));
#18178=CARTESIAN_POINT('',(14.15,0.476247821273822,-0.1));
#18179=CARTESIAN_POINT('',(14.15,0.939995642547644,-0.12087603040953));
#18180=CARTESIAN_POINT('Origin',(14.15,0.712499999999999,-1.35));
#18181=CARTESIAN_POINT('',(14.15,0.939995642547644,-0.1));
#18182=CARTESIAN_POINT('Origin',(14.55,-0.0600043574523564,-0.1));
#18183=CARTESIAN_POINT('',(14.55,0.439995642547644,-0.3));
#18184=CARTESIAN_POINT('',(14.55,0.439995642547644,-0.3));
#18185=CARTESIAN_POINT('',(14.55,0.439995642547644,-0.1));
#18186=CARTESIAN_POINT('',(14.55,0.439995642547644,-0.1));
#18187=CARTESIAN_POINT('',(14.55,-0.0237521787261782,-0.1));
#18188=CARTESIAN_POINT('Origin',(14.6,0.189995642547644,-0.3));
#18189=CARTESIAN_POINT('',(14.65,0.439995642547644,-0.3));
#18190=CARTESIAN_POINT('',(14.65,-0.0600043574523564,-0.3));
#18191=CARTESIAN_POINT('',(14.65,0.439995642547644,-0.3));
#18192=CARTESIAN_POINT('Origin',(14.65,0.439995642547644,-0.1));
#18193=CARTESIAN_POINT('',(14.65,0.439995642547644,-0.1));
#18194=CARTESIAN_POINT('',(14.65,0.226247821273822,-0.1));
#18195=CARTESIAN_POINT('',(14.65,0.439995642547644,-0.1));
#18196=CARTESIAN_POINT('Origin',(0.,0.0125,-0.1));
#18197=CARTESIAN_POINT('',(7.27499999999999,0.439995642547644,-0.1));
#18198=CARTESIAN_POINT('',(15.05,0.712499999999999,-0.1));
#18199=CARTESIAN_POINT('',(15.05,-0.0237521787261782,-0.1));
#18200=CARTESIAN_POINT('',(9.525,0.7125,-0.1));
#18201=CARTESIAN_POINT('Origin',(15.05,-0.0600043574523563,-0.1));
#18202=CARTESIAN_POINT('',(15.05,0.939995642547644,-0.3));
#18203=CARTESIAN_POINT('',(15.05,-0.0600043574523563,-0.3));
#18204=CARTESIAN_POINT('',(15.05,0.939995642547644,-0.12087603040953));
#18205=CARTESIAN_POINT('',(15.05,0.939995642547644,-0.1));
#18206=CARTESIAN_POINT('Origin',(15.05,0.712499999999999,-1.35));
#18207=CARTESIAN_POINT('Origin',(15.1,0.439995642547644,-0.3));
#18208=CARTESIAN_POINT('',(15.15,0.939995642547644,-0.3));
#18209=CARTESIAN_POINT('',(15.15,0.939995642547644,-0.3));
#18210=CARTESIAN_POINT('',(15.05,0.939995642547644,-0.3));
#18211=CARTESIAN_POINT('Origin',(15.15,0.939995642547644,-0.1));
#18212=CARTESIAN_POINT('',(15.15,0.712499999999999,-0.1));
#18213=CARTESIAN_POINT('',(15.15,0.476247821273822,-0.1));
#18214=CARTESIAN_POINT('',(15.15,0.939995642547644,-0.12087603040953));
#18215=CARTESIAN_POINT('Origin',(15.15,0.712499999999999,-1.35));
#18216=CARTESIAN_POINT('',(15.15,0.939995642547644,-0.1));
#18217=CARTESIAN_POINT('Origin',(15.55,-0.0600043574523564,-0.1));
#18218=CARTESIAN_POINT('',(15.55,0.439995642547644,-0.3));
#18219=CARTESIAN_POINT('',(15.55,0.439995642547644,-0.3));
#18220=CARTESIAN_POINT('',(15.55,0.439995642547644,-0.1));
#18221=CARTESIAN_POINT('',(15.55,0.439995642547644,-0.1));
#18222=CARTESIAN_POINT('',(15.55,-0.0237521787261782,-0.1));
#18223=CARTESIAN_POINT('Origin',(15.6,0.189995642547644,-0.3));
#18224=CARTESIAN_POINT('',(15.65,0.439995642547644,-0.3));
#18225=CARTESIAN_POINT('',(15.65,-0.0600043574523564,-0.3));
#18226=CARTESIAN_POINT('',(15.65,0.439995642547644,-0.3));
#18227=CARTESIAN_POINT('Origin',(15.65,0.439995642547644,-0.1));
#18228=CARTESIAN_POINT('',(15.65,0.439995642547644,-0.1));
#18229=CARTESIAN_POINT('',(15.65,0.226247821273822,-0.1));
#18230=CARTESIAN_POINT('',(15.65,0.439995642547644,-0.1));
#18231=CARTESIAN_POINT('Origin',(0.,0.0125,-0.1));
#18232=CARTESIAN_POINT('',(7.77499999999999,0.439995642547644,-0.1));
#18233=CARTESIAN_POINT('',(16.05,0.7125,-0.1));
#18234=CARTESIAN_POINT('',(16.05,-0.0237521787261782,-0.1));
#18235=CARTESIAN_POINT('',(9.525,0.7125,-0.1));
#18236=CARTESIAN_POINT('Origin',(16.05,-0.0600043574523563,-0.1));
#18237=CARTESIAN_POINT('',(16.05,0.939995642547644,-0.3));
#18238=CARTESIAN_POINT('',(16.05,-0.0600043574523563,-0.3));
#18239=CARTESIAN_POINT('',(16.05,0.939995642547644,-0.12087603040953));
#18240=CARTESIAN_POINT('',(16.05,0.939995642547644,-0.1));
#18241=CARTESIAN_POINT('Origin',(16.05,0.712499999999999,-1.35));
#18242=CARTESIAN_POINT('Origin',(16.1,0.439995642547644,-0.3));
#18243=CARTESIAN_POINT('',(16.15,0.939995642547644,-0.3));
#18244=CARTESIAN_POINT('',(16.15,0.939995642547644,-0.3));
#18245=CARTESIAN_POINT('',(16.05,0.939995642547644,-0.3));
#18246=CARTESIAN_POINT('Origin',(16.15,0.939995642547644,-0.1));
#18247=CARTESIAN_POINT('',(16.15,0.7125,-0.1));
#18248=CARTESIAN_POINT('',(16.15,0.476247821273822,-0.1));
#18249=CARTESIAN_POINT('',(16.15,0.939995642547644,-0.12087603040953));
#18250=CARTESIAN_POINT('Origin',(16.15,0.712499999999999,-1.35));
#18251=CARTESIAN_POINT('',(16.15,0.939995642547644,-0.1));
#18252=CARTESIAN_POINT('Origin',(16.55,-0.0600043574523563,-0.1));
#18253=CARTESIAN_POINT('',(16.55,0.439995642547644,-0.3));
#18254=CARTESIAN_POINT('',(16.55,0.439995642547644,-0.3));
#18255=CARTESIAN_POINT('',(16.55,0.439995642547644,-0.1));
#18256=CARTESIAN_POINT('',(16.55,0.439995642547644,-0.1));
#18257=CARTESIAN_POINT('',(16.55,-0.0237521787261782,-0.1));
#18258=CARTESIAN_POINT('Origin',(16.6,0.189995642547644,-0.3));
#18259=CARTESIAN_POINT('',(16.65,0.439995642547644,-0.3));
#18260=CARTESIAN_POINT('',(16.65,-0.0600043574523563,-0.3));
#18261=CARTESIAN_POINT('',(16.65,0.439995642547644,-0.3));
#18262=CARTESIAN_POINT('Origin',(16.65,0.439995642547644,-0.1));
#18263=CARTESIAN_POINT('',(16.65,0.439995642547644,-0.1));
#18264=CARTESIAN_POINT('',(16.65,0.226247821273822,-0.1));
#18265=CARTESIAN_POINT('',(16.65,0.439995642547644,-0.1));
#18266=CARTESIAN_POINT('Origin',(0.,0.0125,-0.1));
#18267=CARTESIAN_POINT('',(8.27499999999999,0.439995642547644,-0.1));
#18268=CARTESIAN_POINT('',(17.05,0.7125,-0.1));
#18269=CARTESIAN_POINT('',(17.05,-0.0237521787261782,-0.1));
#18270=CARTESIAN_POINT('',(9.525,0.7125,-0.1));
#18271=CARTESIAN_POINT('Origin',(17.05,-0.0600043574523563,-0.1));
#18272=CARTESIAN_POINT('',(17.05,0.939995642547644,-0.3));
#18273=CARTESIAN_POINT('',(17.05,-0.0600043574523563,-0.3));
#18274=CARTESIAN_POINT('',(17.05,0.939995642547644,-0.12087603040953));
#18275=CARTESIAN_POINT('',(17.05,0.939995642547644,-0.1));
#18276=CARTESIAN_POINT('Origin',(17.05,0.712499999999999,-1.35));
#18277=CARTESIAN_POINT('Origin',(17.1,0.439995642547644,-0.3));
#18278=CARTESIAN_POINT('',(17.15,0.939995642547644,-0.3));
#18279=CARTESIAN_POINT('',(17.15,0.939995642547644,-0.3));
#18280=CARTESIAN_POINT('',(17.05,0.939995642547644,-0.3));
#18281=CARTESIAN_POINT('Origin',(17.15,0.939995642547644,-0.1));
#18282=CARTESIAN_POINT('',(17.15,0.7125,-0.1));
#18283=CARTESIAN_POINT('',(17.15,0.476247821273822,-0.1));
#18284=CARTESIAN_POINT('',(17.15,0.939995642547644,-0.12087603040953));
#18285=CARTESIAN_POINT('Origin',(17.15,0.712499999999999,-1.35));
#18286=CARTESIAN_POINT('',(17.15,0.939995642547644,-0.1));
#18287=CARTESIAN_POINT('Origin',(17.55,-0.0600043574523563,-0.1));
#18288=CARTESIAN_POINT('',(17.55,0.439995642547644,-0.3));
#18289=CARTESIAN_POINT('',(17.55,0.439995642547644,-0.3));
#18290=CARTESIAN_POINT('',(17.55,0.439995642547644,-0.1));
#18291=CARTESIAN_POINT('',(17.55,0.439995642547644,-0.1));
#18292=CARTESIAN_POINT('',(17.55,-0.0237521787261782,-0.1));
#18293=CARTESIAN_POINT('Origin',(17.6,0.189995642547644,-0.3));
#18294=CARTESIAN_POINT('',(17.65,0.439995642547644,-0.3));
#18295=CARTESIAN_POINT('',(17.65,-0.0600043574523563,-0.3));
#18296=CARTESIAN_POINT('',(17.65,0.439995642547644,-0.3));
#18297=CARTESIAN_POINT('Origin',(17.65,0.439995642547644,-0.1));
#18298=CARTESIAN_POINT('',(17.65,0.439995642547644,-0.1));
#18299=CARTESIAN_POINT('',(17.65,0.226247821273822,-0.1));
#18300=CARTESIAN_POINT('',(17.65,0.439995642547644,-0.1));
#18301=CARTESIAN_POINT('Origin',(0.,0.0125,-0.1));
#18302=CARTESIAN_POINT('',(8.77499999999999,0.439995642547644,-0.1));
#18303=CARTESIAN_POINT('',(18.05,0.712499999999999,-0.1));
#18304=CARTESIAN_POINT('',(18.05,-0.0237521787261781,-0.1));
#18305=CARTESIAN_POINT('',(9.525,0.7125,-0.1));
#18306=CARTESIAN_POINT('Origin',(18.05,0.0125000000000001,-0.1));
#18307=CARTESIAN_POINT('',(18.05,0.939995642547644,-0.35));
#18308=CARTESIAN_POINT('',(18.05,-0.0600043574523563,-0.35));
#18309=CARTESIAN_POINT('',(18.05,0.939995642547644,-0.12087603040953));
#18310=CARTESIAN_POINT('',(18.05,0.939995642547644,-0.1));
#18311=CARTESIAN_POINT('Origin',(18.05,0.712499999999999,-1.35));
#18312=CARTESIAN_POINT('Origin',(19.05,0.2625,-0.35));
#18313=CARTESIAN_POINT('',(20.15,0.939995642547644,-0.35));
#18314=CARTESIAN_POINT('',(20.15,0.939995642547644,-0.35));
#18315=CARTESIAN_POINT('',(20.05,0.939995642547644,-0.35));
#18316=CARTESIAN_POINT('',(20.05,0.939995642547644,-0.35));
#18317=CARTESIAN_POINT('',(20.05,0.5125,-0.35));
#18318=CARTESIAN_POINT('',(20.05,-0.0600043574523563,-0.35));
#18319=CARTESIAN_POINT('',(19.15,0.5125,-0.35));
#18320=CARTESIAN_POINT('',(20.05,0.5125,-0.35));
#18321=CARTESIAN_POINT('',(19.15,0.939995642547644,-0.35));
#18322=CARTESIAN_POINT('',(19.15,0.939995642547644,-0.35));
#18323=CARTESIAN_POINT('',(19.05,0.939995642547644,-0.35));
#18324=CARTESIAN_POINT('',(19.05,0.939995642547644,-0.35));
#18325=CARTESIAN_POINT('',(19.05,0.5125,-0.35));
#18326=CARTESIAN_POINT('',(19.05,-0.0600043574523563,-0.35));
#18327=CARTESIAN_POINT('',(18.15,0.5125,-0.35));
#18328=CARTESIAN_POINT('',(20.05,0.5125,-0.35));
#18329=CARTESIAN_POINT('',(18.15,0.939995642547644,-0.35));
#18330=CARTESIAN_POINT('',(18.15,0.939995642547644,-0.35));
#18331=CARTESIAN_POINT('',(18.05,0.939995642547644,-0.35));
#18332=CARTESIAN_POINT('Origin',(20.15,0.939995642547644,-0.1));
#18333=CARTESIAN_POINT('',(20.15,0.712499999999999,-0.1));
#18334=CARTESIAN_POINT('',(20.15,0.476247821273822,-0.1));
#18335=CARTESIAN_POINT('',(20.15,0.939995642547644,-0.12087603040953));
#18336=CARTESIAN_POINT('Origin',(20.15,0.712499999999999,-1.35));
#18337=CARTESIAN_POINT('',(20.15,0.939995642547644,-0.1));
#18338=CARTESIAN_POINT('Origin',(19.05,0.0125,-1.05));
#18339=CARTESIAN_POINT('',(18.615,0.0125,-1.05));
#18340=CARTESIAN_POINT('Origin',(19.05,0.0125,-1.05));
#18341=CARTESIAN_POINT('Origin',(19.05,0.0425,-1.05));
#18342=CARTESIAN_POINT('',(18.675,0.0725,-1.05));
#18343=CARTESIAN_POINT('',(18.645,0.0425,-1.05));
#18344=CARTESIAN_POINT('Origin',(19.05,0.0725,-1.05));
#18345=CARTESIAN_POINT('Origin',(19.05,0.0124999999999968,-1.05));
#18346=CARTESIAN_POINT('',(18.675,0.272499999999997,-1.05));
#18347=CARTESIAN_POINT('',(18.675,0.0124999999999968,-1.05));
#18348=CARTESIAN_POINT('Origin',(19.05,0.272499999999997,-1.05));
#18349=CARTESIAN_POINT('Origin',(18.05,0.5125,-0.1));
#18350=CARTESIAN_POINT('',(19.15,0.5125,-0.1));
#18351=CARTESIAN_POINT('',(19.15,0.5125,-0.1));
#18352=CARTESIAN_POINT('',(20.05,0.5125,-0.1));
#18353=CARTESIAN_POINT('',(20.05,0.5125,-0.1));
#18354=CARTESIAN_POINT('',(9.025,0.512500000000002,-0.1));
#18355=CARTESIAN_POINT('Origin',(19.05,0.272499999999997,-1.05));
#18356=CARTESIAN_POINT('Origin',(1.04999999999998,0.939995642547644,-0.1));
#18357=CARTESIAN_POINT('',(1.1,0.939995642547644,-0.12087603040953));
#18358=CARTESIAN_POINT('Ctrl Pts',(1.04999999999998,0.939995642547644,-0.134503568293094));
#18359=CARTESIAN_POINT('Ctrl Pts',(1.05397249371597,0.939995642547644,-0.132170222858633));
#18360=CARTESIAN_POINT('Ctrl Pts',(1.05804090558477,0.939995642547644,-0.130161452577213));
#18361=CARTESIAN_POINT('Ctrl Pts',(1.0732926010387,0.939995642547644,-0.123782472661533));
#18362=CARTESIAN_POINT('Ctrl Pts',(1.08772860278582,0.939995642547644,-0.12087603040953));
#18363=CARTESIAN_POINT('Ctrl Pts',(1.1,0.939995642547644,-0.12087603040953));
#18364=CARTESIAN_POINT('',(1.,0.939995642547644,-0.12087603040953));
#18365=CARTESIAN_POINT('Origin',(1.1,0.712499999999999,-1.35));
#18366=CARTESIAN_POINT('',(1.1,1.3375,-0.267468245269452));
#18367=CARTESIAN_POINT('Origin',(1.1,0.712499999999999,-1.35));
#18368=CARTESIAN_POINT('',(1.,1.2875,-0.354070785647896));
#18369=CARTESIAN_POINT('Origin',(1.1,1.2875,-0.354070785647896));
#18370=CARTESIAN_POINT('',(1.,0.926041565040626,-0.22));
#18371=CARTESIAN_POINT('Origin',(1.,0.712499999999999,-1.35));
#18372=CARTESIAN_POINT('Ctrl Pts',(1.05000000001599,0.802227816259809,-0.116657078553375));
#18373=CARTESIAN_POINT('Ctrl Pts',(1.04687003267359,0.808039163759856,-0.118891727530397));
#18374=CARTESIAN_POINT('Ctrl Pts',(1.04382486053854,0.813759686651756,-0.121340655848005));
#18375=CARTESIAN_POINT('Ctrl Pts',(1.02617948113024,0.847419524531496,-0.137258545262782));
#18376=CARTESIAN_POINT('Ctrl Pts',(1.01454895776377,0.871730273312912,-0.15515665089669));
#18377=CARTESIAN_POINT('Ctrl Pts',(1.00259125034104,0.905443998181924,-0.189805515276471));
#18378=CARTESIAN_POINT('Ctrl Pts',(1.,0.916827654377239,-0.204864977667661));
#18379=CARTESIAN_POINT('Ctrl Pts',(1.,0.926041565040626,-0.22));
#18380=CARTESIAN_POINT('Origin',(1.,0.712499999999999,-1.35));
#18381=CARTESIAN_POINT('',(1.,0.939995642547643,-0.12087603040953));
#18382=CARTESIAN_POINT('',(1.,0.939995642547643,-0.12087603040953));
#18383=CARTESIAN_POINT('',(1.,0.939995642547643,-0.12087603040953));
#18384=CARTESIAN_POINT('',(1.,0.939995642547644,-0.12087603040953));
#18385=CARTESIAN_POINT('',(1.,0.939995642547644,-0.12087603040953));
#18386=CARTESIAN_POINT('',(1.,0.939995642547644,-0.12087603040953));
#18387=CARTESIAN_POINT('',(1.,0.939995642547644,-0.12087603040953));
#18388=CARTESIAN_POINT('',(1.,0.939995642547644,-0.12087603040953));
#18389=CARTESIAN_POINT('',(1.,0.939995642547644,-0.12087603040953));
#18390=CARTESIAN_POINT('',(1.,0.939995642547644,-0.12087603040953));
#18391=CARTESIAN_POINT('',(1.,0.939995642547644,-0.12087603040953));
#18392=CARTESIAN_POINT('',(1.,0.939995642547644,-0.12087603040953));
#18393=CARTESIAN_POINT('',(1.,0.939995642547644,-0.12087603040953));
#18394=CARTESIAN_POINT('',(1.,0.939995642547644,-0.12087603040953));
#18395=CARTESIAN_POINT('',(1.,0.939995642547644,-0.12087603040953));
#18396=CARTESIAN_POINT('',(1.,0.939995642547644,-0.12087603040953));
#18397=CARTESIAN_POINT('',(18.15,0.939995642547644,-0.12087603040953));
#18398=CARTESIAN_POINT('',(1.,0.939995642547644,-0.12087603040953));
#18399=CARTESIAN_POINT('',(18.15,0.712499999999999,-0.1));
#18400=CARTESIAN_POINT('Origin',(18.15,0.712499999999999,-1.35));
#18401=CARTESIAN_POINT('',(19.05,0.7125,-0.1));
#18402=CARTESIAN_POINT('',(9.525,0.7125,-0.1));
#18403=CARTESIAN_POINT('',(19.05,0.939995642547644,-0.12087603040953));
#18404=CARTESIAN_POINT('Origin',(19.05,0.712499999999999,-1.35));
#18405=CARTESIAN_POINT('',(19.15,0.939995642547644,-0.12087603040953));
#18406=CARTESIAN_POINT('',(1.,0.939995642547644,-0.12087603040953));
#18407=CARTESIAN_POINT('',(19.15,0.7125,-0.1));
#18408=CARTESIAN_POINT('Origin',(19.15,0.712499999999999,-1.35));
#18409=CARTESIAN_POINT('',(20.05,0.712499999999999,-0.1));
#18410=CARTESIAN_POINT('',(9.525,0.7125,-0.1));
#18411=CARTESIAN_POINT('',(20.05,0.939995642547644,-0.12087603040953));
#18412=CARTESIAN_POINT('Origin',(20.05,0.712499999999999,-1.35));
#18413=CARTESIAN_POINT('',(1.,0.939995642547644,-0.12087603040953));
#18414=CARTESIAN_POINT('',(21.05,0.7125,-0.1));
#18415=CARTESIAN_POINT('',(9.525,0.7125,-0.1));
#18416=CARTESIAN_POINT('',(21.05,0.939995642547644,-0.12087603040953));
#18417=CARTESIAN_POINT('Origin',(21.05,0.712499999999999,-1.35));
#18418=CARTESIAN_POINT('',(21.15,0.939995642547644,-0.12087603040953));
#18419=CARTESIAN_POINT('',(1.,0.939995642547644,-0.12087603040953));
#18420=CARTESIAN_POINT('',(21.15,0.7125,-0.1));
#18421=CARTESIAN_POINT('Origin',(21.15,0.712499999999999,-1.35));
#18422=CARTESIAN_POINT('',(22.05,0.7125,-0.1));
#18423=CARTESIAN_POINT('',(9.525,0.7125,-0.1));
#18424=CARTESIAN_POINT('',(22.05,0.939995642547644,-0.12087603040953));
#18425=CARTESIAN_POINT('Origin',(22.05,0.712499999999999,-1.35));
#18426=CARTESIAN_POINT('',(22.15,0.939995642547644,-0.12087603040953));
#18427=CARTESIAN_POINT('',(1.,0.939995642547644,-0.12087603040953));
#18428=CARTESIAN_POINT('',(22.15,0.7125,-0.1));
#18429=CARTESIAN_POINT('Origin',(22.15,0.712499999999999,-1.35));
#18430=CARTESIAN_POINT('',(23.05,0.712499999999999,-0.1));
#18431=CARTESIAN_POINT('',(9.525,0.7125,-0.1));
#18432=CARTESIAN_POINT('',(23.05,0.939995642547644,-0.12087603040953));
#18433=CARTESIAN_POINT('Origin',(23.05,0.712499999999999,-1.35));
#18434=CARTESIAN_POINT('',(23.15,0.939995642547644,-0.12087603040953));
#18435=CARTESIAN_POINT('',(1.,0.939995642547644,-0.12087603040953));
#18436=CARTESIAN_POINT('',(23.15,0.712499999999999,-0.1));
#18437=CARTESIAN_POINT('Origin',(23.15,0.712499999999999,-1.35));
#18438=CARTESIAN_POINT('',(24.05,0.7125,-0.1));
#18439=CARTESIAN_POINT('',(9.525,0.7125,-0.1));
#18440=CARTESIAN_POINT('',(24.05,0.939995642547644,-0.12087603040953));
#18441=CARTESIAN_POINT('Origin',(24.05,0.712499999999999,-1.35));
#18442=CARTESIAN_POINT('',(24.15,0.939995642547644,-0.12087603040953));
#18443=CARTESIAN_POINT('',(1.,0.939995642547644,-0.12087603040953));
#18444=CARTESIAN_POINT('',(24.15,0.7125,-0.1));
#18445=CARTESIAN_POINT('Origin',(24.15,0.712499999999999,-1.35));
#18446=CARTESIAN_POINT('',(25.05,0.7125,-0.1));
#18447=CARTESIAN_POINT('',(9.525,0.7125,-0.1));
#18448=CARTESIAN_POINT('',(25.05,0.939995642547644,-0.12087603040953));
#18449=CARTESIAN_POINT('Origin',(25.05,0.712499999999999,-1.35));
#18450=CARTESIAN_POINT('',(25.15,0.939995642547644,-0.12087603040953));
#18451=CARTESIAN_POINT('',(1.,0.939995642547644,-0.12087603040953));
#18452=CARTESIAN_POINT('',(25.15,0.7125,-0.1));
#18453=CARTESIAN_POINT('Origin',(25.15,0.712499999999999,-1.35));
#18454=CARTESIAN_POINT('',(26.05,0.712499999999999,-0.1));
#18455=CARTESIAN_POINT('',(9.525,0.7125,-0.1));
#18456=CARTESIAN_POINT('',(26.05,0.939995642547644,-0.12087603040953));
#18457=CARTESIAN_POINT('Origin',(26.05,0.712499999999999,-1.35));
#18458=CARTESIAN_POINT('',(26.15,0.939995642547644,-0.12087603040953));
#18459=CARTESIAN_POINT('',(1.,0.939995642547644,-0.12087603040953));
#18460=CARTESIAN_POINT('',(26.15,0.712499999999999,-0.1));
#18461=CARTESIAN_POINT('Origin',(26.15,0.712499999999999,-1.35));
#18462=CARTESIAN_POINT('',(27.05,0.7125,-0.1));
#18463=CARTESIAN_POINT('',(9.525,0.7125,-0.1));
#18464=CARTESIAN_POINT('',(27.05,0.939995642547644,-0.12087603040953));
#18465=CARTESIAN_POINT('Origin',(27.05,0.712499999999999,-1.35));
#18466=CARTESIAN_POINT('',(27.15,0.939995642547644,-0.12087603040953));
#18467=CARTESIAN_POINT('',(1.,0.939995642547644,-0.12087603040953));
#18468=CARTESIAN_POINT('',(27.15,0.7125,-0.1));
#18469=CARTESIAN_POINT('Origin',(27.15,0.712499999999999,-1.35));
#18470=CARTESIAN_POINT('',(28.05,0.7125,-0.1));
#18471=CARTESIAN_POINT('',(9.525,0.7125,-0.1));
#18472=CARTESIAN_POINT('',(28.05,0.939995642547644,-0.12087603040953));
#18473=CARTESIAN_POINT('Origin',(28.05,0.712499999999999,-1.35));
#18474=CARTESIAN_POINT('',(28.15,0.939995642547644,-0.12087603040953));
#18475=CARTESIAN_POINT('',(1.,0.939995642547644,-0.12087603040953));
#18476=CARTESIAN_POINT('',(28.15,0.7125,-0.1));
#18477=CARTESIAN_POINT('Origin',(28.15,0.712499999999999,-1.35));
#18478=CARTESIAN_POINT('',(29.05,0.712499999999999,-0.1));
#18479=CARTESIAN_POINT('',(9.525,0.7125,-0.1));
#18480=CARTESIAN_POINT('',(29.05,0.939995642547644,-0.12087603040953));
#18481=CARTESIAN_POINT('Origin',(29.05,0.712499999999999,-1.35));
#18482=CARTESIAN_POINT('',(29.15,0.939995642547644,-0.12087603040953));
#18483=CARTESIAN_POINT('',(1.,0.939995642547644,-0.12087603040953));
#18484=CARTESIAN_POINT('',(29.15,0.712499999999999,-0.1));
#18485=CARTESIAN_POINT('Origin',(29.15,0.712499999999999,-1.35));
#18486=CARTESIAN_POINT('',(30.05,0.7125,-0.1));
#18487=CARTESIAN_POINT('',(9.525,0.7125,-0.1));
#18488=CARTESIAN_POINT('',(30.05,0.939995642547644,-0.12087603040953));
#18489=CARTESIAN_POINT('Origin',(30.05,0.712499999999999,-1.35));
#18490=CARTESIAN_POINT('',(30.15,0.939995642547644,-0.12087603040953));
#18491=CARTESIAN_POINT('',(1.,0.939995642547644,-0.12087603040953));
#18492=CARTESIAN_POINT('',(30.15,0.7125,-0.1));
#18493=CARTESIAN_POINT('Origin',(30.15,0.712499999999999,-1.35));
#18494=CARTESIAN_POINT('',(31.05,0.7125,-0.1));
#18495=CARTESIAN_POINT('',(9.525,0.7125,-0.1));
#18496=CARTESIAN_POINT('',(31.05,0.939995642547644,-0.12087603040953));
#18497=CARTESIAN_POINT('Origin',(31.05,0.712499999999999,-1.35));
#18498=CARTESIAN_POINT('',(31.15,0.939995642547644,-0.12087603040953));
#18499=CARTESIAN_POINT('',(1.,0.939995642547644,-0.12087603040953));
#18500=CARTESIAN_POINT('',(31.15,0.7125,-0.1));
#18501=CARTESIAN_POINT('Origin',(31.15,0.712499999999999,-1.35));
#18502=CARTESIAN_POINT('',(32.05,0.712499999999999,-0.1));
#18503=CARTESIAN_POINT('',(9.525,0.7125,-0.1));
#18504=CARTESIAN_POINT('',(32.05,0.939995642547644,-0.12087603040953));
#18505=CARTESIAN_POINT('Origin',(32.05,0.712499999999999,-1.35));
#18506=CARTESIAN_POINT('',(32.15,0.939995642547644,-0.12087603040953));
#18507=CARTESIAN_POINT('',(1.,0.939995642547644,-0.12087603040953));
#18508=CARTESIAN_POINT('',(32.15,0.712499999999999,-0.1));
#18509=CARTESIAN_POINT('Origin',(32.15,0.712499999999999,-1.35));
#18510=CARTESIAN_POINT('',(33.05,0.7125,-0.1));
#18511=CARTESIAN_POINT('',(9.525,0.7125,-0.1));
#18512=CARTESIAN_POINT('',(33.05,0.939995642547644,-0.12087603040953));
#18513=CARTESIAN_POINT('Origin',(33.05,0.712499999999999,-1.35));
#18514=CARTESIAN_POINT('',(33.15,0.939995642547644,-0.12087603040953));
#18515=CARTESIAN_POINT('',(1.,0.939995642547644,-0.12087603040953));
#18516=CARTESIAN_POINT('',(33.15,0.7125,-0.1));
#18517=CARTESIAN_POINT('Origin',(33.15,0.712499999999999,-1.35));
#18518=CARTESIAN_POINT('',(34.05,0.7125,-0.1));
#18519=CARTESIAN_POINT('',(9.525,0.7125,-0.1));
#18520=CARTESIAN_POINT('',(34.05,0.939995642547644,-0.12087603040953));
#18521=CARTESIAN_POINT('Origin',(34.05,0.712499999999999,-1.35));
#18522=CARTESIAN_POINT('',(34.15,0.939995642547644,-0.12087603040953));
#18523=CARTESIAN_POINT('',(1.,0.939995642547644,-0.12087603040953));
#18524=CARTESIAN_POINT('',(34.15,0.7125,-0.1));
#18525=CARTESIAN_POINT('Origin',(34.15,0.712499999999999,-1.35));
#18526=CARTESIAN_POINT('',(35.05,0.712499999999999,-0.1));
#18527=CARTESIAN_POINT('',(9.525,0.7125,-0.1));
#18528=CARTESIAN_POINT('',(35.05,0.939995642547644,-0.12087603040953));
#18529=CARTESIAN_POINT('Origin',(35.05,0.712499999999999,-1.35));
#18530=CARTESIAN_POINT('',(35.15,0.939995642547644,-0.12087603040953));
#18531=CARTESIAN_POINT('',(1.,0.939995642547644,-0.12087603040953));
#18532=CARTESIAN_POINT('',(35.15,0.712499999999999,-0.1));
#18533=CARTESIAN_POINT('Origin',(35.15,0.712499999999999,-1.35));
#18534=CARTESIAN_POINT('',(36.05,0.7125,-0.1));
#18535=CARTESIAN_POINT('',(9.525,0.7125,-0.1));
#18536=CARTESIAN_POINT('',(36.05,0.939995642547644,-0.12087603040953));
#18537=CARTESIAN_POINT('Origin',(36.05,0.712499999999999,-1.35));
#18538=CARTESIAN_POINT('',(36.15,0.939995642547644,-0.12087603040953));
#18539=CARTESIAN_POINT('',(1.,0.939995642547644,-0.12087603040953));
#18540=CARTESIAN_POINT('',(36.15,0.7125,-0.1));
#18541=CARTESIAN_POINT('Origin',(36.15,0.712499999999999,-1.35));
#18542=CARTESIAN_POINT('',(37.,0.7125,-0.1));
#18543=CARTESIAN_POINT('',(9.525,0.7125,-0.1));
#18544=CARTESIAN_POINT('',(37.,1.3375,-0.267468245269452));
#18545=CARTESIAN_POINT('Origin',(37.,0.712499999999999,-1.35));
#18546=CARTESIAN_POINT('',(1.,1.3375,-0.267468245269452));
#18547=CARTESIAN_POINT('Origin',(1.54999999999998,0.439995642547644,-0.1));
#18548=CARTESIAN_POINT('Origin',(2.04999999999998,0.939995642547643,-0.1));
#18549=CARTESIAN_POINT('Origin',(2.54999999999998,0.439995642547644,-0.1));
#18550=CARTESIAN_POINT('Origin',(3.04999999999998,0.939995642547643,-0.1));
#18551=CARTESIAN_POINT('Origin',(3.54999999999998,0.439995642547644,-0.1));
#18552=CARTESIAN_POINT('Origin',(4.04999999999998,0.939995642547643,-0.1));
#18553=CARTESIAN_POINT('Origin',(4.54999999999998,0.439995642547644,-0.1));
#18554=CARTESIAN_POINT('Origin',(5.04999999999998,0.939995642547644,-0.1));
#18555=CARTESIAN_POINT('Origin',(5.54999999999998,0.439995642547644,-0.1));
#18556=CARTESIAN_POINT('Origin',(6.04999999999998,0.939995642547644,-0.1));
#18557=CARTESIAN_POINT('Origin',(6.54999999999998,0.439995642547644,-0.1));
#18558=CARTESIAN_POINT('Origin',(7.04999999999998,0.939995642547644,-0.1));
#18559=CARTESIAN_POINT('Origin',(7.54999999999998,0.439995642547644,-0.1));
#18560=CARTESIAN_POINT('Origin',(8.04999999999998,0.939995642547644,-0.1));
#18561=CARTESIAN_POINT('Origin',(8.54999999999998,0.439995642547644,-0.1));
#18562=CARTESIAN_POINT('Origin',(9.04999999999998,0.939995642547644,-0.1));
#18563=CARTESIAN_POINT('Origin',(9.54999999999998,0.439995642547644,-0.1));
#18564=CARTESIAN_POINT('Origin',(10.05,0.939995642547644,-0.1));
#18565=CARTESIAN_POINT('Origin',(10.55,0.439995642547644,-0.1));
#18566=CARTESIAN_POINT('Origin',(11.05,0.939995642547644,-0.1));
#18567=CARTESIAN_POINT('Origin',(11.55,0.439995642547644,-0.1));
#18568=CARTESIAN_POINT('Origin',(12.05,0.939995642547644,-0.1));
#18569=CARTESIAN_POINT('Origin',(12.55,0.439995642547644,-0.1));
#18570=CARTESIAN_POINT('Origin',(13.05,0.939995642547644,-0.1));
#18571=CARTESIAN_POINT('Origin',(13.55,0.439995642547644,-0.1));
#18572=CARTESIAN_POINT('Origin',(14.05,0.939995642547644,-0.1));
#18573=CARTESIAN_POINT('Origin',(14.55,0.439995642547644,-0.1));
#18574=CARTESIAN_POINT('Origin',(15.05,0.939995642547644,-0.1));
#18575=CARTESIAN_POINT('Origin',(15.55,0.439995642547644,-0.1));
#18576=CARTESIAN_POINT('Origin',(16.05,0.939995642547644,-0.1));
#18577=CARTESIAN_POINT('Origin',(16.55,0.439995642547644,-0.1));
#18578=CARTESIAN_POINT('Origin',(17.05,0.939995642547644,-0.1));
#18579=CARTESIAN_POINT('Origin',(17.55,0.439995642547644,-0.1));
#18580=CARTESIAN_POINT('Origin',(18.05,0.939995642547644,-0.1));
#18581=CARTESIAN_POINT('',(18.15,0.939995642547644,-0.1));
#18582=CARTESIAN_POINT('Origin',(18.15,0.939995642547644,-0.1));
#18583=CARTESIAN_POINT('',(18.15,0.5125,-0.1));
#18584=CARTESIAN_POINT('',(18.15,0.5125,-0.1));
#18585=CARTESIAN_POINT('',(18.15,0.476247821273822,-0.1));
#18586=CARTESIAN_POINT('Origin',(0.,0.0125,-0.1));
#18587=CARTESIAN_POINT('',(19.05,0.5125,-0.1));
#18588=CARTESIAN_POINT('',(9.025,0.512500000000002,-0.1));
#18589=CARTESIAN_POINT('',(19.05,-0.0237521787261781,-0.1));
#18590=CARTESIAN_POINT('Origin',(19.05,-0.0600043574523563,-0.1));
#18591=CARTESIAN_POINT('',(19.05,0.5125,-0.1));
#18592=CARTESIAN_POINT('',(19.05,0.939995642547644,-0.1));
#18593=CARTESIAN_POINT('Origin',(19.05,0.939995642547644,-0.1));
#18594=CARTESIAN_POINT('',(19.15,0.939995642547644,-0.1));
#18595=CARTESIAN_POINT('Origin',(19.15,0.939995642547644,-0.1));
#18596=CARTESIAN_POINT('',(19.15,0.476247821273822,-0.1));
#18597=CARTESIAN_POINT('Origin',(0.,0.0125,-0.1));
#18598=CARTESIAN_POINT('',(20.05,-0.0237521787261781,-0.1));
#18599=CARTESIAN_POINT('Origin',(20.05,-0.0600043574523563,-0.1));
#18600=CARTESIAN_POINT('',(20.05,0.939995642547644,-0.1));
#18601=CARTESIAN_POINT('Origin',(20.05,0.939995642547644,-0.1));
#18602=CARTESIAN_POINT('Origin',(0.,0.0125,-0.1));
#18603=CARTESIAN_POINT('',(21.05,-0.0237521787261781,-0.1));
#18604=CARTESIAN_POINT('',(20.55,0.439995642547644,-0.1));
#18605=CARTESIAN_POINT('',(20.55,-0.0237521787261781,-0.1));
#18606=CARTESIAN_POINT('',(20.65,0.439995642547644,-0.1));
#18607=CARTESIAN_POINT('',(10.275,0.439995642547644,-0.1));
#18608=CARTESIAN_POINT('',(20.65,0.226247821273822,-0.1));
#18609=CARTESIAN_POINT('Origin',(20.6,0.189995642547644,-0.3));
#18610=CARTESIAN_POINT('',(20.65,0.439995642547644,-0.3));
#18611=CARTESIAN_POINT('',(20.65,-0.0600043574523563,-0.3));
#18612=CARTESIAN_POINT('',(20.55,0.439995642547644,-0.3));
#18613=CARTESIAN_POINT('',(20.65,0.439995642547644,-0.3));
#18614=CARTESIAN_POINT('',(20.55,0.439995642547644,-0.3));
#18615=CARTESIAN_POINT('Origin',(20.55,-0.0600043574523563,-0.1));
#18616=CARTESIAN_POINT('',(20.55,0.439995642547644,-0.1));
#18617=CARTESIAN_POINT('Origin',(20.55,0.439995642547644,-0.1));
#18618=CARTESIAN_POINT('',(20.65,0.439995642547644,-0.1));
#18619=CARTESIAN_POINT('Origin',(20.65,0.439995642547644,-0.1));
#18620=CARTESIAN_POINT('Origin',(21.05,-0.0600043574523563,-0.1));
#18621=CARTESIAN_POINT('',(21.05,0.939995642547644,-0.3));
#18622=CARTESIAN_POINT('',(21.05,-0.0600043574523563,-0.3));
#18623=CARTESIAN_POINT('',(21.05,0.939995642547644,-0.1));
#18624=CARTESIAN_POINT('Origin',(21.05,0.939995642547644,-0.1));
#18625=CARTESIAN_POINT('',(21.15,0.939995642547644,-0.3));
#18626=CARTESIAN_POINT('',(21.05,0.939995642547644,-0.3));
#18627=CARTESIAN_POINT('',(21.15,0.939995642547644,-0.1));
#18628=CARTESIAN_POINT('Origin',(21.15,0.939995642547644,-0.1));
#18629=CARTESIAN_POINT('',(21.15,0.476247821273822,-0.1));
#18630=CARTESIAN_POINT('',(21.15,0.939995642547644,-0.3));
#18631=CARTESIAN_POINT('Origin',(21.1,0.439995642547644,-0.3));
#18632=CARTESIAN_POINT('Origin',(0.,0.0125,-0.1));
#18633=CARTESIAN_POINT('',(22.05,-0.0237521787261781,-0.1));
#18634=CARTESIAN_POINT('',(21.55,0.439995642547644,-0.1));
#18635=CARTESIAN_POINT('',(21.55,-0.0237521787261781,-0.1));
#18636=CARTESIAN_POINT('',(21.65,0.439995642547644,-0.1));
#18637=CARTESIAN_POINT('',(10.775,0.439995642547644,-0.1));
#18638=CARTESIAN_POINT('',(21.65,0.226247821273822,-0.1));
#18639=CARTESIAN_POINT('Origin',(21.55,0.439995642547644,-0.1));
#18640=CARTESIAN_POINT('',(21.55,0.439995642547644,-0.3));
#18641=CARTESIAN_POINT('',(21.55,0.439995642547644,-0.1));
#18642=CARTESIAN_POINT('',(21.65,0.439995642547644,-0.3));
#18643=CARTESIAN_POINT('',(21.65,0.439995642547644,-0.3));
#18644=CARTESIAN_POINT('',(21.65,0.439995642547644,-0.1));
#18645=CARTESIAN_POINT('Origin',(21.55,-0.0600043574523563,-0.1));
#18646=CARTESIAN_POINT('',(21.55,0.439995642547644,-0.3));
#18647=CARTESIAN_POINT('Origin',(21.65,0.439995642547644,-0.1));
#18648=CARTESIAN_POINT('',(21.65,-0.0600043574523563,-0.3));
#18649=CARTESIAN_POINT('Origin',(21.6,0.189995642547644,-0.3));
#18650=CARTESIAN_POINT('Origin',(22.05,0.939995642547644,-0.1));
#18651=CARTESIAN_POINT('',(22.05,0.939995642547644,-0.3));
#18652=CARTESIAN_POINT('',(22.05,0.939995642547644,-0.1));
#18653=CARTESIAN_POINT('',(22.15,0.939995642547644,-0.3));
#18654=CARTESIAN_POINT('',(22.05,0.939995642547644,-0.3));
#18655=CARTESIAN_POINT('',(22.15,0.939995642547644,-0.1));
#18656=CARTESIAN_POINT('Origin',(22.15,0.939995642547644,-0.1));
#18657=CARTESIAN_POINT('',(22.15,0.476247821273822,-0.1));
#18658=CARTESIAN_POINT('',(22.15,0.939995642547644,-0.3));
#18659=CARTESIAN_POINT('Origin',(22.05,-0.0600043574523563,-0.1));
#18660=CARTESIAN_POINT('',(22.05,-0.0600043574523563,-0.3));
#18661=CARTESIAN_POINT('Origin',(22.1,0.439995642547644,-0.3));
#18662=CARTESIAN_POINT('Origin',(0.,0.0125,-0.1));
#18663=CARTESIAN_POINT('',(23.05,-0.0237521787261781,-0.1));
#18664=CARTESIAN_POINT('',(22.55,0.439995642547644,-0.1));
#18665=CARTESIAN_POINT('',(22.55,-0.0237521787261781,-0.1));
#18666=CARTESIAN_POINT('',(22.65,0.439995642547644,-0.1));
#18667=CARTESIAN_POINT('',(11.275,0.439995642547644,-0.1));
#18668=CARTESIAN_POINT('',(22.65,0.226247821273822,-0.1));
#18669=CARTESIAN_POINT('Origin',(22.6,0.189995642547644,-0.3));
#18670=CARTESIAN_POINT('',(22.65,0.439995642547644,-0.3));
#18671=CARTESIAN_POINT('',(22.65,-0.0600043574523563,-0.3));
#18672=CARTESIAN_POINT('',(22.55,0.439995642547644,-0.3));
#18673=CARTESIAN_POINT('',(22.65,0.439995642547644,-0.3));
#18674=CARTESIAN_POINT('',(22.55,0.439995642547644,-0.3));
#18675=CARTESIAN_POINT('Origin',(22.55,-0.0600043574523563,-0.1));
#18676=CARTESIAN_POINT('',(22.55,0.439995642547644,-0.1));
#18677=CARTESIAN_POINT('Origin',(22.55,0.439995642547644,-0.1));
#18678=CARTESIAN_POINT('',(22.65,0.439995642547644,-0.1));
#18679=CARTESIAN_POINT('Origin',(22.65,0.439995642547644,-0.1));
#18680=CARTESIAN_POINT('Origin',(23.05,-0.0600043574523562,-0.1));
#18681=CARTESIAN_POINT('',(23.05,0.939995642547644,-0.3));
#18682=CARTESIAN_POINT('',(23.05,-0.0600043574523562,-0.3));
#18683=CARTESIAN_POINT('',(23.05,0.939995642547644,-0.1));
#18684=CARTESIAN_POINT('Origin',(23.05,0.939995642547644,-0.1));
#18685=CARTESIAN_POINT('',(23.15,0.939995642547644,-0.3));
#18686=CARTESIAN_POINT('',(23.05,0.939995642547644,-0.3));
#18687=CARTESIAN_POINT('',(23.15,0.939995642547644,-0.1));
#18688=CARTESIAN_POINT('Origin',(23.15,0.939995642547644,-0.1));
#18689=CARTESIAN_POINT('',(23.15,0.476247821273822,-0.1));
#18690=CARTESIAN_POINT('',(23.15,0.939995642547644,-0.3));
#18691=CARTESIAN_POINT('Origin',(23.1,0.439995642547644,-0.3));
#18692=CARTESIAN_POINT('Origin',(0.,0.0125,-0.1));
#18693=CARTESIAN_POINT('',(24.05,-0.0237521787261781,-0.1));
#18694=CARTESIAN_POINT('',(23.55,0.439995642547644,-0.1));
#18695=CARTESIAN_POINT('',(23.55,-0.0237521787261781,-0.1));
#18696=CARTESIAN_POINT('',(23.65,0.439995642547644,-0.1));
#18697=CARTESIAN_POINT('',(11.775,0.439995642547644,-0.1));
#18698=CARTESIAN_POINT('',(23.65,0.226247821273822,-0.1));
#18699=CARTESIAN_POINT('Origin',(23.6,0.189995642547644,-0.3));
#18700=CARTESIAN_POINT('',(23.65,0.439995642547644,-0.3));
#18701=CARTESIAN_POINT('',(23.65,-0.0600043574523563,-0.3));
#18702=CARTESIAN_POINT('',(23.55,0.439995642547644,-0.3));
#18703=CARTESIAN_POINT('',(23.65,0.439995642547644,-0.3));
#18704=CARTESIAN_POINT('',(23.55,0.439995642547644,-0.3));
#18705=CARTESIAN_POINT('Origin',(23.55,-0.0600043574523563,-0.1));
#18706=CARTESIAN_POINT('',(23.55,0.439995642547644,-0.1));
#18707=CARTESIAN_POINT('Origin',(23.55,0.439995642547644,-0.1));
#18708=CARTESIAN_POINT('',(23.65,0.439995642547644,-0.1));
#18709=CARTESIAN_POINT('Origin',(23.65,0.439995642547644,-0.1));
#18710=CARTESIAN_POINT('Origin',(24.05,-0.0600043574523562,-0.1));
#18711=CARTESIAN_POINT('',(24.05,0.939995642547644,-0.3));
#18712=CARTESIAN_POINT('',(24.05,-0.0600043574523562,-0.3));
#18713=CARTESIAN_POINT('',(24.05,0.939995642547644,-0.1));
#18714=CARTESIAN_POINT('Origin',(24.05,0.939995642547644,-0.1));
#18715=CARTESIAN_POINT('',(24.15,0.939995642547644,-0.3));
#18716=CARTESIAN_POINT('',(24.05,0.939995642547644,-0.3));
#18717=CARTESIAN_POINT('',(24.15,0.939995642547644,-0.1));
#18718=CARTESIAN_POINT('Origin',(24.15,0.939995642547644,-0.1));
#18719=CARTESIAN_POINT('',(24.15,0.476247821273822,-0.1));
#18720=CARTESIAN_POINT('',(24.15,0.939995642547644,-0.3));
#18721=CARTESIAN_POINT('Origin',(24.1,0.439995642547644,-0.3));
#18722=CARTESIAN_POINT('Origin',(0.,0.0125,-0.1));
#18723=CARTESIAN_POINT('',(25.05,-0.0237521787261781,-0.1));
#18724=CARTESIAN_POINT('',(24.55,0.439995642547644,-0.1));
#18725=CARTESIAN_POINT('',(24.55,-0.0237521787261781,-0.1));
#18726=CARTESIAN_POINT('',(24.65,0.439995642547644,-0.1));
#18727=CARTESIAN_POINT('',(12.275,0.439995642547644,-0.1));
#18728=CARTESIAN_POINT('',(24.65,0.226247821273822,-0.1));
#18729=CARTESIAN_POINT('Origin',(24.55,0.439995642547644,-0.1));
#18730=CARTESIAN_POINT('',(24.55,0.439995642547644,-0.3));
#18731=CARTESIAN_POINT('',(24.55,0.439995642547644,-0.1));
#18732=CARTESIAN_POINT('',(24.65,0.439995642547644,-0.3));
#18733=CARTESIAN_POINT('',(24.65,0.439995642547644,-0.3));
#18734=CARTESIAN_POINT('',(24.65,0.439995642547644,-0.1));
#18735=CARTESIAN_POINT('Origin',(24.55,-0.0600043574523562,-0.1));
#18736=CARTESIAN_POINT('',(24.55,0.439995642547644,-0.3));
#18737=CARTESIAN_POINT('Origin',(24.65,0.439995642547644,-0.1));
#18738=CARTESIAN_POINT('',(24.65,-0.0600043574523562,-0.3));
#18739=CARTESIAN_POINT('Origin',(24.6,0.189995642547644,-0.3));
#18740=CARTESIAN_POINT('Origin',(25.05,0.939995642547644,-0.1));
#18741=CARTESIAN_POINT('',(25.05,0.939995642547644,-0.3));
#18742=CARTESIAN_POINT('',(25.05,0.939995642547644,-0.1));
#18743=CARTESIAN_POINT('',(25.15,0.939995642547644,-0.3));
#18744=CARTESIAN_POINT('',(25.05,0.939995642547644,-0.3));
#18745=CARTESIAN_POINT('',(25.15,0.939995642547644,-0.1));
#18746=CARTESIAN_POINT('Origin',(25.15,0.939995642547644,-0.1));
#18747=CARTESIAN_POINT('',(25.15,0.476247821273822,-0.1));
#18748=CARTESIAN_POINT('',(25.15,0.939995642547644,-0.3));
#18749=CARTESIAN_POINT('Origin',(25.05,-0.0600043574523562,-0.1));
#18750=CARTESIAN_POINT('',(25.05,-0.0600043574523562,-0.3));
#18751=CARTESIAN_POINT('Origin',(25.1,0.439995642547644,-0.3));
#18752=CARTESIAN_POINT('Origin',(0.,0.0125,-0.1));
#18753=CARTESIAN_POINT('',(26.05,-0.0237521787261781,-0.1));
#18754=CARTESIAN_POINT('',(25.55,0.439995642547644,-0.1));
#18755=CARTESIAN_POINT('',(25.55,-0.0237521787261781,-0.1));
#18756=CARTESIAN_POINT('',(25.65,0.439995642547644,-0.1));
#18757=CARTESIAN_POINT('',(12.775,0.439995642547644,-0.1));
#18758=CARTESIAN_POINT('',(25.65,0.226247821273822,-0.1));
#18759=CARTESIAN_POINT('Origin',(25.6,0.189995642547644,-0.3));
#18760=CARTESIAN_POINT('',(25.65,0.439995642547644,-0.3));
#18761=CARTESIAN_POINT('',(25.65,-0.0600043574523562,-0.3));
#18762=CARTESIAN_POINT('',(25.55,0.439995642547644,-0.3));
#18763=CARTESIAN_POINT('',(25.65,0.439995642547644,-0.3));
#18764=CARTESIAN_POINT('',(25.55,0.439995642547644,-0.3));
#18765=CARTESIAN_POINT('Origin',(25.55,-0.0600043574523562,-0.1));
#18766=CARTESIAN_POINT('',(25.55,0.439995642547644,-0.1));
#18767=CARTESIAN_POINT('Origin',(25.55,0.439995642547644,-0.1));
#18768=CARTESIAN_POINT('',(25.65,0.439995642547644,-0.1));
#18769=CARTESIAN_POINT('Origin',(25.65,0.439995642547644,-0.1));
#18770=CARTESIAN_POINT('Origin',(26.05,-0.0600043574523562,-0.1));
#18771=CARTESIAN_POINT('',(26.05,0.939995642547644,-0.3));
#18772=CARTESIAN_POINT('',(26.05,-0.0600043574523562,-0.3));
#18773=CARTESIAN_POINT('',(26.05,0.939995642547644,-0.1));
#18774=CARTESIAN_POINT('Origin',(26.05,0.939995642547644,-0.1));
#18775=CARTESIAN_POINT('',(26.15,0.939995642547644,-0.3));
#18776=CARTESIAN_POINT('',(26.05,0.939995642547644,-0.3));
#18777=CARTESIAN_POINT('',(26.15,0.939995642547644,-0.1));
#18778=CARTESIAN_POINT('Origin',(26.15,0.939995642547644,-0.1));
#18779=CARTESIAN_POINT('',(26.15,0.476247821273822,-0.1));
#18780=CARTESIAN_POINT('',(26.15,0.939995642547644,-0.3));
#18781=CARTESIAN_POINT('Origin',(26.1,0.439995642547644,-0.3));
#18782=CARTESIAN_POINT('Origin',(0.,0.0125,-0.1));
#18783=CARTESIAN_POINT('',(27.05,-0.0237521787261781,-0.1));
#18784=CARTESIAN_POINT('',(26.55,0.439995642547644,-0.1));
#18785=CARTESIAN_POINT('',(26.55,-0.0237521787261781,-0.1));
#18786=CARTESIAN_POINT('',(26.65,0.439995642547644,-0.1));
#18787=CARTESIAN_POINT('',(13.275,0.439995642547644,-0.1));
#18788=CARTESIAN_POINT('',(26.65,0.226247821273822,-0.1));
#18789=CARTESIAN_POINT('Origin',(26.6,0.189995642547644,-0.3));
#18790=CARTESIAN_POINT('',(26.65,0.439995642547644,-0.3));
#18791=CARTESIAN_POINT('',(26.65,-0.0600043574523562,-0.3));
#18792=CARTESIAN_POINT('',(26.55,0.439995642547644,-0.3));
#18793=CARTESIAN_POINT('',(26.65,0.439995642547644,-0.3));
#18794=CARTESIAN_POINT('',(26.55,0.439995642547644,-0.3));
#18795=CARTESIAN_POINT('Origin',(26.55,-0.0600043574523562,-0.1));
#18796=CARTESIAN_POINT('',(26.55,0.439995642547644,-0.1));
#18797=CARTESIAN_POINT('Origin',(26.55,0.439995642547644,-0.1));
#18798=CARTESIAN_POINT('',(26.65,0.439995642547644,-0.1));
#18799=CARTESIAN_POINT('Origin',(26.65,0.439995642547644,-0.1));
#18800=CARTESIAN_POINT('Origin',(27.05,-0.0600043574523562,-0.1));
#18801=CARTESIAN_POINT('',(27.05,0.939995642547644,-0.3));
#18802=CARTESIAN_POINT('',(27.05,-0.0600043574523562,-0.3));
#18803=CARTESIAN_POINT('',(27.05,0.939995642547644,-0.1));
#18804=CARTESIAN_POINT('Origin',(27.05,0.939995642547644,-0.1));
#18805=CARTESIAN_POINT('',(27.15,0.939995642547644,-0.3));
#18806=CARTESIAN_POINT('',(27.05,0.939995642547644,-0.3));
#18807=CARTESIAN_POINT('',(27.15,0.939995642547644,-0.1));
#18808=CARTESIAN_POINT('Origin',(27.15,0.939995642547644,-0.1));
#18809=CARTESIAN_POINT('',(27.15,0.476247821273822,-0.1));
#18810=CARTESIAN_POINT('',(27.15,0.939995642547644,-0.3));
#18811=CARTESIAN_POINT('Origin',(27.1,0.439995642547644,-0.3));
#18812=CARTESIAN_POINT('Origin',(0.,0.0125,-0.1));
#18813=CARTESIAN_POINT('',(28.05,-0.0237521787261781,-0.1));
#18814=CARTESIAN_POINT('',(27.55,0.439995642547644,-0.1));
#18815=CARTESIAN_POINT('',(27.55,-0.0237521787261781,-0.1));
#18816=CARTESIAN_POINT('',(27.65,0.439995642547644,-0.1));
#18817=CARTESIAN_POINT('',(13.775,0.439995642547644,-0.1));
#18818=CARTESIAN_POINT('',(27.65,0.226247821273822,-0.1));
#18819=CARTESIAN_POINT('Origin',(27.55,0.439995642547644,-0.1));
#18820=CARTESIAN_POINT('',(27.55,0.439995642547644,-0.3));
#18821=CARTESIAN_POINT('',(27.55,0.439995642547644,-0.1));
#18822=CARTESIAN_POINT('',(27.65,0.439995642547644,-0.3));
#18823=CARTESIAN_POINT('',(27.65,0.439995642547644,-0.3));
#18824=CARTESIAN_POINT('',(27.65,0.439995642547644,-0.1));
#18825=CARTESIAN_POINT('Origin',(27.55,-0.0600043574523562,-0.1));
#18826=CARTESIAN_POINT('',(27.55,0.439995642547644,-0.3));
#18827=CARTESIAN_POINT('Origin',(27.65,0.439995642547644,-0.1));
#18828=CARTESIAN_POINT('',(27.65,-0.0600043574523562,-0.3));
#18829=CARTESIAN_POINT('Origin',(27.6,0.189995642547644,-0.3));
#18830=CARTESIAN_POINT('Origin',(28.05,0.939995642547644,-0.1));
#18831=CARTESIAN_POINT('',(28.05,0.939995642547644,-0.3));
#18832=CARTESIAN_POINT('',(28.05,0.939995642547644,-0.1));
#18833=CARTESIAN_POINT('',(28.15,0.939995642547644,-0.3));
#18834=CARTESIAN_POINT('',(28.05,0.939995642547644,-0.3));
#18835=CARTESIAN_POINT('',(28.15,0.939995642547644,-0.1));
#18836=CARTESIAN_POINT('Origin',(28.15,0.939995642547644,-0.1));
#18837=CARTESIAN_POINT('',(28.15,0.476247821273822,-0.1));
#18838=CARTESIAN_POINT('',(28.15,0.939995642547644,-0.3));
#18839=CARTESIAN_POINT('Origin',(28.05,-0.0600043574523562,-0.1));
#18840=CARTESIAN_POINT('',(28.05,-0.0600043574523562,-0.3));
#18841=CARTESIAN_POINT('Origin',(28.1,0.439995642547644,-0.3));
#18842=CARTESIAN_POINT('Origin',(0.,0.0125,-0.1));
#18843=CARTESIAN_POINT('',(29.05,-0.0237521787261781,-0.1));
#18844=CARTESIAN_POINT('',(28.55,0.439995642547644,-0.1));
#18845=CARTESIAN_POINT('',(28.55,-0.0237521787261781,-0.1));
#18846=CARTESIAN_POINT('',(28.65,0.439995642547644,-0.1));
#18847=CARTESIAN_POINT('',(14.275,0.439995642547644,-0.1));
#18848=CARTESIAN_POINT('',(28.65,0.226247821273822,-0.1));
#18849=CARTESIAN_POINT('Origin',(28.6,0.189995642547644,-0.3));
#18850=CARTESIAN_POINT('',(28.65,0.439995642547644,-0.3));
#18851=CARTESIAN_POINT('',(28.65,-0.0600043574523562,-0.3));
#18852=CARTESIAN_POINT('',(28.55,0.439995642547644,-0.3));
#18853=CARTESIAN_POINT('',(28.65,0.439995642547644,-0.3));
#18854=CARTESIAN_POINT('',(28.55,0.439995642547644,-0.3));
#18855=CARTESIAN_POINT('Origin',(28.55,-0.0600043574523562,-0.1));
#18856=CARTESIAN_POINT('',(28.55,0.439995642547644,-0.1));
#18857=CARTESIAN_POINT('Origin',(28.55,0.439995642547644,-0.1));
#18858=CARTESIAN_POINT('',(28.65,0.439995642547644,-0.1));
#18859=CARTESIAN_POINT('Origin',(28.65,0.439995642547644,-0.1));
#18860=CARTESIAN_POINT('Origin',(29.05,-0.0600043574523562,-0.1));
#18861=CARTESIAN_POINT('',(29.05,0.939995642547644,-0.3));
#18862=CARTESIAN_POINT('',(29.05,-0.0600043574523562,-0.3));
#18863=CARTESIAN_POINT('',(29.05,0.939995642547644,-0.1));
#18864=CARTESIAN_POINT('Origin',(29.05,0.939995642547644,-0.1));
#18865=CARTESIAN_POINT('',(29.15,0.939995642547644,-0.3));
#18866=CARTESIAN_POINT('',(29.05,0.939995642547644,-0.3));
#18867=CARTESIAN_POINT('',(29.15,0.939995642547644,-0.1));
#18868=CARTESIAN_POINT('Origin',(29.15,0.939995642547644,-0.1));
#18869=CARTESIAN_POINT('',(29.15,0.476247821273822,-0.1));
#18870=CARTESIAN_POINT('',(29.15,0.939995642547644,-0.3));
#18871=CARTESIAN_POINT('Origin',(29.1,0.439995642547644,-0.3));
#18872=CARTESIAN_POINT('Origin',(0.,0.0125,-0.1));
#18873=CARTESIAN_POINT('',(30.05,-0.0237521787261781,-0.1));
#18874=CARTESIAN_POINT('',(29.55,0.439995642547644,-0.1));
#18875=CARTESIAN_POINT('',(29.55,-0.0237521787261781,-0.1));
#18876=CARTESIAN_POINT('',(29.65,0.439995642547644,-0.1));
#18877=CARTESIAN_POINT('',(14.775,0.439995642547644,-0.1));
#18878=CARTESIAN_POINT('',(29.65,0.226247821273822,-0.1));
#18879=CARTESIAN_POINT('Origin',(29.6,0.189995642547644,-0.3));
#18880=CARTESIAN_POINT('',(29.65,0.439995642547644,-0.3));
#18881=CARTESIAN_POINT('',(29.65,-0.0600043574523562,-0.3));
#18882=CARTESIAN_POINT('',(29.55,0.439995642547644,-0.3));
#18883=CARTESIAN_POINT('',(29.65,0.439995642547644,-0.3));
#18884=CARTESIAN_POINT('',(29.55,0.439995642547644,-0.3));
#18885=CARTESIAN_POINT('Origin',(29.55,-0.0600043574523562,-0.1));
#18886=CARTESIAN_POINT('',(29.55,0.439995642547644,-0.1));
#18887=CARTESIAN_POINT('Origin',(29.55,0.439995642547644,-0.1));
#18888=CARTESIAN_POINT('',(29.65,0.439995642547644,-0.1));
#18889=CARTESIAN_POINT('Origin',(29.65,0.439995642547644,-0.1));
#18890=CARTESIAN_POINT('Origin',(30.05,-0.0600043574523562,-0.1));
#18891=CARTESIAN_POINT('',(30.05,0.939995642547644,-0.3));
#18892=CARTESIAN_POINT('',(30.05,-0.0600043574523562,-0.3));
#18893=CARTESIAN_POINT('',(30.05,0.939995642547644,-0.1));
#18894=CARTESIAN_POINT('Origin',(30.05,0.939995642547644,-0.1));
#18895=CARTESIAN_POINT('',(30.15,0.939995642547644,-0.3));
#18896=CARTESIAN_POINT('',(30.05,0.939995642547644,-0.3));
#18897=CARTESIAN_POINT('',(30.15,0.939995642547644,-0.1));
#18898=CARTESIAN_POINT('Origin',(30.15,0.939995642547644,-0.1));
#18899=CARTESIAN_POINT('',(30.15,0.476247821273822,-0.1));
#18900=CARTESIAN_POINT('',(30.15,0.939995642547644,-0.3));
#18901=CARTESIAN_POINT('Origin',(30.1,0.439995642547644,-0.3));
#18902=CARTESIAN_POINT('Origin',(0.,0.0125,-0.1));
#18903=CARTESIAN_POINT('',(31.05,-0.0237521787261781,-0.1));
#18904=CARTESIAN_POINT('',(30.55,0.439995642547644,-0.1));
#18905=CARTESIAN_POINT('',(30.55,-0.0237521787261781,-0.1));
#18906=CARTESIAN_POINT('',(30.65,0.439995642547644,-0.1));
#18907=CARTESIAN_POINT('',(15.275,0.439995642547644,-0.1));
#18908=CARTESIAN_POINT('',(30.65,0.226247821273822,-0.1));
#18909=CARTESIAN_POINT('Origin',(30.55,0.439995642547644,-0.1));
#18910=CARTESIAN_POINT('',(30.55,0.439995642547644,-0.3));
#18911=CARTESIAN_POINT('',(30.55,0.439995642547644,-0.1));
#18912=CARTESIAN_POINT('',(30.65,0.439995642547644,-0.3));
#18913=CARTESIAN_POINT('',(30.65,0.439995642547644,-0.3));
#18914=CARTESIAN_POINT('',(30.65,0.439995642547644,-0.1));
#18915=CARTESIAN_POINT('Origin',(30.55,-0.0600043574523562,-0.1));
#18916=CARTESIAN_POINT('',(30.55,0.439995642547644,-0.3));
#18917=CARTESIAN_POINT('Origin',(30.65,0.439995642547644,-0.1));
#18918=CARTESIAN_POINT('',(30.65,-0.0600043574523562,-0.3));
#18919=CARTESIAN_POINT('Origin',(30.6,0.189995642547644,-0.3));
#18920=CARTESIAN_POINT('Origin',(31.05,0.939995642547644,-0.1));
#18921=CARTESIAN_POINT('',(31.05,0.939995642547644,-0.3));
#18922=CARTESIAN_POINT('',(31.05,0.939995642547644,-0.1));
#18923=CARTESIAN_POINT('',(31.15,0.939995642547644,-0.3));
#18924=CARTESIAN_POINT('',(31.05,0.939995642547644,-0.3));
#18925=CARTESIAN_POINT('',(31.15,0.939995642547644,-0.1));
#18926=CARTESIAN_POINT('Origin',(31.15,0.939995642547644,-0.1));
#18927=CARTESIAN_POINT('',(31.15,0.476247821273822,-0.1));
#18928=CARTESIAN_POINT('',(31.15,0.939995642547644,-0.3));
#18929=CARTESIAN_POINT('Origin',(31.05,-0.0600043574523561,-0.1));
#18930=CARTESIAN_POINT('',(31.05,-0.0600043574523561,-0.3));
#18931=CARTESIAN_POINT('Origin',(31.1,0.439995642547644,-0.3));
#18932=CARTESIAN_POINT('Origin',(0.,0.0125,-0.1));
#18933=CARTESIAN_POINT('',(32.05,-0.0237521787261781,-0.1));
#18934=CARTESIAN_POINT('',(31.55,0.439995642547644,-0.1));
#18935=CARTESIAN_POINT('',(31.55,-0.0237521787261781,-0.1));
#18936=CARTESIAN_POINT('',(31.65,0.439995642547644,-0.1));
#18937=CARTESIAN_POINT('',(15.775,0.439995642547644,-0.1));
#18938=CARTESIAN_POINT('',(31.65,0.226247821273822,-0.1));
#18939=CARTESIAN_POINT('Origin',(31.6,0.189995642547644,-0.3));
#18940=CARTESIAN_POINT('',(31.65,0.439995642547644,-0.3));
#18941=CARTESIAN_POINT('',(31.65,-0.0600043574523562,-0.3));
#18942=CARTESIAN_POINT('',(31.55,0.439995642547644,-0.3));
#18943=CARTESIAN_POINT('',(31.65,0.439995642547644,-0.3));
#18944=CARTESIAN_POINT('',(31.55,0.439995642547644,-0.3));
#18945=CARTESIAN_POINT('Origin',(31.55,-0.0600043574523562,-0.1));
#18946=CARTESIAN_POINT('',(31.55,0.439995642547644,-0.1));
#18947=CARTESIAN_POINT('Origin',(31.55,0.439995642547644,-0.1));
#18948=CARTESIAN_POINT('',(31.65,0.439995642547644,-0.1));
#18949=CARTESIAN_POINT('Origin',(31.65,0.439995642547644,-0.1));
#18950=CARTESIAN_POINT('Origin',(32.05,-0.0600043574523561,-0.1));
#18951=CARTESIAN_POINT('',(32.05,0.939995642547644,-0.3));
#18952=CARTESIAN_POINT('',(32.05,-0.0600043574523561,-0.3));
#18953=CARTESIAN_POINT('',(32.05,0.939995642547644,-0.1));
#18954=CARTESIAN_POINT('Origin',(32.05,0.939995642547644,-0.1));
#18955=CARTESIAN_POINT('',(32.15,0.939995642547644,-0.3));
#18956=CARTESIAN_POINT('',(32.05,0.939995642547644,-0.3));
#18957=CARTESIAN_POINT('',(32.15,0.939995642547644,-0.1));
#18958=CARTESIAN_POINT('Origin',(32.15,0.939995642547644,-0.1));
#18959=CARTESIAN_POINT('',(32.15,0.476247821273822,-0.1));
#18960=CARTESIAN_POINT('',(32.15,0.939995642547644,-0.3));
#18961=CARTESIAN_POINT('Origin',(32.1,0.439995642547644,-0.3));
#18962=CARTESIAN_POINT('Origin',(0.,0.0125,-0.1));
#18963=CARTESIAN_POINT('',(33.05,-0.0237521787261781,-0.1));
#18964=CARTESIAN_POINT('',(32.55,0.439995642547644,-0.1));
#18965=CARTESIAN_POINT('',(32.55,-0.0237521787261781,-0.1));
#18966=CARTESIAN_POINT('',(32.65,0.439995642547644,-0.1));
#18967=CARTESIAN_POINT('',(16.275,0.439995642547644,-0.1));
#18968=CARTESIAN_POINT('',(32.65,0.226247821273822,-0.1));
#18969=CARTESIAN_POINT('Origin',(32.6,0.189995642547644,-0.3));
#18970=CARTESIAN_POINT('',(32.65,0.439995642547644,-0.3));
#18971=CARTESIAN_POINT('',(32.65,-0.0600043574523562,-0.3));
#18972=CARTESIAN_POINT('',(32.55,0.439995642547644,-0.3));
#18973=CARTESIAN_POINT('',(32.65,0.439995642547644,-0.3));
#18974=CARTESIAN_POINT('',(32.55,0.439995642547644,-0.3));
#18975=CARTESIAN_POINT('Origin',(32.55,-0.0600043574523562,-0.1));
#18976=CARTESIAN_POINT('',(32.55,0.439995642547644,-0.1));
#18977=CARTESIAN_POINT('Origin',(32.55,0.439995642547644,-0.1));
#18978=CARTESIAN_POINT('',(32.65,0.439995642547644,-0.1));
#18979=CARTESIAN_POINT('Origin',(32.65,0.439995642547644,-0.1));
#18980=CARTESIAN_POINT('Origin',(33.05,-0.0600043574523561,-0.1));
#18981=CARTESIAN_POINT('',(33.05,0.939995642547644,-0.3));
#18982=CARTESIAN_POINT('',(33.05,-0.0600043574523561,-0.3));
#18983=CARTESIAN_POINT('',(33.05,0.939995642547644,-0.1));
#18984=CARTESIAN_POINT('Origin',(33.05,0.939995642547644,-0.1));
#18985=CARTESIAN_POINT('',(33.15,0.939995642547644,-0.3));
#18986=CARTESIAN_POINT('',(33.05,0.939995642547644,-0.3));
#18987=CARTESIAN_POINT('',(33.15,0.939995642547644,-0.1));
#18988=CARTESIAN_POINT('Origin',(33.15,0.939995642547644,-0.1));
#18989=CARTESIAN_POINT('',(33.15,0.476247821273822,-0.1));
#18990=CARTESIAN_POINT('',(33.15,0.939995642547644,-0.3));
#18991=CARTESIAN_POINT('Origin',(33.1,0.439995642547644,-0.3));
#18992=CARTESIAN_POINT('Origin',(0.,0.0125,-0.1));
#18993=CARTESIAN_POINT('',(34.05,-0.0237521787261781,-0.1));
#18994=CARTESIAN_POINT('',(33.55,0.439995642547644,-0.1));
#18995=CARTESIAN_POINT('',(33.55,-0.0237521787261781,-0.1));
#18996=CARTESIAN_POINT('',(33.65,0.439995642547644,-0.1));
#18997=CARTESIAN_POINT('',(16.775,0.439995642547644,-0.1));
#18998=CARTESIAN_POINT('',(33.65,0.226247821273822,-0.1));
#18999=CARTESIAN_POINT('Origin',(33.55,0.439995642547644,-0.1));
#19000=CARTESIAN_POINT('',(33.55,0.439995642547644,-0.3));
#19001=CARTESIAN_POINT('',(33.55,0.439995642547644,-0.1));
#19002=CARTESIAN_POINT('',(33.65,0.439995642547644,-0.3));
#19003=CARTESIAN_POINT('',(33.65,0.439995642547644,-0.3));
#19004=CARTESIAN_POINT('',(33.65,0.439995642547644,-0.1));
#19005=CARTESIAN_POINT('Origin',(33.55,-0.0600043574523561,-0.1));
#19006=CARTESIAN_POINT('',(33.55,0.439995642547644,-0.3));
#19007=CARTESIAN_POINT('Origin',(33.65,0.439995642547644,-0.1));
#19008=CARTESIAN_POINT('',(33.65,-0.0600043574523561,-0.3));
#19009=CARTESIAN_POINT('Origin',(33.6,0.189995642547644,-0.3));
#19010=CARTESIAN_POINT('Origin',(34.05,0.939995642547644,-0.1));
#19011=CARTESIAN_POINT('',(34.05,0.939995642547644,-0.3));
#19012=CARTESIAN_POINT('',(34.05,0.939995642547644,-0.1));
#19013=CARTESIAN_POINT('',(34.15,0.939995642547644,-0.3));
#19014=CARTESIAN_POINT('',(34.05,0.939995642547644,-0.3));
#19015=CARTESIAN_POINT('',(34.15,0.939995642547644,-0.1));
#19016=CARTESIAN_POINT('Origin',(34.15,0.939995642547644,-0.1));
#19017=CARTESIAN_POINT('',(34.15,0.476247821273822,-0.1));
#19018=CARTESIAN_POINT('',(34.15,0.939995642547644,-0.3));
#19019=CARTESIAN_POINT('Origin',(34.05,-0.0600043574523561,-0.1));
#19020=CARTESIAN_POINT('',(34.05,-0.0600043574523561,-0.3));
#19021=CARTESIAN_POINT('Origin',(34.1,0.439995642547644,-0.3));
#19022=CARTESIAN_POINT('Origin',(0.,0.0125,-0.1));
#19023=CARTESIAN_POINT('',(35.05,-0.023752178726178,-0.1));
#19024=CARTESIAN_POINT('',(34.55,0.439995642547644,-0.1));
#19025=CARTESIAN_POINT('',(34.55,-0.0237521787261781,-0.1));
#19026=CARTESIAN_POINT('',(34.65,0.439995642547644,-0.1));
#19027=CARTESIAN_POINT('',(17.275,0.439995642547644,-0.1));
#19028=CARTESIAN_POINT('',(34.65,0.226247821273822,-0.1));
#19029=CARTESIAN_POINT('Origin',(34.6,0.189995642547644,-0.3));
#19030=CARTESIAN_POINT('',(34.65,0.439995642547644,-0.3));
#19031=CARTESIAN_POINT('',(34.65,-0.0600043574523561,-0.3));
#19032=CARTESIAN_POINT('',(34.55,0.439995642547644,-0.3));
#19033=CARTESIAN_POINT('',(34.65,0.439995642547644,-0.3));
#19034=CARTESIAN_POINT('',(34.55,0.439995642547644,-0.3));
#19035=CARTESIAN_POINT('Origin',(34.55,-0.0600043574523561,-0.1));
#19036=CARTESIAN_POINT('',(34.55,0.439995642547644,-0.1));
#19037=CARTESIAN_POINT('Origin',(34.55,0.439995642547644,-0.1));
#19038=CARTESIAN_POINT('',(34.65,0.439995642547644,-0.1));
#19039=CARTESIAN_POINT('Origin',(34.65,0.439995642547644,-0.1));
#19040=CARTESIAN_POINT('Origin',(35.05,-0.0600043574523561,-0.1));
#19041=CARTESIAN_POINT('',(35.05,0.939995642547644,-0.3));
#19042=CARTESIAN_POINT('',(35.05,-0.0600043574523561,-0.3));
#19043=CARTESIAN_POINT('',(35.05,0.939995642547644,-0.1));
#19044=CARTESIAN_POINT('Origin',(35.05,0.939995642547644,-0.1));
#19045=CARTESIAN_POINT('',(35.15,0.939995642547644,-0.3));
#19046=CARTESIAN_POINT('',(35.05,0.939995642547644,-0.3));
#19047=CARTESIAN_POINT('',(35.15,0.939995642547644,-0.1));
#19048=CARTESIAN_POINT('Origin',(35.15,0.939995642547644,-0.1));
#19049=CARTESIAN_POINT('',(35.15,0.476247821273822,-0.1));
#19050=CARTESIAN_POINT('',(35.15,0.939995642547644,-0.3));
#19051=CARTESIAN_POINT('Origin',(35.1,0.439995642547644,-0.3));
#19052=CARTESIAN_POINT('Origin',(0.,0.0125,-0.1));
#19053=CARTESIAN_POINT('',(36.05,-0.023752178726178,-0.1));
#19054=CARTESIAN_POINT('',(35.55,0.439995642547644,-0.1));
#19055=CARTESIAN_POINT('',(35.55,-0.0237521787261781,-0.1));
#19056=CARTESIAN_POINT('',(35.65,0.439995642547644,-0.1));
#19057=CARTESIAN_POINT('',(17.775,0.439995642547644,-0.1));
#19058=CARTESIAN_POINT('',(35.65,0.226247821273822,-0.1));
#19059=CARTESIAN_POINT('Origin',(35.6,0.189995642547644,-0.3));
#19060=CARTESIAN_POINT('',(35.65,0.439995642547644,-0.3));
#19061=CARTESIAN_POINT('',(35.65,-0.0600043574523561,-0.3));
#19062=CARTESIAN_POINT('',(35.55,0.439995642547644,-0.3));
#19063=CARTESIAN_POINT('',(35.65,0.439995642547644,-0.3));
#19064=CARTESIAN_POINT('',(35.55,0.439995642547644,-0.3));
#19065=CARTESIAN_POINT('Origin',(35.55,-0.0600043574523561,-0.1));
#19066=CARTESIAN_POINT('',(35.55,0.439995642547644,-0.1));
#19067=CARTESIAN_POINT('Origin',(35.55,0.439995642547644,-0.1));
#19068=CARTESIAN_POINT('',(35.65,0.439995642547644,-0.1));
#19069=CARTESIAN_POINT('Origin',(35.65,0.439995642547644,-0.1));
#19070=CARTESIAN_POINT('Origin',(36.05,-0.0600043574523561,-0.1));
#19071=CARTESIAN_POINT('',(36.05,0.939995642547644,-0.3));
#19072=CARTESIAN_POINT('',(36.05,-0.0600043574523561,-0.3));
#19073=CARTESIAN_POINT('',(36.05,0.939995642547644,-0.1));
#19074=CARTESIAN_POINT('Origin',(36.05,0.939995642547644,-0.1));
#19075=CARTESIAN_POINT('',(36.15,0.939995642547644,-0.3));
#19076=CARTESIAN_POINT('',(36.05,0.939995642547644,-0.3));
#19077=CARTESIAN_POINT('',(36.15,0.939995642547644,-0.1));
#19078=CARTESIAN_POINT('Origin',(36.15,0.939995642547644,-0.1));
#19079=CARTESIAN_POINT('',(36.15,0.476247821273822,-0.1));
#19080=CARTESIAN_POINT('',(36.15,0.939995642547644,-0.3));
#19081=CARTESIAN_POINT('Origin',(36.1,0.439995642547644,-0.3));
#19082=CARTESIAN_POINT('Origin',(0.,0.0125,-0.1));
#19083=CARTESIAN_POINT('',(37.05,0.7125,-0.1));
#19084=CARTESIAN_POINT('',(37.05,-0.023752178726178,-0.1));
#19085=CARTESIAN_POINT('',(9.525,0.7125,-0.1));
#19086=CARTESIAN_POINT('',(36.55,0.439995642547644,-0.1));
#19087=CARTESIAN_POINT('',(36.55,-0.023752178726178,-0.1));
#19088=CARTESIAN_POINT('',(36.65,0.439995642547644,-0.1));
#19089=CARTESIAN_POINT('',(18.275,0.439995642547644,-0.1));
#19090=CARTESIAN_POINT('',(36.65,0.226247821273822,-0.1));
#19091=CARTESIAN_POINT('Origin',(36.55,0.439995642547644,-0.1));
#19092=CARTESIAN_POINT('',(36.55,0.439995642547644,-0.3));
#19093=CARTESIAN_POINT('',(36.55,0.439995642547644,-0.1));
#19094=CARTESIAN_POINT('',(36.65,0.439995642547644,-0.3));
#19095=CARTESIAN_POINT('',(36.65,0.439995642547644,-0.3));
#19096=CARTESIAN_POINT('',(36.65,0.439995642547644,-0.1));
#19097=CARTESIAN_POINT('Origin',(36.55,-0.0600043574523561,-0.1));
#19098=CARTESIAN_POINT('',(36.55,0.439995642547644,-0.3));
#19099=CARTESIAN_POINT('Origin',(36.65,0.439995642547644,-0.1));
#19100=CARTESIAN_POINT('',(36.65,-0.0600043574523561,-0.3));
#19101=CARTESIAN_POINT('Origin',(36.6,0.189995642547644,-0.3));
#19102=CARTESIAN_POINT('Origin',(37.05,0.939995642547644,-0.1));
#19103=CARTESIAN_POINT('',(37.05,0.939995642547644,-0.134503568293066));
#19104=CARTESIAN_POINT('',(37.1,0.939995642547644,-0.222726416249438));
#19105=CARTESIAN_POINT('Ctrl Pts',(37.05,0.939995642547644,-0.134503568293066));
#19106=CARTESIAN_POINT('Ctrl Pts',(37.0575684672775,0.939995642547644,-0.138949100452567));
#19107=CARTESIAN_POINT('Ctrl Pts',(37.0647459900299,0.939995642547644,-0.144646689490145));
#19108=CARTESIAN_POINT('Ctrl Pts',(37.0792619544652,0.939995642547644,-0.159315390261509));
#19109=CARTESIAN_POINT('Ctrl Pts',(37.0875304392213,0.939995642547644,-0.171858935599156));
#19110=CARTESIAN_POINT('Ctrl Pts',(37.0970793140503,0.939995642547644,-0.195157764602216));
#19111=CARTESIAN_POINT('Ctrl Pts',(37.1,0.939995642547644,-0.210066394577801));
#19112=CARTESIAN_POINT('Ctrl Pts',(37.1,0.939995642547644,-0.222726416249439));
#19113=CARTESIAN_POINT('',(37.05,0.939995642547644,-0.3));
#19114=CARTESIAN_POINT('',(37.05,0.939995642547644,-0.1));
#19115=CARTESIAN_POINT('',(37.15,0.939995642547644,-0.3));
#19116=CARTESIAN_POINT('',(37.05,0.939995642547644,-0.3));
#19117=CARTESIAN_POINT('',(37.15,0.939995642547644,-0.246338374400965));
#19118=CARTESIAN_POINT('',(37.15,0.939995642547644,-0.1));
#19119=CARTESIAN_POINT('',(37.1,0.939995642547644,-0.246338374400965));
#19120=CARTESIAN_POINT('',(9.525,0.939995642547644,-0.246338374400965));
#19121=CARTESIAN_POINT('',(37.1,0.939995642547644,-0.700000009313226));
#19122=CARTESIAN_POINT('Origin',(37.15,0.939995642547644,-0.1));
#19123=CARTESIAN_POINT('',(37.15,0.7125,-0.1));
#19124=CARTESIAN_POINT('',(37.15,0.476247821273822,-0.1));
#19125=CARTESIAN_POINT('Origin',(37.15,0.7125,-0.35));
#19126=CARTESIAN_POINT('',(37.15,0.939995642547644,-0.3));
#19127=CARTESIAN_POINT('Origin',(37.05,-0.0600043574523561,-0.1));
#19128=CARTESIAN_POINT('',(37.05,-0.0600043574523561,-0.3));
#19129=CARTESIAN_POINT('',(37.0499999999899,0.802227816252088,-0.116657078550406));
#19130=CARTESIAN_POINT('Origin',(37.05,0.712499999999999,-1.35));
#19131=CARTESIAN_POINT('Origin',(37.05,0.7125,-0.35));
#19132=CARTESIAN_POINT('Origin',(37.1,0.439995642547644,-0.3));
#19133=CARTESIAN_POINT('Origin',(37.1,0.7375,-1.30000001862645));
#19134=CARTESIAN_POINT('',(37.1,0.0954914579249153,-2.40000000000001));
#19135=CARTESIAN_POINT('',(37.1,0.375000224437986,-2.3999998745352));
#19136=CARTESIAN_POINT('',(37.1,0.676869176962472,-2.04068883707497));
#19137=CARTESIAN_POINT('Origin',(37.1,0.0954915028125267,-1.75));
#19138=CARTESIAN_POINT('',(37.1,1.29387767414995,-0.806671842700026));
#19139=CARTESIAN_POINT('',(37.1,0.831070022955929,-1.73228714508806));
#19140=CARTESIAN_POINT('',(37.1,1.3625,-0.515983005625053));
#19141=CARTESIAN_POINT('Origin',(37.1,0.712499999999999,-0.515983005625052));
#19142=CARTESIAN_POINT('',(37.1,1.3625,-0.483974596215561));
#19143=CARTESIAN_POINT('',(37.1,1.3625,-0.907991512125752));
#19144=CARTESIAN_POINT('',(37.1,1.2875,-0.354070785647896));
#19145=CARTESIAN_POINT('Origin',(37.1,1.2125,-0.483974596215562));
#19146=CARTESIAN_POINT('Origin',(37.1,0.712499999999999,-1.35));
#19147=CARTESIAN_POINT('',(37.1,0.9625,-0.35));
#19148=CARTESIAN_POINT('Origin',(37.1,0.7125,-0.35));
#19149=CARTESIAN_POINT('',(37.1,0.9625,-0.515983005625053));
#19150=CARTESIAN_POINT('',(37.1,0.9625,-1.17500000931323));
#19151=CARTESIAN_POINT('',(37.1,0.936106797749979,-0.627786404500042));
#19152=CARTESIAN_POINT('Origin',(37.1,0.7125,-0.515983005625053));
#19153=CARTESIAN_POINT('',(37.1,0.319098300562505,-1.86180339887499));
#19154=CARTESIAN_POINT('',(37.1,0.61687499627471,-1.26625000745058));
#19155=CARTESIAN_POINT('',(37.1,0.0954915028125264,-2.));
#19156=CARTESIAN_POINT('Origin',(37.1,0.0954915028125263,-1.75));
#19157=CARTESIAN_POINT('',(37.1,0.375,-2.));
#19158=CARTESIAN_POINT('Origin',(9.525,0.7125,-0.35));
#19159=CARTESIAN_POINT('',(38.,0.7125,-0.1));
#19160=CARTESIAN_POINT('',(9.525,0.7125,-0.1));
#19161=CARTESIAN_POINT('',(38.,0.9625,-0.35));
#19162=CARTESIAN_POINT('Origin',(38.,0.7125,-0.35));
#19163=CARTESIAN_POINT('',(9.525,0.9625,-0.35));
#19164=CARTESIAN_POINT('Origin',(0.,0.0125,-0.1));
#19165=CARTESIAN_POINT('',(38.,0.0125,-0.1));
#19166=CARTESIAN_POINT('Origin',(37.,0.375000224437986,-2.3999998745352));
#19167=CARTESIAN_POINT('',(37.,0.0954915028125264,-2.5));
#19168=CARTESIAN_POINT('',(37.,0.375000269325598,-2.49999987453519));
#19169=CARTESIAN_POINT('Origin',(37.,0.0954914579249153,-2.40000000000001));
#19170=CARTESIAN_POINT('Origin',(37.,0.0954915028125267,-1.75));
#19171=CARTESIAN_POINT('',(37.,0.766311896062463,-2.08541019662497));
#19172=CARTESIAN_POINT('Origin',(37.,0.676869176962472,-2.04068883707497));
#19173=CARTESIAN_POINT('Origin',(37.,0.0954915028125267,-1.75));
#19174=CARTESIAN_POINT('Origin',(37.,0.831070022955929,-1.73228714508806));
#19175=CARTESIAN_POINT('',(37.,1.38332039324994,-0.851393202250021));
#19176=CARTESIAN_POINT('Origin',(37.,1.29387767414995,-0.806671842700026));
#19177=CARTESIAN_POINT('',(37.,0.920512742055921,-1.77700850463805));
#19178=CARTESIAN_POINT('Origin',(37.,0.712499999999999,-0.515983005625052));
#19179=CARTESIAN_POINT('',(37.,1.4625,-0.515983005625054));
#19180=CARTESIAN_POINT('Origin',(37.,1.3625,-0.515983005625053));
#19181=CARTESIAN_POINT('Origin',(37.,0.712499999999999,-0.515983005625052));
#19182=CARTESIAN_POINT('Origin',(37.,1.3625,-0.907991512125752));
#19183=CARTESIAN_POINT('',(37.,1.4625,-0.483974596215561));
#19184=CARTESIAN_POINT('Origin',(37.,1.3625,-0.483974596215561));
#19185=CARTESIAN_POINT('',(37.,1.4625,-0.907991512125752));
#19186=CARTESIAN_POINT('Origin',(37.,1.2125,-0.483974596215562));
#19187=CARTESIAN_POINT('Origin',(37.,1.2875,-0.354070785647896));
#19188=CARTESIAN_POINT('Origin',(37.,1.2125,-0.483974596215562));
#19189=CARTESIAN_POINT('Origin',(37.,0.712499999999999,-1.35));
#19190=CARTESIAN_POINT('Ctrl Pts',(37.0499999999799,0.802227816252088,-0.116657078550406));
#19191=CARTESIAN_POINT('Ctrl Pts',(37.0470342832328,0.796721429533619,-0.114539696747614));
#19192=CARTESIAN_POINT('Ctrl Pts',(37.0440106943274,0.791167382766584,-0.112627789505229));
#19193=CARTESIAN_POINT('Ctrl Pts',(37.0279569554304,0.761911079258022,-0.103684833224422));
#19194=CARTESIAN_POINT('Ctrl Pts',(37.0141401787701,0.737496592037898,-0.100063526800305));
#19195=CARTESIAN_POINT('Ctrl Pts',(37.0002427316683,0.712929093021576,-0.100000276181165));
#19196=CARTESIAN_POINT('Ctrl Pts',(37.0001213658195,0.712714546484998,-0.1));
#19197=CARTESIAN_POINT('Ctrl Pts',(37.,0.712499999999998,-0.1));
#19198=CARTESIAN_POINT('Origin',(1.,1.2125,-0.483974596215562));
#19199=CARTESIAN_POINT('',(1.1,1.4625,-0.483974596215561));
#19200=CARTESIAN_POINT('',(1.,1.4625,-0.483974596215561));
#19201=CARTESIAN_POINT('Origin',(1.1,1.2125,-0.483974596215562));
#19202=CARTESIAN_POINT('Origin',(1.,1.4625,-0.515983005625054));
#19203=CARTESIAN_POINT('',(1.1,1.4625,-0.515983005625054));
#19204=CARTESIAN_POINT('',(1.,1.4625,-0.515983005625054));
#19205=CARTESIAN_POINT('',(1.1,1.4625,-0.907991512125752));
#19206=CARTESIAN_POINT('Origin',(1.,0.712499999999999,-0.515983005625052));
#19207=CARTESIAN_POINT('',(1.1,1.38332039324994,-0.851393202250021));
#19208=CARTESIAN_POINT('',(1.,1.38332039324994,-0.851393202250021));
#19209=CARTESIAN_POINT('Origin',(1.1,0.712499999999999,-0.515983005625052));
#19210=CARTESIAN_POINT('Origin',(1.,0.766311896062463,-2.08541019662497));
#19211=CARTESIAN_POINT('',(1.1,0.766311896062463,-2.08541019662497));
#19212=CARTESIAN_POINT('',(1.,0.766311896062463,-2.08541019662497));
#19213=CARTESIAN_POINT('',(1.1,0.920512742055921,-1.77700850463805));
#19214=CARTESIAN_POINT('Origin',(1.,0.0954915028125267,-1.75));
#19215=CARTESIAN_POINT('',(1.1,0.0954915028125264,-2.5));
#19216=CARTESIAN_POINT('',(1.,0.0954915028125264,-2.5));
#19217=CARTESIAN_POINT('Origin',(1.1,0.0954915028125267,-1.75));
#19218=CARTESIAN_POINT('Origin',(1.,0.0125,-2.5000000372529));
#19219=CARTESIAN_POINT('',(1.1,0.375000269325598,-2.49999987453519));
#19220=CARTESIAN_POINT('Origin',(38.,0.0125,-0.2));
#19221=CARTESIAN_POINT('',(38.1,0.7125,-0.2));
#19222=CARTESIAN_POINT('',(38.1,0.0125,-0.2));
#19223=CARTESIAN_POINT('Origin',(38.,0.7125,-0.2));
#19224=CARTESIAN_POINT('Origin',(38.,0.7125,-0.35));
#19225=CARTESIAN_POINT('',(38.1,0.8625,-0.35));
#19226=CARTESIAN_POINT('Origin',(38.,0.8625,-0.35));
#19227=CARTESIAN_POINT('Origin',(38.1,0.7125,-0.35));
#19228=CARTESIAN_POINT('Origin',(38.,0.8625,-0.575));
#19229=CARTESIAN_POINT('',(38.1,0.8625,-0.515983005625053));
#19230=CARTESIAN_POINT('',(38.,0.9625,-0.515983005625053));
#19231=CARTESIAN_POINT('Origin',(38.,0.8625,-0.515983005625053));
#19232=CARTESIAN_POINT('',(38.,0.9625,-0.575));
#19233=CARTESIAN_POINT('',(38.1,0.8625,-0.575));
#19234=CARTESIAN_POINT('Origin',(38.,0.7125,-0.515983005625053));
#19235=CARTESIAN_POINT('',(38.1,0.846664078649987,-0.583065044950046));
#19236=CARTESIAN_POINT('',(38.,0.936106797749979,-0.627786404500042));
#19237=CARTESIAN_POINT('Origin',(38.,0.846664078649987,-0.583065044950046));
#19238=CARTESIAN_POINT('Origin',(38.,0.7125,-0.515983005625053));
#19239=CARTESIAN_POINT('Origin',(38.1,0.7125,-0.515983005625053));
#19240=CARTESIAN_POINT('Origin',(38.,0.694932280900008,-0.886528640450004));
#19241=CARTESIAN_POINT('',(38.1,0.229655581462513,-1.81708203932499));
#19242=CARTESIAN_POINT('',(38.,0.319098300562505,-1.86180339887499));
#19243=CARTESIAN_POINT('Origin',(38.,0.229655581462513,-1.81708203932499));
#19244=CARTESIAN_POINT('',(38.,0.784375,-0.93125));
#19245=CARTESIAN_POINT('',(38.1,0.694932280900008,-0.886528640450004));
#19246=CARTESIAN_POINT('Origin',(38.,0.0954915028125263,-1.75));
#19247=CARTESIAN_POINT('',(38.1,0.0954915028125262,-1.9));
#19248=CARTESIAN_POINT('',(38.,0.0954915028125263,-2.));
#19249=CARTESIAN_POINT('Origin',(38.,0.0954915028125262,-1.9));
#19250=CARTESIAN_POINT('Origin',(38.,0.0954915028125263,-1.75));
#19251=CARTESIAN_POINT('Origin',(38.1,0.0954915028125263,-1.75));
#19252=CARTESIAN_POINT('Origin',(38.,0.0125,-1.9));
#19253=CARTESIAN_POINT('',(38.,0.0125,-2.));
#19254=CARTESIAN_POINT('',(38.1,0.0125,-1.9));
#19255=CARTESIAN_POINT('Origin',(38.1,0.0125,-0.1));
#19256=CARTESIAN_POINT('Origin',(0.0999999999999996,0.7125,-0.35));
#19257=CARTESIAN_POINT('',(0.0999999999999996,0.9625,-0.35));
#19258=CARTESIAN_POINT('Origin',(0.0999999999999996,0.8625,-0.35));
#19259=CARTESIAN_POINT('Origin',(0.0999999999999996,0.7125,-0.35));
#19260=CARTESIAN_POINT('Origin',(0.0999999999999996,0.8625,-1.525));
#19261=CARTESIAN_POINT('',(0.100000000000001,0.9625,-0.515983005625053));
#19262=CARTESIAN_POINT('Origin',(0.0999999999999996,0.8625,-0.515983005625053));
#19263=CARTESIAN_POINT('',(0.0999999999999996,0.9625,-1.525));
#19264=CARTESIAN_POINT('Origin',(0.100000000000001,0.7125,-0.515983005625053));
#19265=CARTESIAN_POINT('',(0.100000000000001,0.936106797749979,-0.627786404500042));
#19266=CARTESIAN_POINT('Origin',(0.100000000000001,0.846664078649987,-0.583065044950046));
#19267=CARTESIAN_POINT('Origin',(0.100000000000001,0.7125,-0.515983005625053));
#19268=CARTESIAN_POINT('Origin',(0.0999999999999961,0.314932280900008,-1.64652864045));
#19269=CARTESIAN_POINT('',(0.0999999999999943,0.319098300562505,-1.86180339887499));
#19270=CARTESIAN_POINT('Origin',(0.0999999999999961,0.229655581462514,-1.81708203932499));
#19271=CARTESIAN_POINT('',(0.0999999999999961,0.404375,-1.69125));
#19272=CARTESIAN_POINT('Origin',(0.100000000000001,0.0954915028125263,-1.75));
#19273=CARTESIAN_POINT('Origin',(0.100000000000001,0.0954915028125263,-1.75));
#19274=CARTESIAN_POINT('Origin',(33.3375,0.0954915028125263,-1.75));
#19275=CARTESIAN_POINT('',(1.,0.319098300562505,-1.86180339887499));
#19276=CARTESIAN_POINT('',(33.3375,0.319098300562505,-1.86180339887499));
#19277=CARTESIAN_POINT('Origin',(1.,0.0954915028125263,-1.75));
#19278=CARTESIAN_POINT('Origin',(28.575,0.60625,-1.2875));
#19279=CARTESIAN_POINT('',(1.,0.936106797749979,-0.627786404500042));
#19280=CARTESIAN_POINT('',(23.8125,0.936106797749979,-0.627786404500042));
#19281=CARTESIAN_POINT('',(1.,0.61687499627471,-1.26625000745058));
#19282=CARTESIAN_POINT('Origin',(23.8125,0.7125,-0.515983005625053));
#19283=CARTESIAN_POINT('',(1.,0.9625,-0.515983005625053));
#19284=CARTESIAN_POINT('',(23.8125,0.9625,-0.515983005625053));
#19285=CARTESIAN_POINT('Origin',(1.,0.7125,-0.515983005625053));
#19286=CARTESIAN_POINT('Origin',(19.05,0.9625,-1.05));
#19287=CARTESIAN_POINT('',(1.,0.9625,-0.35));
#19288=CARTESIAN_POINT('',(9.525,0.9625,-0.35));
#19289=CARTESIAN_POINT('',(1.,0.9625,-1.17500000931323));
#19290=CARTESIAN_POINT('Origin',(9.525,0.7125,-0.35));
#19291=CARTESIAN_POINT('Origin',(1.,0.7125,-0.35));
#19292=CARTESIAN_POINT('Origin',(1.1,0.375000224437986,-2.3999998745352));
#19293=CARTESIAN_POINT('',(1.,0.0954914579249153,-2.40000000000001));
#19294=CARTESIAN_POINT('',(1.,0.375000224437986,-2.3999998745352));
#19295=CARTESIAN_POINT('Origin',(1.1,0.0954914579249153,-2.40000000000001));
#19296=CARTESIAN_POINT('Origin',(1.1,0.0954915028125267,-1.75));
#19297=CARTESIAN_POINT('',(1.,0.676869176962472,-2.04068883707497));
#19298=CARTESIAN_POINT('Origin',(1.1,0.676869176962472,-2.04068883707497));
#19299=CARTESIAN_POINT('Origin',(1.,0.0954915028125267,-1.75));
#19300=CARTESIAN_POINT('Origin',(1.1,0.831070022955929,-1.73228714508806));
#19301=CARTESIAN_POINT('',(1.,1.29387767414995,-0.806671842700026));
#19302=CARTESIAN_POINT('Origin',(1.1,1.29387767414995,-0.806671842700026));
#19303=CARTESIAN_POINT('',(1.,0.831070022955929,-1.73228714508806));
#19304=CARTESIAN_POINT('Origin',(1.1,0.712499999999999,-0.515983005625052));
#19305=CARTESIAN_POINT('',(1.,1.3625,-0.515983005625053));
#19306=CARTESIAN_POINT('Origin',(1.1,1.3625,-0.515983005625053));
#19307=CARTESIAN_POINT('Origin',(1.,0.712499999999999,-0.515983005625052));
#19308=CARTESIAN_POINT('Origin',(1.1,1.3625,-0.907991512125752));
#19309=CARTESIAN_POINT('',(1.,1.3625,-0.483974596215561));
#19310=CARTESIAN_POINT('Origin',(1.1,1.3625,-0.483974596215561));
#19311=CARTESIAN_POINT('',(1.,1.3625,-0.907991512125752));
#19312=CARTESIAN_POINT('Origin',(1.1,1.2125,-0.483974596215562));
#19313=CARTESIAN_POINT('Origin',(1.,1.2125,-0.483974596215562));
#19314=CARTESIAN_POINT('Origin',(1.,0.7375,-1.30000001862645));
#19315=CARTESIAN_POINT('Origin',(38.1,0.0125,-2.));
#19316=CARTESIAN_POINT('',(33.3375,0.0954915028125263,-2.));
#19317=CARTESIAN_POINT('Origin',(33.3375,0.0954915028125263,-1.75));
#19318=CARTESIAN_POINT('',(33.3375,0.319098300562505,-1.86180339887499));
#19319=CARTESIAN_POINT('Origin',(28.575,0.60625,-1.2875));
#19320=CARTESIAN_POINT('',(23.8125,0.936106797749979,-0.627786404500042));
#19321=CARTESIAN_POINT('Origin',(23.8125,0.7125,-0.515983005625053));
#19322=CARTESIAN_POINT('',(23.8125,0.9625,-0.515983005625053));
#19323=CARTESIAN_POINT('Origin',(19.05,0.9625,-1.05));
#19324=CARTESIAN_POINT('Origin',(9.525,0.7125,-0.35));
#19325=CARTESIAN_POINT('Origin',(18.05,0.5125,-0.1));
#19326=UNCERTAINTY_MEASURE_WITH_UNIT(LENGTH_MEASURE(0.001),#19330,
'DISTANCE_ACCURACY_VALUE',
'Maximum model space distance between geometric entities at asserted c
onnectivities');
#19327=UNCERTAINTY_MEASURE_WITH_UNIT(LENGTH_MEASURE(0.001),#19330,
'DISTANCE_ACCURACY_VALUE',
'Maximum model space distance between geometric entities at asserted c
onnectivities');
#19328=(
GEOMETRIC_REPRESENTATION_CONTEXT(3)
GLOBAL_UNCERTAINTY_ASSIGNED_CONTEXT((#19326))
GLOBAL_UNIT_ASSIGNED_CONTEXT((#19330,#19332,#19333))
REPRESENTATION_CONTEXT('','3D')
);
#19329=(
GEOMETRIC_REPRESENTATION_CONTEXT(3)
GLOBAL_UNCERTAINTY_ASSIGNED_CONTEXT((#19327))
GLOBAL_UNIT_ASSIGNED_CONTEXT((#19330,#19332,#19333))
REPRESENTATION_CONTEXT('','3D')
);
#19330=(
LENGTH_UNIT()
NAMED_UNIT(*)
SI_UNIT(.CENTI.,.METRE.)
);
#19331=(
LENGTH_UNIT()
NAMED_UNIT(*)
SI_UNIT($,.METRE.)
);
#19332=(
NAMED_UNIT(*)
PLANE_ANGLE_UNIT()
SI_UNIT($,.RADIAN.)
);
#19333=(
NAMED_UNIT(*)
SI_UNIT($,.STERADIAN.)
SOLID_ANGLE_UNIT()
);
#19334=SHAPE_DEFINITION_REPRESENTATION(#19335,#19336);
#19335=PRODUCT_DEFINITION_SHAPE('',$,#19338);
#19336=SHAPE_REPRESENTATION('',(#11958),#19328);
#19337=PRODUCT_DEFINITION_CONTEXT('part definition',#19342,'design');
#19338=PRODUCT_DEFINITION('Rail w/Ruler','Rail w/Ruler v6',#19339,#19337);
#19339=PRODUCT_DEFINITION_FORMATION('',$,#19344);
#19340=PRODUCT_RELATED_PRODUCT_CATEGORY('Rail w/Ruler v6',
'Rail w/Ruler v6',(#19344));
#19341=APPLICATION_PROTOCOL_DEFINITION('international standard',
'automotive_design',2009,#19342);
#19342=APPLICATION_CONTEXT(
'Core Data for Automotive Mechanical Design Process');
#19343=PRODUCT_CONTEXT('part definition',#19342,'mechanical');
#19344=PRODUCT('Rail w/Ruler','Rail w/Ruler v6',$,(#19343));
#19345=PRESENTATION_STYLE_ASSIGNMENT((#19347));
#19346=PRESENTATION_STYLE_ASSIGNMENT((#19348));
#19347=SURFACE_STYLE_USAGE(.BOTH.,#19349);
#19348=SURFACE_STYLE_USAGE(.BOTH.,#19350);
#19349=SURFACE_SIDE_STYLE('',(#19351));
#19350=SURFACE_SIDE_STYLE('',(#19352));
#19351=SURFACE_STYLE_FILL_AREA(#19353);
#19352=SURFACE_STYLE_FILL_AREA(#19354);
#19353=FILL_AREA_STYLE('Steel - Satin',(#19355));
#19354=FILL_AREA_STYLE('Paint - Metallic (Green)',(#19356));
#19355=FILL_AREA_STYLE_COLOUR('Steel - Satin',#19357);
#19356=FILL_AREA_STYLE_COLOUR('Paint - Metallic (Green)',#19358);
#19357=COLOUR_RGB('Steel - Satin',0.627450980392157,0.627450980392157,0.627450980392157);
#19358=COLOUR_RGB('Paint - Metallic (Green)',0.266666666666667,0.588235294117647,
0.282352941176471);
ENDSEC;
END-ISO-10303-21;
