ISO-10303-21;
HEADER;
/* Generated by software containing ST-Developer
 * from STEP Tools, Inc. (www.steptools.com) 
 */

FILE_DESCRIPTION(
/* description */ (''),
/* implementation_level */ '2;1');

FILE_NAME(
/* name */ 'Rail_.step',
/* time_stamp */ '2024-07-01T16:06:13-07:00',
/* author */ (''),
/* organization */ (''),
/* preprocessor_version */ 'ST-DEVELOPER v20',
/* originating_system */ 'Autodesk Translation Framework v13.14.0.145',

/* authorisation */ '');

FILE_SCHEMA (('AUTOMOTIVE_DESIGN { 1 0 10303 214 3 1 1 }'));
ENDSEC;

DATA;
#10=MECHANICAL_DESIGN_GEOMETRIC_PRESENTATION_REPRESENTATION('',(#13),#2235);
#11=SHAPE_REPRESENTATION_RELATIONSHIP('SRR','None',#2242,#12);
#12=ADVANCED_BREP_SHAPE_REPRESENTATION('',(#14),#2234);
#13=STYLED_ITEM('',(#2252),#14);
#14=MANIFOLD_SOLID_BREP('Body1',#1262);
#15=CONICAL_SURFACE('',#1424,0.404999999999999,0.785398163397438);
#16=FACE_BOUND('',#428,.T.);
#17=B_SPLINE_CURVE_WITH_KNOTS('',3,(#1950,#1951,#1952,#1953,#1954,#1955,
#1956,#1957,#1958,#1959,#1960,#1961),.UNSPECIFIED.,.F.,.F.,(4,2,2,2,2,4),
(0.87567857148875,0.931099607197149,1.0311451177127,1.1299459167105,1.23285473623722,
1.23376134831227),.UNSPECIFIED.);
#18=B_SPLINE_CURVE_WITH_KNOTS('',3,(#2070,#2071,#2072,#2073,#2074,#2075,
#2076,#2077,#2078,#2079),.UNSPECIFIED.,.F.,.F.,(4,2,2,2,4),(-0.000739485433767013,
0.,0.128491539235252,0.238590738166768,0.31456984131858),.UNSPECIFIED.);
#19=TOROIDAL_SURFACE('',#1295,0.15,0.1);
#20=TOROIDAL_SURFACE('',#1301,0.15,0.1);
#21=TOROIDAL_SURFACE('',#1307,0.15,0.1);
#22=TOROIDAL_SURFACE('',#1324,1.15,0.1);
#23=TOROIDAL_SURFACE('',#1328,0.15,0.1);
#24=TOROIDAL_SURFACE('',#1334,0.65,0.1);
#25=TOROIDAL_SURFACE('',#1340,0.65,0.1);
#26=TOROIDAL_SURFACE('',#1360,1.15,0.1);
#27=TOROIDAL_SURFACE('',#1363,0.15,0.1);
#28=TOROIDAL_SURFACE('',#1368,0.65,0.1);
#29=TOROIDAL_SURFACE('',#1373,0.65,0.1);
#30=TOROIDAL_SURFACE('',#1387,0.15,0.1);
#31=TOROIDAL_SURFACE('',#1393,0.15,0.1);
#32=TOROIDAL_SURFACE('',#1399,0.15,0.1);
#33=ELLIPSE('',#1279,0.141421356237311,0.1);
#34=ELLIPSE('',#1280,0.141421356237309,0.1);
#35=ELLIPSE('',#1281,0.141421356237309,0.1);
#36=ELLIPSE('',#1283,0.141421356237311,0.1);
#37=ELLIPSE('',#1285,0.141421356237309,0.1);
#38=ELLIPSE('',#1286,0.141421356237311,0.1);
#39=ELLIPSE('',#1289,0.141421356237309,0.1);
#40=ELLIPSE('',#1292,0.141421356237307,0.1);
#41=ELLIPSE('',#1294,0.141421356237309,0.1);
#42=ELLIPSE('',#1312,0.141421356237309,0.1);
#43=ELLIPSE('',#1313,0.141421356237307,0.1);
#44=ELLIPSE('',#1345,0.141421324496957,0.1);
#45=ELLIPSE('',#1346,0.141421356237262,0.1);
#46=ELLIPSE('',#1359,0.141421324496957,0.1);
#47=ELLIPSE('',#1377,0.141421356237321,0.1);
#48=ELLIPSE('',#1384,0.141421356237311,0.1);
#49=ELLIPSE('',#1386,0.141421356237309,0.1);
#50=ELLIPSE('',#1404,0.141421356237311,0.1);
#51=LINE('',#1849,#153);
#52=LINE('',#1855,#154);
#53=LINE('',#1859,#155);
#54=LINE('',#1862,#156);
#55=LINE('',#1865,#157);
#56=LINE('',#1870,#158);
#57=LINE('',#1873,#159);
#58=LINE('',#1875,#160);
#59=LINE('',#1877,#161);
#60=LINE('',#1878,#162);
#61=LINE('',#1881,#163);
#62=LINE('',#1885,#164);
#63=LINE('',#1886,#165);
#64=LINE('',#1889,#166);
#65=LINE('',#1891,#167);
#66=LINE('',#1893,#168);
#67=LINE('',#1895,#169);
#68=LINE('',#1897,#170);
#69=LINE('',#1898,#171);
#70=LINE('',#1904,#172);
#71=LINE('',#1917,#173);
#72=LINE('',#1918,#174);
#73=LINE('',#1929,#175);
#74=LINE('',#1930,#176);
#75=LINE('',#1941,#177);
#76=LINE('',#1943,#178);
#77=LINE('',#1947,#179);
#78=LINE('',#1964,#180);
#79=LINE('',#1965,#181);
#80=LINE('',#1968,#182);
#81=LINE('',#1972,#183);
#82=LINE('',#1973,#184);
#83=LINE('',#1976,#185);
#84=LINE('',#1980,#186);
#85=LINE('',#1981,#187);
#86=LINE('',#1984,#188);
#87=LINE('',#1986,#189);
#88=LINE('',#1987,#190);
#89=LINE('',#2004,#191);
#90=LINE('',#2005,#192);
#91=LINE('',#2016,#193);
#92=LINE('',#2017,#194);
#93=LINE('',#2028,#195);
#94=LINE('',#2030,#196);
#95=LINE('',#2034,#197);
#96=LINE('',#2038,#198);
#97=LINE('',#2042,#199);
#98=LINE('',#2043,#200);
#99=LINE('',#2046,#201);
#100=LINE('',#2050,#202);
#101=LINE('',#2051,#203);
#102=LINE('',#2054,#204);
#103=LINE('',#2058,#205);
#104=LINE('',#2059,#206);
#105=LINE('',#2062,#207);
#106=LINE('',#2064,#208);
#107=LINE('',#2066,#209);
#108=LINE('',#2090,#210);
#109=LINE('',#2098,#211);
#110=LINE('',#2106,#212);
#111=LINE('',#2109,#213);
#112=LINE('',#2111,#214);
#113=LINE('',#2115,#215);
#114=LINE('',#2119,#216);
#115=LINE('',#2123,#217);
#116=LINE('',#2124,#218);
#117=LINE('',#2130,#219);
#118=LINE('',#2134,#220);
#119=LINE('',#2146,#221);
#120=LINE('',#2147,#222);
#121=LINE('',#2158,#223);
#122=LINE('',#2159,#224);
#123=LINE('',#2167,#225);
#124=LINE('',#2170,#226);
#125=LINE('',#2171,#227);
#126=LINE('',#2173,#228);
#127=LINE('',#2175,#229);
#128=LINE('',#2177,#230);
#129=LINE('',#2179,#231);
#130=LINE('',#2182,#232);
#131=LINE('',#2183,#233);
#132=LINE('',#2186,#234);
#133=LINE('',#2187,#235);
#134=LINE('',#2190,#236);
#135=LINE('',#2192,#237);
#136=LINE('',#2193,#238);
#137=LINE('',#2195,#239);
#138=LINE('',#2196,#240);
#139=LINE('',#2199,#241);
#140=LINE('',#2201,#242);
#141=LINE('',#2202,#243);
#142=LINE('',#2204,#244);
#143=LINE('',#2205,#245);
#144=LINE('',#2207,#246);
#145=LINE('',#2208,#247);
#146=LINE('',#2212,#248);
#147=LINE('',#2213,#249);
#148=LINE('',#2216,#250);
#149=LINE('',#2217,#251);
#150=LINE('',#2219,#252);
#151=LINE('',#2225,#253);
#152=LINE('',#2228,#254);
#153=VECTOR('',#1438,1.);
#154=VECTOR('',#1443,1.);
#155=VECTOR('',#1448,1.);
#156=VECTOR('',#1451,1.);
#157=VECTOR('',#1454,1.);
#158=VECTOR('',#1459,1.);
#159=VECTOR('',#1462,1.);
#160=VECTOR('',#1463,1.);
#161=VECTOR('',#1464,1.);
#162=VECTOR('',#1465,1.);
#163=VECTOR('',#1468,1.);
#164=VECTOR('',#1471,1.);
#165=VECTOR('',#1472,1.);
#166=VECTOR('',#1475,1.);
#167=VECTOR('',#1476,1.);
#168=VECTOR('',#1477,1.);
#169=VECTOR('',#1478,1.);
#170=VECTOR('',#1479,1.);
#171=VECTOR('',#1480,1.);
#172=VECTOR('',#1485,1.);
#173=VECTOR('',#1502,1.);
#174=VECTOR('',#1503,1.);
#175=VECTOR('',#1516,1.);
#176=VECTOR('',#1517,1.);
#177=VECTOR('',#1530,1.);
#178=VECTOR('',#1531,1.);
#179=VECTOR('',#1536,1.);
#180=VECTOR('',#1541,1.);
#181=VECTOR('',#1542,1.);
#182=VECTOR('',#1545,1.);
#183=VECTOR('',#1550,1.);
#184=VECTOR('',#1551,1.);
#185=VECTOR('',#1554,1.);
#186=VECTOR('',#1559,1.);
#187=VECTOR('',#1560,1.);
#188=VECTOR('',#1563,1.);
#189=VECTOR('',#1564,1.);
#190=VECTOR('',#1565,1.);
#191=VECTOR('',#1586,1.);
#192=VECTOR('',#1587,1.);
#193=VECTOR('',#1600,1.);
#194=VECTOR('',#1601,1.);
#195=VECTOR('',#1614,1.);
#196=VECTOR('',#1615,1.);
#197=VECTOR('',#1620,1.);
#198=VECTOR('',#1625,1.);
#199=VECTOR('',#1630,1.);
#200=VECTOR('',#1631,1.);
#201=VECTOR('',#1634,1.);
#202=VECTOR('',#1639,1.);
#203=VECTOR('',#1640,1.);
#204=VECTOR('',#1643,1.);
#205=VECTOR('',#1648,1.);
#206=VECTOR('',#1649,1.);
#207=VECTOR('',#1652,1.);
#208=VECTOR('',#1653,1.);
#209=VECTOR('',#1654,1.);
#210=VECTOR('',#1673,1.);
#211=VECTOR('',#1684,1.);
#212=VECTOR('',#1695,1.);
#213=VECTOR('',#1698,1.);
#214=VECTOR('',#1699,1.);
#215=VECTOR('',#1702,1.);
#216=VECTOR('',#1705,1.);
#217=VECTOR('',#1710,1.);
#218=VECTOR('',#1711,1.);
#219=VECTOR('',#1716,1.);
#220=VECTOR('',#1719,1.);
#221=VECTOR('',#1734,1.);
#222=VECTOR('',#1735,1.);
#223=VECTOR('',#1748,1.);
#224=VECTOR('',#1749,1.);
#225=VECTOR('',#1760,1.);
#226=VECTOR('',#1765,1.);
#227=VECTOR('',#1766,1.);
#228=VECTOR('',#1769,1.);
#229=VECTOR('',#1772,1.);
#230=VECTOR('',#1775,1.);
#231=VECTOR('',#1778,1.);
#232=VECTOR('',#1783,1.);
#233=VECTOR('',#1784,1.);
#234=VECTOR('',#1787,1.);
#235=VECTOR('',#1788,1.);
#236=VECTOR('',#1791,1.);
#237=VECTOR('',#1792,1.);
#238=VECTOR('',#1793,1.);
#239=VECTOR('',#1796,1.);
#240=VECTOR('',#1797,1.);
#241=VECTOR('',#1800,1.);
#242=VECTOR('',#1801,1.);
#243=VECTOR('',#1802,1.);
#244=VECTOR('',#1805,1.);
#245=VECTOR('',#1806,1.);
#246=VECTOR('',#1809,1.);
#247=VECTOR('',#1810,1.);
#248=VECTOR('',#1815,1.);
#249=VECTOR('',#1816,1.);
#250=VECTOR('',#1819,1.);
#251=VECTOR('',#1820,1.);
#252=VECTOR('',#1823,1.);
#253=VECTOR('',#1830,0.404999999999999);
#254=VECTOR('',#1835,0.375);
#255=CYLINDRICAL_SURFACE('',#1278,0.1);
#256=CYLINDRICAL_SURFACE('',#1282,0.1);
#257=CYLINDRICAL_SURFACE('',#1284,0.1);
#258=CYLINDRICAL_SURFACE('',#1291,0.1);
#259=CYLINDRICAL_SURFACE('',#1299,0.1);
#260=CYLINDRICAL_SURFACE('',#1305,0.1);
#261=CYLINDRICAL_SURFACE('',#1311,0.1);
#262=CYLINDRICAL_SURFACE('',#1314,0.25);
#263=CYLINDRICAL_SURFACE('',#1317,0.25);
#264=CYLINDRICAL_SURFACE('',#1320,0.25);
#265=CYLINDRICAL_SURFACE('',#1332,0.1);
#266=CYLINDRICAL_SURFACE('',#1338,0.1);
#267=CYLINDRICAL_SURFACE('',#1344,0.1);
#268=CYLINDRICAL_SURFACE('',#1347,1.25);
#269=CYLINDRICAL_SURFACE('',#1349,0.25);
#270=CYLINDRICAL_SURFACE('',#1352,0.75);
#271=CYLINDRICAL_SURFACE('',#1355,0.75);
#272=CYLINDRICAL_SURFACE('',#1366,0.1);
#273=CYLINDRICAL_SURFACE('',#1371,0.1);
#274=CYLINDRICAL_SURFACE('',#1376,0.1);
#275=CYLINDRICAL_SURFACE('',#1383,0.1);
#276=CYLINDRICAL_SURFACE('',#1391,0.1);
#277=CYLINDRICAL_SURFACE('',#1397,0.1);
#278=CYLINDRICAL_SURFACE('',#1403,0.1);
#279=CYLINDRICAL_SURFACE('',#1406,0.25);
#280=CYLINDRICAL_SURFACE('',#1408,0.25);
#281=CYLINDRICAL_SURFACE('',#1410,0.25);
#282=CYLINDRICAL_SURFACE('',#1426,0.375);
#283=FACE_OUTER_BOUND('',#358,.T.);
#284=FACE_OUTER_BOUND('',#359,.T.);
#285=FACE_OUTER_BOUND('',#360,.T.);
#286=FACE_OUTER_BOUND('',#361,.T.);
#287=FACE_OUTER_BOUND('',#362,.T.);
#288=FACE_OUTER_BOUND('',#363,.T.);
#289=FACE_OUTER_BOUND('',#364,.T.);
#290=FACE_OUTER_BOUND('',#365,.T.);
#291=FACE_OUTER_BOUND('',#366,.T.);
#292=FACE_OUTER_BOUND('',#367,.T.);
#293=FACE_OUTER_BOUND('',#368,.T.);
#294=FACE_OUTER_BOUND('',#369,.T.);
#295=FACE_OUTER_BOUND('',#370,.T.);
#296=FACE_OUTER_BOUND('',#371,.T.);
#297=FACE_OUTER_BOUND('',#372,.T.);
#298=FACE_OUTER_BOUND('',#373,.T.);
#299=FACE_OUTER_BOUND('',#374,.T.);
#300=FACE_OUTER_BOUND('',#375,.T.);
#301=FACE_OUTER_BOUND('',#376,.T.);
#302=FACE_OUTER_BOUND('',#377,.T.);
#303=FACE_OUTER_BOUND('',#378,.T.);
#304=FACE_OUTER_BOUND('',#379,.T.);
#305=FACE_OUTER_BOUND('',#380,.T.);
#306=FACE_OUTER_BOUND('',#381,.T.);
#307=FACE_OUTER_BOUND('',#382,.T.);
#308=FACE_OUTER_BOUND('',#383,.T.);
#309=FACE_OUTER_BOUND('',#384,.T.);
#310=FACE_OUTER_BOUND('',#385,.T.);
#311=FACE_OUTER_BOUND('',#386,.T.);
#312=FACE_OUTER_BOUND('',#387,.T.);
#313=FACE_OUTER_BOUND('',#388,.T.);
#314=FACE_OUTER_BOUND('',#389,.T.);
#315=FACE_OUTER_BOUND('',#390,.T.);
#316=FACE_OUTER_BOUND('',#391,.T.);
#317=FACE_OUTER_BOUND('',#392,.T.);
#318=FACE_OUTER_BOUND('',#393,.T.);
#319=FACE_OUTER_BOUND('',#394,.T.);
#320=FACE_OUTER_BOUND('',#395,.T.);
#321=FACE_OUTER_BOUND('',#396,.T.);
#322=FACE_OUTER_BOUND('',#397,.T.);
#323=FACE_OUTER_BOUND('',#398,.T.);
#324=FACE_OUTER_BOUND('',#399,.T.);
#325=FACE_OUTER_BOUND('',#400,.T.);
#326=FACE_OUTER_BOUND('',#401,.T.);
#327=FACE_OUTER_BOUND('',#402,.T.);
#328=FACE_OUTER_BOUND('',#403,.T.);
#329=FACE_OUTER_BOUND('',#404,.T.);
#330=FACE_OUTER_BOUND('',#405,.T.);
#331=FACE_OUTER_BOUND('',#406,.T.);
#332=FACE_OUTER_BOUND('',#407,.T.);
#333=FACE_OUTER_BOUND('',#408,.T.);
#334=FACE_OUTER_BOUND('',#409,.T.);
#335=FACE_OUTER_BOUND('',#410,.T.);
#336=FACE_OUTER_BOUND('',#411,.T.);
#337=FACE_OUTER_BOUND('',#412,.T.);
#338=FACE_OUTER_BOUND('',#413,.T.);
#339=FACE_OUTER_BOUND('',#414,.T.);
#340=FACE_OUTER_BOUND('',#415,.T.);
#341=FACE_OUTER_BOUND('',#416,.T.);
#342=FACE_OUTER_BOUND('',#417,.T.);
#343=FACE_OUTER_BOUND('',#418,.T.);
#344=FACE_OUTER_BOUND('',#419,.T.);
#345=FACE_OUTER_BOUND('',#420,.T.);
#346=FACE_OUTER_BOUND('',#421,.T.);
#347=FACE_OUTER_BOUND('',#422,.T.);
#348=FACE_OUTER_BOUND('',#423,.T.);
#349=FACE_OUTER_BOUND('',#424,.T.);
#350=FACE_OUTER_BOUND('',#425,.T.);
#351=FACE_OUTER_BOUND('',#426,.T.);
#352=FACE_OUTER_BOUND('',#427,.T.);
#353=FACE_OUTER_BOUND('',#429,.T.);
#354=FACE_OUTER_BOUND('',#430,.T.);
#355=FACE_OUTER_BOUND('',#431,.T.);
#356=FACE_OUTER_BOUND('',#432,.T.);
#357=FACE_OUTER_BOUND('',#433,.T.);
#358=EDGE_LOOP('',(#789));
#359=EDGE_LOOP('',(#790,#791,#792,#793,#794));
#360=EDGE_LOOP('',(#795,#796,#797,#798));
#361=EDGE_LOOP('',(#799,#800,#801,#802,#803));
#362=EDGE_LOOP('',(#804,#805,#806,#807,#808));
#363=EDGE_LOOP('',(#809,#810,#811,#812,#813,#814));
#364=EDGE_LOOP('',(#815,#816,#817,#818,#819,#820,#821,#822,#823,#824));
#365=EDGE_LOOP('',(#825,#826,#827,#828,#829));
#366=EDGE_LOOP('',(#830,#831,#832,#833));
#367=EDGE_LOOP('',(#834,#835,#836,#837));
#368=EDGE_LOOP('',(#838,#839,#840,#841));
#369=EDGE_LOOP('',(#842,#843,#844,#845));
#370=EDGE_LOOP('',(#846,#847,#848,#849));
#371=EDGE_LOOP('',(#850,#851,#852,#853,#854));
#372=EDGE_LOOP('',(#855,#856,#857,#858,#859));
#373=EDGE_LOOP('',(#860,#861,#862,#863));
#374=EDGE_LOOP('',(#864,#865,#866,#867));
#375=EDGE_LOOP('',(#868,#869,#870,#871));
#376=EDGE_LOOP('',(#872,#873,#874,#875));
#377=EDGE_LOOP('',(#876,#877,#878,#879));
#378=EDGE_LOOP('',(#880,#881,#882,#883,#884));
#379=EDGE_LOOP('',(#885,#886,#887,#888));
#380=EDGE_LOOP('',(#889,#890,#891,#892));
#381=EDGE_LOOP('',(#893,#894,#895,#896));
#382=EDGE_LOOP('',(#897,#898,#899,#900));
#383=EDGE_LOOP('',(#901,#902,#903,#904));
#384=EDGE_LOOP('',(#905,#906,#907,#908));
#385=EDGE_LOOP('',(#909,#910,#911,#912,#913));
#386=EDGE_LOOP('',(#914,#915,#916,#917));
#387=EDGE_LOOP('',(#918,#919,#920,#921));
#388=EDGE_LOOP('',(#922,#923,#924,#925));
#389=EDGE_LOOP('',(#926,#927,#928,#929));
#390=EDGE_LOOP('',(#930,#931,#932,#933));
#391=EDGE_LOOP('',(#934,#935,#936,#937));
#392=EDGE_LOOP('',(#938,#939,#940,#941));
#393=EDGE_LOOP('',(#942,#943,#944,#945,#946,#947));
#394=EDGE_LOOP('',(#948,#949,#950,#951));
#395=EDGE_LOOP('',(#952,#953,#954,#955));
#396=EDGE_LOOP('',(#956,#957,#958,#959));
#397=EDGE_LOOP('',(#960,#961,#962,#963));
#398=EDGE_LOOP('',(#964,#965,#966,#967));
#399=EDGE_LOOP('',(#968,#969,#970,#971));
#400=EDGE_LOOP('',(#972,#973,#974,#975,#976));
#401=EDGE_LOOP('',(#977,#978,#979,#980,#981,#982,#983,#984,#985,#986,#987,
#988,#989,#990));
#402=EDGE_LOOP('',(#991,#992,#993,#994,#995));
#403=EDGE_LOOP('',(#996,#997,#998,#999,#1000));
#404=EDGE_LOOP('',(#1001,#1002,#1003,#1004));
#405=EDGE_LOOP('',(#1005,#1006,#1007,#1008));
#406=EDGE_LOOP('',(#1009,#1010,#1011,#1012));
#407=EDGE_LOOP('',(#1013,#1014,#1015,#1016));
#408=EDGE_LOOP('',(#1017,#1018,#1019,#1020));
#409=EDGE_LOOP('',(#1021,#1022,#1023,#1024,#1025));
#410=EDGE_LOOP('',(#1026,#1027,#1028,#1029));
#411=EDGE_LOOP('',(#1030,#1031,#1032,#1033));
#412=EDGE_LOOP('',(#1034,#1035,#1036,#1037));
#413=EDGE_LOOP('',(#1038,#1039,#1040,#1041));
#414=EDGE_LOOP('',(#1042,#1043,#1044,#1045));
#415=EDGE_LOOP('',(#1046,#1047,#1048,#1049,#1050));
#416=EDGE_LOOP('',(#1051,#1052,#1053,#1054,#1055));
#417=EDGE_LOOP('',(#1056,#1057,#1058,#1059,#1060));
#418=EDGE_LOOP('',(#1061,#1062,#1063,#1064,#1065,#1066));
#419=EDGE_LOOP('',(#1067,#1068,#1069,#1070,#1071,#1072));
#420=EDGE_LOOP('',(#1073,#1074,#1075,#1076,#1077));
#421=EDGE_LOOP('',(#1078,#1079,#1080,#1081));
#422=EDGE_LOOP('',(#1082,#1083,#1084,#1085,#1086,#1087));
#423=EDGE_LOOP('',(#1088,#1089,#1090,#1091,#1092,#1093,#1094,#1095));
#424=EDGE_LOOP('',(#1096,#1097,#1098,#1099));
#425=EDGE_LOOP('',(#1100,#1101,#1102,#1103));
#426=EDGE_LOOP('',(#1104,#1105,#1106,#1107));
#427=EDGE_LOOP('',(#1108,#1109,#1110,#1111,#1112,#1113,#1114,#1115,#1116,
#1117,#1118,#1119));
#428=EDGE_LOOP('',(#1120));
#429=EDGE_LOOP('',(#1121,#1122,#1123,#1124));
#430=EDGE_LOOP('',(#1125,#1126,#1127,#1128));
#431=EDGE_LOOP('',(#1129,#1130,#1131,#1132,#1133,#1134,#1135,#1136,#1137,
#1138,#1139,#1140,#1141,#1142));
#432=EDGE_LOOP('',(#1143,#1144,#1145,#1146));
#433=EDGE_LOOP('',(#1147,#1148,#1149,#1150,#1151,#1152,#1153,#1154));
#434=CIRCLE('',#1277,0.375);
#435=CIRCLE('',#1293,0.100000000000001);
#436=CIRCLE('',#1296,0.100000000000001);
#437=CIRCLE('',#1297,0.25);
#438=CIRCLE('',#1298,0.15);
#439=CIRCLE('',#1300,0.100000000000001);
#440=CIRCLE('',#1302,0.100000000000001);
#441=CIRCLE('',#1303,0.25);
#442=CIRCLE('',#1304,0.15);
#443=CIRCLE('',#1306,0.100000000000001);
#444=CIRCLE('',#1308,0.100000000000001);
#445=CIRCLE('',#1309,0.25);
#446=CIRCLE('',#1310,0.15);
#447=CIRCLE('',#1315,0.25);
#448=CIRCLE('',#1318,0.25);
#449=CIRCLE('',#1321,0.25);
#450=CIRCLE('',#1325,1.15);
#451=CIRCLE('',#1326,0.100000000000001);
#452=CIRCLE('',#1327,1.25);
#453=CIRCLE('',#1329,0.100000000000001);
#454=CIRCLE('',#1330,0.25);
#455=CIRCLE('',#1331,0.15);
#456=CIRCLE('',#1333,0.100000000000001);
#457=CIRCLE('',#1335,0.100000000000001);
#458=CIRCLE('',#1336,0.75);
#459=CIRCLE('',#1337,0.65);
#460=CIRCLE('',#1339,0.100000000000001);
#461=CIRCLE('',#1341,0.100000000000001);
#462=CIRCLE('',#1342,0.75);
#463=CIRCLE('',#1343,0.65);
#464=CIRCLE('',#1348,1.25);
#465=CIRCLE('',#1350,0.25);
#466=CIRCLE('',#1353,0.75);
#467=CIRCLE('',#1356,0.75);
#468=CIRCLE('',#1361,0.1);
#469=CIRCLE('',#1362,1.15);
#470=CIRCLE('',#1364,0.0999999999999996);
#471=CIRCLE('',#1365,0.15);
#472=CIRCLE('',#1367,0.1);
#473=CIRCLE('',#1369,0.1);
#474=CIRCLE('',#1370,0.65);
#475=CIRCLE('',#1372,0.0999999999999999);
#476=CIRCLE('',#1374,0.1);
#477=CIRCLE('',#1375,0.65);
#478=CIRCLE('',#1379,0.25);
#479=CIRCLE('',#1380,0.25);
#480=CIRCLE('',#1381,0.25);
#481=CIRCLE('',#1385,0.100000000000001);
#482=CIRCLE('',#1388,0.100000000000001);
#483=CIRCLE('',#1389,0.25);
#484=CIRCLE('',#1390,0.15);
#485=CIRCLE('',#1392,0.100000000000001);
#486=CIRCLE('',#1394,0.100000000000001);
#487=CIRCLE('',#1395,0.25);
#488=CIRCLE('',#1396,0.15);
#489=CIRCLE('',#1398,0.0999999999999996);
#490=CIRCLE('',#1400,0.0999999999999996);
#491=CIRCLE('',#1401,0.25);
#492=CIRCLE('',#1402,0.15);
#493=CIRCLE('',#1423,0.434999999999999);
#494=CIRCLE('',#1425,0.375);
#495=VERTEX_POINT('',#1844);
#496=VERTEX_POINT('',#1847);
#497=VERTEX_POINT('',#1848);
#498=VERTEX_POINT('',#1850);
#499=VERTEX_POINT('',#1852);
#500=VERTEX_POINT('',#1854);
#501=VERTEX_POINT('',#1858);
#502=VERTEX_POINT('',#1860);
#503=VERTEX_POINT('',#1864);
#504=VERTEX_POINT('',#1866);
#505=VERTEX_POINT('',#1868);
#506=VERTEX_POINT('',#1872);
#507=VERTEX_POINT('',#1874);
#508=VERTEX_POINT('',#1876);
#509=VERTEX_POINT('',#1880);
#510=VERTEX_POINT('',#1882);
#511=VERTEX_POINT('',#1884);
#512=VERTEX_POINT('',#1888);
#513=VERTEX_POINT('',#1890);
#514=VERTEX_POINT('',#1892);
#515=VERTEX_POINT('',#1894);
#516=VERTEX_POINT('',#1896);
#517=VERTEX_POINT('',#1900);
#518=VERTEX_POINT('',#1901);
#519=VERTEX_POINT('',#1903);
#520=VERTEX_POINT('',#1908);
#521=VERTEX_POINT('',#1909);
#522=VERTEX_POINT('',#1914);
#523=VERTEX_POINT('',#1915);
#524=VERTEX_POINT('',#1920);
#525=VERTEX_POINT('',#1921);
#526=VERTEX_POINT('',#1926);
#527=VERTEX_POINT('',#1927);
#528=VERTEX_POINT('',#1932);
#529=VERTEX_POINT('',#1933);
#530=VERTEX_POINT('',#1938);
#531=VERTEX_POINT('',#1939);
#532=VERTEX_POINT('',#1942);
#533=VERTEX_POINT('',#1946);
#534=VERTEX_POINT('',#1948);
#535=VERTEX_POINT('',#1963);
#536=VERTEX_POINT('',#1967);
#537=VERTEX_POINT('',#1971);
#538=VERTEX_POINT('',#1975);
#539=VERTEX_POINT('',#1979);
#540=VERTEX_POINT('',#1983);
#541=VERTEX_POINT('',#1985);
#542=VERTEX_POINT('',#1989);
#543=VERTEX_POINT('',#1991);
#544=VERTEX_POINT('',#1995);
#545=VERTEX_POINT('',#1996);
#546=VERTEX_POINT('',#2001);
#547=VERTEX_POINT('',#2002);
#548=VERTEX_POINT('',#2007);
#549=VERTEX_POINT('',#2008);
#550=VERTEX_POINT('',#2013);
#551=VERTEX_POINT('',#2014);
#552=VERTEX_POINT('',#2019);
#553=VERTEX_POINT('',#2020);
#554=VERTEX_POINT('',#2025);
#555=VERTEX_POINT('',#2026);
#556=VERTEX_POINT('',#2029);
#557=VERTEX_POINT('',#2033);
#558=VERTEX_POINT('',#2037);
#559=VERTEX_POINT('',#2041);
#560=VERTEX_POINT('',#2045);
#561=VERTEX_POINT('',#2049);
#562=VERTEX_POINT('',#2053);
#563=VERTEX_POINT('',#2057);
#564=VERTEX_POINT('',#2061);
#565=VERTEX_POINT('',#2063);
#566=VERTEX_POINT('',#2065);
#567=VERTEX_POINT('',#2069);
#568=VERTEX_POINT('',#2080);
#569=VERTEX_POINT('',#2084);
#570=VERTEX_POINT('',#2088);
#571=VERTEX_POINT('',#2092);
#572=VERTEX_POINT('',#2096);
#573=VERTEX_POINT('',#2100);
#574=VERTEX_POINT('',#2104);
#575=VERTEX_POINT('',#2108);
#576=VERTEX_POINT('',#2110);
#577=VERTEX_POINT('',#2112);
#578=VERTEX_POINT('',#2114);
#579=VERTEX_POINT('',#2116);
#580=VERTEX_POINT('',#2118);
#581=VERTEX_POINT('',#2122);
#582=VERTEX_POINT('',#2126);
#583=VERTEX_POINT('',#2127);
#584=VERTEX_POINT('',#2129);
#585=VERTEX_POINT('',#2131);
#586=VERTEX_POINT('',#2133);
#587=VERTEX_POINT('',#2137);
#588=VERTEX_POINT('',#2138);
#589=VERTEX_POINT('',#2143);
#590=VERTEX_POINT('',#2144);
#591=VERTEX_POINT('',#2149);
#592=VERTEX_POINT('',#2150);
#593=VERTEX_POINT('',#2155);
#594=VERTEX_POINT('',#2156);
#595=VERTEX_POINT('',#2161);
#596=VERTEX_POINT('',#2166);
#597=VERTEX_POINT('',#2185);
#598=VERTEX_POINT('',#2189);
#599=VERTEX_POINT('',#2191);
#600=VERTEX_POINT('',#2198);
#601=VERTEX_POINT('',#2200);
#602=VERTEX_POINT('',#2211);
#603=VERTEX_POINT('',#2215);
#604=VERTEX_POINT('',#2221);
#605=VERTEX_POINT('',#2224);
#606=EDGE_CURVE('',#495,#495,#434,.T.);
#607=EDGE_CURVE('',#496,#497,#51,.T.);
#608=EDGE_CURVE('',#497,#498,#33,.T.);
#609=EDGE_CURVE('',#498,#499,#34,.T.);
#610=EDGE_CURVE('',#499,#500,#52,.T.);
#611=EDGE_CURVE('',#500,#496,#35,.T.);
#612=EDGE_CURVE('',#500,#501,#53,.T.);
#613=EDGE_CURVE('',#501,#502,#36,.T.);
#614=EDGE_CURVE('',#502,#496,#54,.T.);
#615=EDGE_CURVE('',#501,#503,#55,.T.);
#616=EDGE_CURVE('',#503,#504,#37,.T.);
#617=EDGE_CURVE('',#504,#505,#38,.T.);
#618=EDGE_CURVE('',#505,#502,#56,.T.);
#619=EDGE_CURVE('',#506,#504,#57,.T.);
#620=EDGE_CURVE('',#506,#507,#58,.T.);
#621=EDGE_CURVE('',#507,#508,#59,.T.);
#622=EDGE_CURVE('',#508,#505,#60,.T.);
#623=EDGE_CURVE('',#503,#509,#61,.T.);
#624=EDGE_CURVE('',#510,#509,#39,.T.);
#625=EDGE_CURVE('',#511,#510,#62,.T.);
#626=EDGE_CURVE('',#511,#506,#63,.T.);
#627=EDGE_CURVE('',#512,#499,#64,.T.);
#628=EDGE_CURVE('',#513,#512,#65,.T.);
#629=EDGE_CURVE('',#514,#513,#66,.T.);
#630=EDGE_CURVE('',#515,#514,#67,.T.);
#631=EDGE_CURVE('',#516,#515,#68,.T.);
#632=EDGE_CURVE('',#509,#516,#69,.T.);
#633=EDGE_CURVE('',#517,#518,#40,.T.);
#634=EDGE_CURVE('',#518,#519,#70,.T.);
#635=EDGE_CURVE('',#519,#513,#435,.T.);
#636=EDGE_CURVE('',#512,#517,#41,.T.);
#637=EDGE_CURVE('',#520,#521,#436,.T.);
#638=EDGE_CURVE('',#521,#513,#437,.T.);
#639=EDGE_CURVE('',#519,#520,#438,.T.);
#640=EDGE_CURVE('',#522,#523,#439,.T.);
#641=EDGE_CURVE('',#523,#521,#71,.T.);
#642=EDGE_CURVE('',#520,#522,#72,.T.);
#643=EDGE_CURVE('',#524,#525,#440,.T.);
#644=EDGE_CURVE('',#525,#523,#441,.T.);
#645=EDGE_CURVE('',#522,#524,#442,.T.);
#646=EDGE_CURVE('',#526,#527,#443,.T.);
#647=EDGE_CURVE('',#527,#525,#73,.T.);
#648=EDGE_CURVE('',#524,#526,#74,.T.);
#649=EDGE_CURVE('',#528,#529,#444,.T.);
#650=EDGE_CURVE('',#529,#527,#445,.T.);
#651=EDGE_CURVE('',#526,#528,#446,.T.);
#652=EDGE_CURVE('',#530,#531,#42,.T.);
#653=EDGE_CURVE('',#531,#529,#75,.T.);
#654=EDGE_CURVE('',#528,#532,#76,.T.);
#655=EDGE_CURVE('',#532,#530,#43,.T.);
#656=EDGE_CURVE('',#521,#533,#77,.T.);
#657=EDGE_CURVE('',#533,#534,#447,.T.);
#658=EDGE_CURVE('',#514,#534,#17,.F.);
#659=EDGE_CURVE('',#535,#523,#78,.T.);
#660=EDGE_CURVE('',#535,#533,#79,.T.);
#661=EDGE_CURVE('',#525,#536,#80,.T.);
#662=EDGE_CURVE('',#536,#535,#448,.T.);
#663=EDGE_CURVE('',#537,#527,#81,.T.);
#664=EDGE_CURVE('',#537,#536,#82,.T.);
#665=EDGE_CURVE('',#529,#538,#83,.T.);
#666=EDGE_CURVE('',#538,#537,#449,.T.);
#667=EDGE_CURVE('',#539,#531,#84,.T.);
#668=EDGE_CURVE('',#539,#538,#85,.T.);
#669=EDGE_CURVE('',#540,#530,#86,.T.);
#670=EDGE_CURVE('',#540,#541,#87,.T.);
#671=EDGE_CURVE('',#541,#539,#88,.T.);
#672=EDGE_CURVE('',#534,#542,#450,.T.);
#673=EDGE_CURVE('',#542,#543,#451,.T.);
#674=EDGE_CURVE('',#543,#514,#452,.T.);
#675=EDGE_CURVE('',#544,#545,#453,.T.);
#676=EDGE_CURVE('',#545,#543,#454,.T.);
#677=EDGE_CURVE('',#542,#544,#455,.T.);
#678=EDGE_CURVE('',#546,#547,#456,.T.);
#679=EDGE_CURVE('',#547,#545,#89,.T.);
#680=EDGE_CURVE('',#544,#546,#90,.T.);
#681=EDGE_CURVE('',#548,#549,#457,.T.);
#682=EDGE_CURVE('',#549,#547,#458,.T.);
#683=EDGE_CURVE('',#546,#548,#459,.T.);
#684=EDGE_CURVE('',#550,#551,#460,.T.);
#685=EDGE_CURVE('',#551,#549,#91,.T.);
#686=EDGE_CURVE('',#548,#550,#92,.T.);
#687=EDGE_CURVE('',#552,#553,#461,.T.);
#688=EDGE_CURVE('',#553,#551,#462,.T.);
#689=EDGE_CURVE('',#550,#552,#463,.T.);
#690=EDGE_CURVE('',#554,#555,#44,.T.);
#691=EDGE_CURVE('',#555,#553,#93,.T.);
#692=EDGE_CURVE('',#552,#556,#94,.T.);
#693=EDGE_CURVE('',#556,#554,#45,.T.);
#694=EDGE_CURVE('',#543,#557,#95,.T.);
#695=EDGE_CURVE('',#515,#557,#464,.T.);
#696=EDGE_CURVE('',#545,#558,#96,.T.);
#697=EDGE_CURVE('',#557,#558,#465,.T.);
#698=EDGE_CURVE('',#547,#559,#97,.T.);
#699=EDGE_CURVE('',#558,#559,#98,.T.);
#700=EDGE_CURVE('',#549,#560,#99,.T.);
#701=EDGE_CURVE('',#559,#560,#466,.T.);
#702=EDGE_CURVE('',#551,#561,#100,.T.);
#703=EDGE_CURVE('',#560,#561,#101,.T.);
#704=EDGE_CURVE('',#553,#562,#102,.T.);
#705=EDGE_CURVE('',#561,#562,#467,.T.);
#706=EDGE_CURVE('',#563,#555,#103,.T.);
#707=EDGE_CURVE('',#562,#563,#104,.T.);
#708=EDGE_CURVE('',#564,#554,#105,.T.);
#709=EDGE_CURVE('',#564,#565,#106,.T.);
#710=EDGE_CURVE('',#565,#566,#107,.T.);
#711=EDGE_CURVE('',#563,#566,#46,.T.);
#712=EDGE_CURVE('',#515,#567,#18,.T.);
#713=EDGE_CURVE('',#557,#568,#468,.T.);
#714=EDGE_CURVE('',#568,#567,#469,.T.);
#715=EDGE_CURVE('',#558,#569,#470,.T.);
#716=EDGE_CURVE('',#569,#568,#471,.T.);
#717=EDGE_CURVE('',#559,#570,#472,.T.);
#718=EDGE_CURVE('',#570,#569,#108,.T.);
#719=EDGE_CURVE('',#560,#571,#473,.T.);
#720=EDGE_CURVE('',#571,#570,#474,.T.);
#721=EDGE_CURVE('',#561,#572,#475,.T.);
#722=EDGE_CURVE('',#572,#571,#109,.T.);
#723=EDGE_CURVE('',#562,#573,#476,.T.);
#724=EDGE_CURVE('',#573,#572,#477,.T.);
#725=EDGE_CURVE('',#566,#574,#47,.T.);
#726=EDGE_CURVE('',#574,#573,#110,.T.);
#727=EDGE_CURVE('',#575,#574,#111,.T.);
#728=EDGE_CURVE('',#576,#575,#112,.T.);
#729=EDGE_CURVE('',#577,#576,#478,.T.);
#730=EDGE_CURVE('',#578,#577,#113,.T.);
#731=EDGE_CURVE('',#579,#578,#479,.T.);
#732=EDGE_CURVE('',#580,#579,#114,.T.);
#733=EDGE_CURVE('',#567,#580,#480,.T.);
#734=EDGE_CURVE('',#565,#581,#115,.T.);
#735=EDGE_CURVE('',#575,#581,#116,.T.);
#736=EDGE_CURVE('',#582,#583,#48,.T.);
#737=EDGE_CURVE('',#583,#584,#117,.T.);
#738=EDGE_CURVE('',#584,#585,#481,.T.);
#739=EDGE_CURVE('',#585,#586,#118,.T.);
#740=EDGE_CURVE('',#586,#582,#49,.T.);
#741=EDGE_CURVE('',#587,#588,#482,.T.);
#742=EDGE_CURVE('',#588,#585,#483,.T.);
#743=EDGE_CURVE('',#584,#587,#484,.T.);
#744=EDGE_CURVE('',#589,#590,#485,.T.);
#745=EDGE_CURVE('',#590,#588,#119,.T.);
#746=EDGE_CURVE('',#587,#589,#120,.T.);
#747=EDGE_CURVE('',#591,#592,#486,.T.);
#748=EDGE_CURVE('',#592,#590,#487,.T.);
#749=EDGE_CURVE('',#589,#591,#488,.T.);
#750=EDGE_CURVE('',#593,#594,#489,.T.);
#751=EDGE_CURVE('',#594,#592,#121,.T.);
#752=EDGE_CURVE('',#591,#593,#122,.T.);
#753=EDGE_CURVE('',#595,#516,#490,.T.);
#754=EDGE_CURVE('',#516,#594,#491,.T.);
#755=EDGE_CURVE('',#593,#595,#492,.T.);
#756=EDGE_CURVE('',#595,#596,#123,.T.);
#757=EDGE_CURVE('',#596,#510,#50,.T.);
#758=EDGE_CURVE('',#576,#585,#124,.T.);
#759=EDGE_CURVE('',#586,#575,#125,.T.);
#760=EDGE_CURVE('',#588,#577,#126,.T.);
#761=EDGE_CURVE('',#578,#590,#127,.T.);
#762=EDGE_CURVE('',#592,#579,#128,.T.);
#763=EDGE_CURVE('',#580,#594,#129,.T.);
#764=EDGE_CURVE('',#556,#539,#130,.T.);
#765=EDGE_CURVE('',#541,#564,#131,.T.);
#766=EDGE_CURVE('',#581,#597,#132,.T.);
#767=EDGE_CURVE('',#597,#582,#133,.T.);
#768=EDGE_CURVE('',#498,#598,#134,.T.);
#769=EDGE_CURVE('',#598,#599,#135,.T.);
#770=EDGE_CURVE('',#599,#517,#136,.T.);
#771=EDGE_CURVE('',#597,#511,#137,.T.);
#772=EDGE_CURVE('',#596,#583,#138,.T.);
#773=EDGE_CURVE('',#497,#600,#139,.T.);
#774=EDGE_CURVE('',#600,#601,#140,.T.);
#775=EDGE_CURVE('',#601,#598,#141,.T.);
#776=EDGE_CURVE('',#600,#508,#142,.T.);
#777=EDGE_CURVE('',#507,#601,#143,.T.);
#778=EDGE_CURVE('',#599,#540,#144,.T.);
#779=EDGE_CURVE('',#532,#518,#145,.T.);
#780=EDGE_CURVE('',#508,#602,#146,.T.);
#781=EDGE_CURVE('',#502,#602,#147,.T.);
#782=EDGE_CURVE('',#603,#600,#148,.T.);
#783=EDGE_CURVE('',#602,#603,#149,.T.);
#784=EDGE_CURVE('',#496,#603,#150,.T.);
#785=EDGE_CURVE('',#604,#604,#493,.T.);
#786=EDGE_CURVE('',#604,#605,#151,.T.);
#787=EDGE_CURVE('',#605,#605,#494,.T.);
#788=EDGE_CURVE('',#605,#495,#152,.T.);
#789=ORIENTED_EDGE('',*,*,#606,.F.);
#790=ORIENTED_EDGE('',*,*,#607,.T.);
#791=ORIENTED_EDGE('',*,*,#608,.T.);
#792=ORIENTED_EDGE('',*,*,#609,.T.);
#793=ORIENTED_EDGE('',*,*,#610,.T.);
#794=ORIENTED_EDGE('',*,*,#611,.T.);
#795=ORIENTED_EDGE('',*,*,#612,.T.);
#796=ORIENTED_EDGE('',*,*,#613,.T.);
#797=ORIENTED_EDGE('',*,*,#614,.T.);
#798=ORIENTED_EDGE('',*,*,#611,.F.);
#799=ORIENTED_EDGE('',*,*,#615,.T.);
#800=ORIENTED_EDGE('',*,*,#616,.T.);
#801=ORIENTED_EDGE('',*,*,#617,.T.);
#802=ORIENTED_EDGE('',*,*,#618,.T.);
#803=ORIENTED_EDGE('',*,*,#613,.F.);
#804=ORIENTED_EDGE('',*,*,#617,.F.);
#805=ORIENTED_EDGE('',*,*,#619,.F.);
#806=ORIENTED_EDGE('',*,*,#620,.T.);
#807=ORIENTED_EDGE('',*,*,#621,.T.);
#808=ORIENTED_EDGE('',*,*,#622,.T.);
#809=ORIENTED_EDGE('',*,*,#616,.F.);
#810=ORIENTED_EDGE('',*,*,#623,.T.);
#811=ORIENTED_EDGE('',*,*,#624,.F.);
#812=ORIENTED_EDGE('',*,*,#625,.F.);
#813=ORIENTED_EDGE('',*,*,#626,.T.);
#814=ORIENTED_EDGE('',*,*,#619,.T.);
#815=ORIENTED_EDGE('',*,*,#615,.F.);
#816=ORIENTED_EDGE('',*,*,#612,.F.);
#817=ORIENTED_EDGE('',*,*,#610,.F.);
#818=ORIENTED_EDGE('',*,*,#627,.F.);
#819=ORIENTED_EDGE('',*,*,#628,.F.);
#820=ORIENTED_EDGE('',*,*,#629,.F.);
#821=ORIENTED_EDGE('',*,*,#630,.F.);
#822=ORIENTED_EDGE('',*,*,#631,.F.);
#823=ORIENTED_EDGE('',*,*,#632,.F.);
#824=ORIENTED_EDGE('',*,*,#623,.F.);
#825=ORIENTED_EDGE('',*,*,#633,.T.);
#826=ORIENTED_EDGE('',*,*,#634,.T.);
#827=ORIENTED_EDGE('',*,*,#635,.T.);
#828=ORIENTED_EDGE('',*,*,#628,.T.);
#829=ORIENTED_EDGE('',*,*,#636,.T.);
#830=ORIENTED_EDGE('',*,*,#637,.T.);
#831=ORIENTED_EDGE('',*,*,#638,.T.);
#832=ORIENTED_EDGE('',*,*,#635,.F.);
#833=ORIENTED_EDGE('',*,*,#639,.T.);
#834=ORIENTED_EDGE('',*,*,#640,.T.);
#835=ORIENTED_EDGE('',*,*,#641,.T.);
#836=ORIENTED_EDGE('',*,*,#637,.F.);
#837=ORIENTED_EDGE('',*,*,#642,.T.);
#838=ORIENTED_EDGE('',*,*,#643,.T.);
#839=ORIENTED_EDGE('',*,*,#644,.T.);
#840=ORIENTED_EDGE('',*,*,#640,.F.);
#841=ORIENTED_EDGE('',*,*,#645,.T.);
#842=ORIENTED_EDGE('',*,*,#646,.T.);
#843=ORIENTED_EDGE('',*,*,#647,.T.);
#844=ORIENTED_EDGE('',*,*,#643,.F.);
#845=ORIENTED_EDGE('',*,*,#648,.T.);
#846=ORIENTED_EDGE('',*,*,#649,.T.);
#847=ORIENTED_EDGE('',*,*,#650,.T.);
#848=ORIENTED_EDGE('',*,*,#646,.F.);
#849=ORIENTED_EDGE('',*,*,#651,.T.);
#850=ORIENTED_EDGE('',*,*,#652,.T.);
#851=ORIENTED_EDGE('',*,*,#653,.T.);
#852=ORIENTED_EDGE('',*,*,#649,.F.);
#853=ORIENTED_EDGE('',*,*,#654,.T.);
#854=ORIENTED_EDGE('',*,*,#655,.T.);
#855=ORIENTED_EDGE('',*,*,#638,.F.);
#856=ORIENTED_EDGE('',*,*,#656,.T.);
#857=ORIENTED_EDGE('',*,*,#657,.T.);
#858=ORIENTED_EDGE('',*,*,#658,.F.);
#859=ORIENTED_EDGE('',*,*,#629,.T.);
#860=ORIENTED_EDGE('',*,*,#641,.F.);
#861=ORIENTED_EDGE('',*,*,#659,.F.);
#862=ORIENTED_EDGE('',*,*,#660,.T.);
#863=ORIENTED_EDGE('',*,*,#656,.F.);
#864=ORIENTED_EDGE('',*,*,#644,.F.);
#865=ORIENTED_EDGE('',*,*,#661,.T.);
#866=ORIENTED_EDGE('',*,*,#662,.T.);
#867=ORIENTED_EDGE('',*,*,#659,.T.);
#868=ORIENTED_EDGE('',*,*,#647,.F.);
#869=ORIENTED_EDGE('',*,*,#663,.F.);
#870=ORIENTED_EDGE('',*,*,#664,.T.);
#871=ORIENTED_EDGE('',*,*,#661,.F.);
#872=ORIENTED_EDGE('',*,*,#650,.F.);
#873=ORIENTED_EDGE('',*,*,#665,.T.);
#874=ORIENTED_EDGE('',*,*,#666,.T.);
#875=ORIENTED_EDGE('',*,*,#663,.T.);
#876=ORIENTED_EDGE('',*,*,#653,.F.);
#877=ORIENTED_EDGE('',*,*,#667,.F.);
#878=ORIENTED_EDGE('',*,*,#668,.T.);
#879=ORIENTED_EDGE('',*,*,#665,.F.);
#880=ORIENTED_EDGE('',*,*,#652,.F.);
#881=ORIENTED_EDGE('',*,*,#669,.F.);
#882=ORIENTED_EDGE('',*,*,#670,.T.);
#883=ORIENTED_EDGE('',*,*,#671,.T.);
#884=ORIENTED_EDGE('',*,*,#667,.T.);
#885=ORIENTED_EDGE('',*,*,#658,.T.);
#886=ORIENTED_EDGE('',*,*,#672,.T.);
#887=ORIENTED_EDGE('',*,*,#673,.T.);
#888=ORIENTED_EDGE('',*,*,#674,.T.);
#889=ORIENTED_EDGE('',*,*,#675,.T.);
#890=ORIENTED_EDGE('',*,*,#676,.T.);
#891=ORIENTED_EDGE('',*,*,#673,.F.);
#892=ORIENTED_EDGE('',*,*,#677,.T.);
#893=ORIENTED_EDGE('',*,*,#678,.T.);
#894=ORIENTED_EDGE('',*,*,#679,.T.);
#895=ORIENTED_EDGE('',*,*,#675,.F.);
#896=ORIENTED_EDGE('',*,*,#680,.T.);
#897=ORIENTED_EDGE('',*,*,#681,.T.);
#898=ORIENTED_EDGE('',*,*,#682,.T.);
#899=ORIENTED_EDGE('',*,*,#678,.F.);
#900=ORIENTED_EDGE('',*,*,#683,.T.);
#901=ORIENTED_EDGE('',*,*,#684,.T.);
#902=ORIENTED_EDGE('',*,*,#685,.T.);
#903=ORIENTED_EDGE('',*,*,#681,.F.);
#904=ORIENTED_EDGE('',*,*,#686,.T.);
#905=ORIENTED_EDGE('',*,*,#687,.T.);
#906=ORIENTED_EDGE('',*,*,#688,.T.);
#907=ORIENTED_EDGE('',*,*,#684,.F.);
#908=ORIENTED_EDGE('',*,*,#689,.T.);
#909=ORIENTED_EDGE('',*,*,#690,.T.);
#910=ORIENTED_EDGE('',*,*,#691,.T.);
#911=ORIENTED_EDGE('',*,*,#687,.F.);
#912=ORIENTED_EDGE('',*,*,#692,.T.);
#913=ORIENTED_EDGE('',*,*,#693,.T.);
#914=ORIENTED_EDGE('',*,*,#674,.F.);
#915=ORIENTED_EDGE('',*,*,#694,.T.);
#916=ORIENTED_EDGE('',*,*,#695,.F.);
#917=ORIENTED_EDGE('',*,*,#630,.T.);
#918=ORIENTED_EDGE('',*,*,#676,.F.);
#919=ORIENTED_EDGE('',*,*,#696,.T.);
#920=ORIENTED_EDGE('',*,*,#697,.F.);
#921=ORIENTED_EDGE('',*,*,#694,.F.);
#922=ORIENTED_EDGE('',*,*,#679,.F.);
#923=ORIENTED_EDGE('',*,*,#698,.T.);
#924=ORIENTED_EDGE('',*,*,#699,.F.);
#925=ORIENTED_EDGE('',*,*,#696,.F.);
#926=ORIENTED_EDGE('',*,*,#682,.F.);
#927=ORIENTED_EDGE('',*,*,#700,.T.);
#928=ORIENTED_EDGE('',*,*,#701,.F.);
#929=ORIENTED_EDGE('',*,*,#698,.F.);
#930=ORIENTED_EDGE('',*,*,#685,.F.);
#931=ORIENTED_EDGE('',*,*,#702,.T.);
#932=ORIENTED_EDGE('',*,*,#703,.F.);
#933=ORIENTED_EDGE('',*,*,#700,.F.);
#934=ORIENTED_EDGE('',*,*,#688,.F.);
#935=ORIENTED_EDGE('',*,*,#704,.T.);
#936=ORIENTED_EDGE('',*,*,#705,.F.);
#937=ORIENTED_EDGE('',*,*,#702,.F.);
#938=ORIENTED_EDGE('',*,*,#691,.F.);
#939=ORIENTED_EDGE('',*,*,#706,.F.);
#940=ORIENTED_EDGE('',*,*,#707,.F.);
#941=ORIENTED_EDGE('',*,*,#704,.F.);
#942=ORIENTED_EDGE('',*,*,#690,.F.);
#943=ORIENTED_EDGE('',*,*,#708,.F.);
#944=ORIENTED_EDGE('',*,*,#709,.T.);
#945=ORIENTED_EDGE('',*,*,#710,.T.);
#946=ORIENTED_EDGE('',*,*,#711,.F.);
#947=ORIENTED_EDGE('',*,*,#706,.T.);
#948=ORIENTED_EDGE('',*,*,#712,.F.);
#949=ORIENTED_EDGE('',*,*,#695,.T.);
#950=ORIENTED_EDGE('',*,*,#713,.T.);
#951=ORIENTED_EDGE('',*,*,#714,.T.);
#952=ORIENTED_EDGE('',*,*,#715,.T.);
#953=ORIENTED_EDGE('',*,*,#716,.T.);
#954=ORIENTED_EDGE('',*,*,#713,.F.);
#955=ORIENTED_EDGE('',*,*,#697,.T.);
#956=ORIENTED_EDGE('',*,*,#717,.T.);
#957=ORIENTED_EDGE('',*,*,#718,.T.);
#958=ORIENTED_EDGE('',*,*,#715,.F.);
#959=ORIENTED_EDGE('',*,*,#699,.T.);
#960=ORIENTED_EDGE('',*,*,#719,.T.);
#961=ORIENTED_EDGE('',*,*,#720,.T.);
#962=ORIENTED_EDGE('',*,*,#717,.F.);
#963=ORIENTED_EDGE('',*,*,#701,.T.);
#964=ORIENTED_EDGE('',*,*,#721,.T.);
#965=ORIENTED_EDGE('',*,*,#722,.T.);
#966=ORIENTED_EDGE('',*,*,#719,.F.);
#967=ORIENTED_EDGE('',*,*,#703,.T.);
#968=ORIENTED_EDGE('',*,*,#723,.T.);
#969=ORIENTED_EDGE('',*,*,#724,.T.);
#970=ORIENTED_EDGE('',*,*,#721,.F.);
#971=ORIENTED_EDGE('',*,*,#705,.T.);
#972=ORIENTED_EDGE('',*,*,#725,.T.);
#973=ORIENTED_EDGE('',*,*,#726,.T.);
#974=ORIENTED_EDGE('',*,*,#723,.F.);
#975=ORIENTED_EDGE('',*,*,#707,.T.);
#976=ORIENTED_EDGE('',*,*,#711,.T.);
#977=ORIENTED_EDGE('',*,*,#714,.F.);
#978=ORIENTED_EDGE('',*,*,#716,.F.);
#979=ORIENTED_EDGE('',*,*,#718,.F.);
#980=ORIENTED_EDGE('',*,*,#720,.F.);
#981=ORIENTED_EDGE('',*,*,#722,.F.);
#982=ORIENTED_EDGE('',*,*,#724,.F.);
#983=ORIENTED_EDGE('',*,*,#726,.F.);
#984=ORIENTED_EDGE('',*,*,#727,.F.);
#985=ORIENTED_EDGE('',*,*,#728,.F.);
#986=ORIENTED_EDGE('',*,*,#729,.F.);
#987=ORIENTED_EDGE('',*,*,#730,.F.);
#988=ORIENTED_EDGE('',*,*,#731,.F.);
#989=ORIENTED_EDGE('',*,*,#732,.F.);
#990=ORIENTED_EDGE('',*,*,#733,.F.);
#991=ORIENTED_EDGE('',*,*,#725,.F.);
#992=ORIENTED_EDGE('',*,*,#710,.F.);
#993=ORIENTED_EDGE('',*,*,#734,.T.);
#994=ORIENTED_EDGE('',*,*,#735,.F.);
#995=ORIENTED_EDGE('',*,*,#727,.T.);
#996=ORIENTED_EDGE('',*,*,#736,.T.);
#997=ORIENTED_EDGE('',*,*,#737,.T.);
#998=ORIENTED_EDGE('',*,*,#738,.T.);
#999=ORIENTED_EDGE('',*,*,#739,.T.);
#1000=ORIENTED_EDGE('',*,*,#740,.T.);
#1001=ORIENTED_EDGE('',*,*,#741,.T.);
#1002=ORIENTED_EDGE('',*,*,#742,.T.);
#1003=ORIENTED_EDGE('',*,*,#738,.F.);
#1004=ORIENTED_EDGE('',*,*,#743,.T.);
#1005=ORIENTED_EDGE('',*,*,#744,.T.);
#1006=ORIENTED_EDGE('',*,*,#745,.T.);
#1007=ORIENTED_EDGE('',*,*,#741,.F.);
#1008=ORIENTED_EDGE('',*,*,#746,.T.);
#1009=ORIENTED_EDGE('',*,*,#747,.T.);
#1010=ORIENTED_EDGE('',*,*,#748,.T.);
#1011=ORIENTED_EDGE('',*,*,#744,.F.);
#1012=ORIENTED_EDGE('',*,*,#749,.T.);
#1013=ORIENTED_EDGE('',*,*,#750,.T.);
#1014=ORIENTED_EDGE('',*,*,#751,.T.);
#1015=ORIENTED_EDGE('',*,*,#747,.F.);
#1016=ORIENTED_EDGE('',*,*,#752,.T.);
#1017=ORIENTED_EDGE('',*,*,#753,.T.);
#1018=ORIENTED_EDGE('',*,*,#754,.T.);
#1019=ORIENTED_EDGE('',*,*,#750,.F.);
#1020=ORIENTED_EDGE('',*,*,#755,.T.);
#1021=ORIENTED_EDGE('',*,*,#624,.T.);
#1022=ORIENTED_EDGE('',*,*,#632,.T.);
#1023=ORIENTED_EDGE('',*,*,#753,.F.);
#1024=ORIENTED_EDGE('',*,*,#756,.T.);
#1025=ORIENTED_EDGE('',*,*,#757,.T.);
#1026=ORIENTED_EDGE('',*,*,#739,.F.);
#1027=ORIENTED_EDGE('',*,*,#758,.F.);
#1028=ORIENTED_EDGE('',*,*,#728,.T.);
#1029=ORIENTED_EDGE('',*,*,#759,.F.);
#1030=ORIENTED_EDGE('',*,*,#742,.F.);
#1031=ORIENTED_EDGE('',*,*,#760,.T.);
#1032=ORIENTED_EDGE('',*,*,#729,.T.);
#1033=ORIENTED_EDGE('',*,*,#758,.T.);
#1034=ORIENTED_EDGE('',*,*,#745,.F.);
#1035=ORIENTED_EDGE('',*,*,#761,.F.);
#1036=ORIENTED_EDGE('',*,*,#730,.T.);
#1037=ORIENTED_EDGE('',*,*,#760,.F.);
#1038=ORIENTED_EDGE('',*,*,#748,.F.);
#1039=ORIENTED_EDGE('',*,*,#762,.T.);
#1040=ORIENTED_EDGE('',*,*,#731,.T.);
#1041=ORIENTED_EDGE('',*,*,#761,.T.);
#1042=ORIENTED_EDGE('',*,*,#751,.F.);
#1043=ORIENTED_EDGE('',*,*,#763,.F.);
#1044=ORIENTED_EDGE('',*,*,#732,.T.);
#1045=ORIENTED_EDGE('',*,*,#762,.F.);
#1046=ORIENTED_EDGE('',*,*,#754,.F.);
#1047=ORIENTED_EDGE('',*,*,#631,.T.);
#1048=ORIENTED_EDGE('',*,*,#712,.T.);
#1049=ORIENTED_EDGE('',*,*,#733,.T.);
#1050=ORIENTED_EDGE('',*,*,#763,.T.);
#1051=ORIENTED_EDGE('',*,*,#693,.F.);
#1052=ORIENTED_EDGE('',*,*,#764,.T.);
#1053=ORIENTED_EDGE('',*,*,#671,.F.);
#1054=ORIENTED_EDGE('',*,*,#765,.T.);
#1055=ORIENTED_EDGE('',*,*,#708,.T.);
#1056=ORIENTED_EDGE('',*,*,#740,.F.);
#1057=ORIENTED_EDGE('',*,*,#759,.T.);
#1058=ORIENTED_EDGE('',*,*,#735,.T.);
#1059=ORIENTED_EDGE('',*,*,#766,.T.);
#1060=ORIENTED_EDGE('',*,*,#767,.T.);
#1061=ORIENTED_EDGE('',*,*,#609,.F.);
#1062=ORIENTED_EDGE('',*,*,#768,.T.);
#1063=ORIENTED_EDGE('',*,*,#769,.T.);
#1064=ORIENTED_EDGE('',*,*,#770,.T.);
#1065=ORIENTED_EDGE('',*,*,#636,.F.);
#1066=ORIENTED_EDGE('',*,*,#627,.T.);
#1067=ORIENTED_EDGE('',*,*,#736,.F.);
#1068=ORIENTED_EDGE('',*,*,#767,.F.);
#1069=ORIENTED_EDGE('',*,*,#771,.T.);
#1070=ORIENTED_EDGE('',*,*,#625,.T.);
#1071=ORIENTED_EDGE('',*,*,#757,.F.);
#1072=ORIENTED_EDGE('',*,*,#772,.T.);
#1073=ORIENTED_EDGE('',*,*,#608,.F.);
#1074=ORIENTED_EDGE('',*,*,#773,.T.);
#1075=ORIENTED_EDGE('',*,*,#774,.T.);
#1076=ORIENTED_EDGE('',*,*,#775,.T.);
#1077=ORIENTED_EDGE('',*,*,#768,.F.);
#1078=ORIENTED_EDGE('',*,*,#776,.T.);
#1079=ORIENTED_EDGE('',*,*,#621,.F.);
#1080=ORIENTED_EDGE('',*,*,#777,.T.);
#1081=ORIENTED_EDGE('',*,*,#774,.F.);
#1082=ORIENTED_EDGE('',*,*,#633,.F.);
#1083=ORIENTED_EDGE('',*,*,#770,.F.);
#1084=ORIENTED_EDGE('',*,*,#778,.T.);
#1085=ORIENTED_EDGE('',*,*,#669,.T.);
#1086=ORIENTED_EDGE('',*,*,#655,.F.);
#1087=ORIENTED_EDGE('',*,*,#779,.T.);
#1088=ORIENTED_EDGE('',*,*,#737,.F.);
#1089=ORIENTED_EDGE('',*,*,#772,.F.);
#1090=ORIENTED_EDGE('',*,*,#756,.F.);
#1091=ORIENTED_EDGE('',*,*,#755,.F.);
#1092=ORIENTED_EDGE('',*,*,#752,.F.);
#1093=ORIENTED_EDGE('',*,*,#749,.F.);
#1094=ORIENTED_EDGE('',*,*,#746,.F.);
#1095=ORIENTED_EDGE('',*,*,#743,.F.);
#1096=ORIENTED_EDGE('',*,*,#618,.F.);
#1097=ORIENTED_EDGE('',*,*,#622,.F.);
#1098=ORIENTED_EDGE('',*,*,#780,.T.);
#1099=ORIENTED_EDGE('',*,*,#781,.F.);
#1100=ORIENTED_EDGE('',*,*,#776,.F.);
#1101=ORIENTED_EDGE('',*,*,#782,.F.);
#1102=ORIENTED_EDGE('',*,*,#783,.F.);
#1103=ORIENTED_EDGE('',*,*,#780,.F.);
#1104=ORIENTED_EDGE('',*,*,#607,.F.);
#1105=ORIENTED_EDGE('',*,*,#784,.T.);
#1106=ORIENTED_EDGE('',*,*,#782,.T.);
#1107=ORIENTED_EDGE('',*,*,#773,.F.);
#1108=ORIENTED_EDGE('',*,*,#769,.F.);
#1109=ORIENTED_EDGE('',*,*,#775,.F.);
#1110=ORIENTED_EDGE('',*,*,#777,.F.);
#1111=ORIENTED_EDGE('',*,*,#620,.F.);
#1112=ORIENTED_EDGE('',*,*,#626,.F.);
#1113=ORIENTED_EDGE('',*,*,#771,.F.);
#1114=ORIENTED_EDGE('',*,*,#766,.F.);
#1115=ORIENTED_EDGE('',*,*,#734,.F.);
#1116=ORIENTED_EDGE('',*,*,#709,.F.);
#1117=ORIENTED_EDGE('',*,*,#765,.F.);
#1118=ORIENTED_EDGE('',*,*,#670,.F.);
#1119=ORIENTED_EDGE('',*,*,#778,.F.);
#1120=ORIENTED_EDGE('',*,*,#785,.F.);
#1121=ORIENTED_EDGE('',*,*,#785,.T.);
#1122=ORIENTED_EDGE('',*,*,#786,.T.);
#1123=ORIENTED_EDGE('',*,*,#787,.T.);
#1124=ORIENTED_EDGE('',*,*,#786,.F.);
#1125=ORIENTED_EDGE('',*,*,#787,.F.);
#1126=ORIENTED_EDGE('',*,*,#788,.T.);
#1127=ORIENTED_EDGE('',*,*,#606,.T.);
#1128=ORIENTED_EDGE('',*,*,#788,.F.);
#1129=ORIENTED_EDGE('',*,*,#672,.F.);
#1130=ORIENTED_EDGE('',*,*,#657,.F.);
#1131=ORIENTED_EDGE('',*,*,#660,.F.);
#1132=ORIENTED_EDGE('',*,*,#662,.F.);
#1133=ORIENTED_EDGE('',*,*,#664,.F.);
#1134=ORIENTED_EDGE('',*,*,#666,.F.);
#1135=ORIENTED_EDGE('',*,*,#668,.F.);
#1136=ORIENTED_EDGE('',*,*,#764,.F.);
#1137=ORIENTED_EDGE('',*,*,#692,.F.);
#1138=ORIENTED_EDGE('',*,*,#689,.F.);
#1139=ORIENTED_EDGE('',*,*,#686,.F.);
#1140=ORIENTED_EDGE('',*,*,#683,.F.);
#1141=ORIENTED_EDGE('',*,*,#680,.F.);
#1142=ORIENTED_EDGE('',*,*,#677,.F.);
#1143=ORIENTED_EDGE('',*,*,#614,.F.);
#1144=ORIENTED_EDGE('',*,*,#781,.T.);
#1145=ORIENTED_EDGE('',*,*,#783,.T.);
#1146=ORIENTED_EDGE('',*,*,#784,.F.);
#1147=ORIENTED_EDGE('',*,*,#634,.F.);
#1148=ORIENTED_EDGE('',*,*,#779,.F.);
#1149=ORIENTED_EDGE('',*,*,#654,.F.);
#1150=ORIENTED_EDGE('',*,*,#651,.F.);
#1151=ORIENTED_EDGE('',*,*,#648,.F.);
#1152=ORIENTED_EDGE('',*,*,#645,.F.);
#1153=ORIENTED_EDGE('',*,*,#642,.F.);
#1154=ORIENTED_EDGE('',*,*,#639,.F.);
#1155=PLANE('',#1276);
#1156=PLANE('',#1287);
#1157=PLANE('',#1288);
#1158=PLANE('',#1290);
#1159=PLANE('',#1316);
#1160=PLANE('',#1319);
#1161=PLANE('',#1322);
#1162=PLANE('',#1323);
#1163=PLANE('',#1351);
#1164=PLANE('',#1354);
#1165=PLANE('',#1357);
#1166=PLANE('',#1358);
#1167=PLANE('',#1378);
#1168=PLANE('',#1382);
#1169=PLANE('',#1405);
#1170=PLANE('',#1407);
#1171=PLANE('',#1409);
#1172=PLANE('',#1411);
#1173=PLANE('',#1412);
#1174=PLANE('',#1413);
#1175=PLANE('',#1414);
#1176=PLANE('',#1415);
#1177=PLANE('',#1416);
#1178=PLANE('',#1417);
#1179=PLANE('',#1418);
#1180=PLANE('',#1419);
#1181=PLANE('',#1420);
#1182=PLANE('',#1421);
#1183=PLANE('',#1422);
#1184=PLANE('',#1427);
#1185=PLANE('',#1428);
#1186=PLANE('',#1429);
#1187=ADVANCED_FACE('',(#283),#1155,.T.);
#1188=ADVANCED_FACE('',(#284),#255,.T.);
#1189=ADVANCED_FACE('',(#285),#256,.T.);
#1190=ADVANCED_FACE('',(#286),#257,.T.);
#1191=ADVANCED_FACE('',(#287),#1156,.T.);
#1192=ADVANCED_FACE('',(#288),#1157,.T.);
#1193=ADVANCED_FACE('',(#289),#1158,.T.);
#1194=ADVANCED_FACE('',(#290),#258,.T.);
#1195=ADVANCED_FACE('',(#291),#19,.T.);
#1196=ADVANCED_FACE('',(#292),#259,.T.);
#1197=ADVANCED_FACE('',(#293),#20,.T.);
#1198=ADVANCED_FACE('',(#294),#260,.T.);
#1199=ADVANCED_FACE('',(#295),#21,.T.);
#1200=ADVANCED_FACE('',(#296),#261,.T.);
#1201=ADVANCED_FACE('',(#297),#262,.T.);
#1202=ADVANCED_FACE('',(#298),#1159,.T.);
#1203=ADVANCED_FACE('',(#299),#263,.T.);
#1204=ADVANCED_FACE('',(#300),#1160,.T.);
#1205=ADVANCED_FACE('',(#301),#264,.T.);
#1206=ADVANCED_FACE('',(#302),#1161,.T.);
#1207=ADVANCED_FACE('',(#303),#1162,.T.);
#1208=ADVANCED_FACE('',(#304),#22,.T.);
#1209=ADVANCED_FACE('',(#305),#23,.T.);
#1210=ADVANCED_FACE('',(#306),#265,.T.);
#1211=ADVANCED_FACE('',(#307),#24,.T.);
#1212=ADVANCED_FACE('',(#308),#266,.T.);
#1213=ADVANCED_FACE('',(#309),#25,.T.);
#1214=ADVANCED_FACE('',(#310),#267,.T.);
#1215=ADVANCED_FACE('',(#311),#268,.T.);
#1216=ADVANCED_FACE('',(#312),#269,.T.);
#1217=ADVANCED_FACE('',(#313),#1163,.T.);
#1218=ADVANCED_FACE('',(#314),#270,.T.);
#1219=ADVANCED_FACE('',(#315),#1164,.T.);
#1220=ADVANCED_FACE('',(#316),#271,.T.);
#1221=ADVANCED_FACE('',(#317),#1165,.T.);
#1222=ADVANCED_FACE('',(#318),#1166,.T.);
#1223=ADVANCED_FACE('',(#319),#26,.T.);
#1224=ADVANCED_FACE('',(#320),#27,.T.);
#1225=ADVANCED_FACE('',(#321),#272,.T.);
#1226=ADVANCED_FACE('',(#322),#28,.T.);
#1227=ADVANCED_FACE('',(#323),#273,.T.);
#1228=ADVANCED_FACE('',(#324),#29,.T.);
#1229=ADVANCED_FACE('',(#325),#274,.T.);
#1230=ADVANCED_FACE('',(#326),#1167,.T.);
#1231=ADVANCED_FACE('',(#327),#1168,.T.);
#1232=ADVANCED_FACE('',(#328),#275,.T.);
#1233=ADVANCED_FACE('',(#329),#30,.T.);
#1234=ADVANCED_FACE('',(#330),#276,.T.);
#1235=ADVANCED_FACE('',(#331),#31,.T.);
#1236=ADVANCED_FACE('',(#332),#277,.T.);
#1237=ADVANCED_FACE('',(#333),#32,.T.);
#1238=ADVANCED_FACE('',(#334),#278,.T.);
#1239=ADVANCED_FACE('',(#335),#1169,.T.);
#1240=ADVANCED_FACE('',(#336),#279,.T.);
#1241=ADVANCED_FACE('',(#337),#1170,.T.);
#1242=ADVANCED_FACE('',(#338),#280,.T.);
#1243=ADVANCED_FACE('',(#339),#1171,.T.);
#1244=ADVANCED_FACE('',(#340),#281,.T.);
#1245=ADVANCED_FACE('',(#341),#1172,.T.);
#1246=ADVANCED_FACE('',(#342),#1173,.T.);
#1247=ADVANCED_FACE('',(#343),#1174,.T.);
#1248=ADVANCED_FACE('',(#344),#1175,.T.);
#1249=ADVANCED_FACE('',(#345),#1176,.T.);
#1250=ADVANCED_FACE('',(#346),#1177,.T.);
#1251=ADVANCED_FACE('',(#347),#1178,.T.);
#1252=ADVANCED_FACE('',(#348),#1179,.T.);
#1253=ADVANCED_FACE('',(#349),#1180,.F.);
#1254=ADVANCED_FACE('',(#350),#1181,.F.);
#1255=ADVANCED_FACE('',(#351),#1182,.F.);
#1256=ADVANCED_FACE('',(#352,#16),#1183,.F.);
#1257=ADVANCED_FACE('',(#353),#15,.F.);
#1258=ADVANCED_FACE('',(#354),#282,.F.);
#1259=ADVANCED_FACE('',(#355),#1184,.F.);
#1260=ADVANCED_FACE('',(#356),#1185,.F.);
#1261=ADVANCED_FACE('',(#357),#1186,.T.);
#1262=CLOSED_SHELL('',(#1187,#1188,#1189,#1190,#1191,#1192,#1193,#1194,
#1195,#1196,#1197,#1198,#1199,#1200,#1201,#1202,#1203,#1204,#1205,#1206,
#1207,#1208,#1209,#1210,#1211,#1212,#1213,#1214,#1215,#1216,#1217,#1218,
#1219,#1220,#1221,#1222,#1223,#1224,#1225,#1226,#1227,#1228,#1229,#1230,
#1231,#1232,#1233,#1234,#1235,#1236,#1237,#1238,#1239,#1240,#1241,#1242,
#1243,#1244,#1245,#1246,#1247,#1248,#1249,#1250,#1251,#1252,#1253,#1254,
#1255,#1256,#1257,#1258,#1259,#1260,#1261));
#1263=DERIVED_UNIT_ELEMENT(#1265,1.);
#1264=DERIVED_UNIT_ELEMENT(#2237,-3.);
#1265=(
MASS_UNIT()
NAMED_UNIT(*)
SI_UNIT(.KILO.,.GRAM.)
);
#1266=DERIVED_UNIT((#1263,#1264));
#1267=MEASURE_REPRESENTATION_ITEM('density measure',
POSITIVE_RATIO_MEASURE(7850.),#1266);
#1268=PROPERTY_DEFINITION_REPRESENTATION(#1273,#1270);
#1269=PROPERTY_DEFINITION_REPRESENTATION(#1274,#1271);
#1270=REPRESENTATION('material name',(#1272),#2234);
#1271=REPRESENTATION('density',(#1267),#2234);
#1272=DESCRIPTIVE_REPRESENTATION_ITEM('Steel','Steel');
#1273=PROPERTY_DEFINITION('material property','material name',#2244);
#1274=PROPERTY_DEFINITION('material property','density of part',#2244);
#1275=AXIS2_PLACEMENT_3D('',#1842,#1430,#1431);
#1276=AXIS2_PLACEMENT_3D('',#1843,#1432,#1433);
#1277=AXIS2_PLACEMENT_3D('',#1845,#1434,#1435);
#1278=AXIS2_PLACEMENT_3D('',#1846,#1436,#1437);
#1279=AXIS2_PLACEMENT_3D('',#1851,#1439,#1440);
#1280=AXIS2_PLACEMENT_3D('',#1853,#1441,#1442);
#1281=AXIS2_PLACEMENT_3D('',#1856,#1444,#1445);
#1282=AXIS2_PLACEMENT_3D('',#1857,#1446,#1447);
#1283=AXIS2_PLACEMENT_3D('',#1861,#1449,#1450);
#1284=AXIS2_PLACEMENT_3D('',#1863,#1452,#1453);
#1285=AXIS2_PLACEMENT_3D('',#1867,#1455,#1456);
#1286=AXIS2_PLACEMENT_3D('',#1869,#1457,#1458);
#1287=AXIS2_PLACEMENT_3D('',#1871,#1460,#1461);
#1288=AXIS2_PLACEMENT_3D('',#1879,#1466,#1467);
#1289=AXIS2_PLACEMENT_3D('',#1883,#1469,#1470);
#1290=AXIS2_PLACEMENT_3D('',#1887,#1473,#1474);
#1291=AXIS2_PLACEMENT_3D('',#1899,#1481,#1482);
#1292=AXIS2_PLACEMENT_3D('',#1902,#1483,#1484);
#1293=AXIS2_PLACEMENT_3D('',#1905,#1486,#1487);
#1294=AXIS2_PLACEMENT_3D('',#1906,#1488,#1489);
#1295=AXIS2_PLACEMENT_3D('',#1907,#1490,#1491);
#1296=AXIS2_PLACEMENT_3D('',#1910,#1492,#1493);
#1297=AXIS2_PLACEMENT_3D('',#1911,#1494,#1495);
#1298=AXIS2_PLACEMENT_3D('',#1912,#1496,#1497);
#1299=AXIS2_PLACEMENT_3D('',#1913,#1498,#1499);
#1300=AXIS2_PLACEMENT_3D('',#1916,#1500,#1501);
#1301=AXIS2_PLACEMENT_3D('',#1919,#1504,#1505);
#1302=AXIS2_PLACEMENT_3D('',#1922,#1506,#1507);
#1303=AXIS2_PLACEMENT_3D('',#1923,#1508,#1509);
#1304=AXIS2_PLACEMENT_3D('',#1924,#1510,#1511);
#1305=AXIS2_PLACEMENT_3D('',#1925,#1512,#1513);
#1306=AXIS2_PLACEMENT_3D('',#1928,#1514,#1515);
#1307=AXIS2_PLACEMENT_3D('',#1931,#1518,#1519);
#1308=AXIS2_PLACEMENT_3D('',#1934,#1520,#1521);
#1309=AXIS2_PLACEMENT_3D('',#1935,#1522,#1523);
#1310=AXIS2_PLACEMENT_3D('',#1936,#1524,#1525);
#1311=AXIS2_PLACEMENT_3D('',#1937,#1526,#1527);
#1312=AXIS2_PLACEMENT_3D('',#1940,#1528,#1529);
#1313=AXIS2_PLACEMENT_3D('',#1944,#1532,#1533);
#1314=AXIS2_PLACEMENT_3D('',#1945,#1534,#1535);
#1315=AXIS2_PLACEMENT_3D('',#1949,#1537,#1538);
#1316=AXIS2_PLACEMENT_3D('',#1962,#1539,#1540);
#1317=AXIS2_PLACEMENT_3D('',#1966,#1543,#1544);
#1318=AXIS2_PLACEMENT_3D('',#1969,#1546,#1547);
#1319=AXIS2_PLACEMENT_3D('',#1970,#1548,#1549);
#1320=AXIS2_PLACEMENT_3D('',#1974,#1552,#1553);
#1321=AXIS2_PLACEMENT_3D('',#1977,#1555,#1556);
#1322=AXIS2_PLACEMENT_3D('',#1978,#1557,#1558);
#1323=AXIS2_PLACEMENT_3D('',#1982,#1561,#1562);
#1324=AXIS2_PLACEMENT_3D('',#1988,#1566,#1567);
#1325=AXIS2_PLACEMENT_3D('',#1990,#1568,#1569);
#1326=AXIS2_PLACEMENT_3D('',#1992,#1570,#1571);
#1327=AXIS2_PLACEMENT_3D('',#1993,#1572,#1573);
#1328=AXIS2_PLACEMENT_3D('',#1994,#1574,#1575);
#1329=AXIS2_PLACEMENT_3D('',#1997,#1576,#1577);
#1330=AXIS2_PLACEMENT_3D('',#1998,#1578,#1579);
#1331=AXIS2_PLACEMENT_3D('',#1999,#1580,#1581);
#1332=AXIS2_PLACEMENT_3D('',#2000,#1582,#1583);
#1333=AXIS2_PLACEMENT_3D('',#2003,#1584,#1585);
#1334=AXIS2_PLACEMENT_3D('',#2006,#1588,#1589);
#1335=AXIS2_PLACEMENT_3D('',#2009,#1590,#1591);
#1336=AXIS2_PLACEMENT_3D('',#2010,#1592,#1593);
#1337=AXIS2_PLACEMENT_3D('',#2011,#1594,#1595);
#1338=AXIS2_PLACEMENT_3D('',#2012,#1596,#1597);
#1339=AXIS2_PLACEMENT_3D('',#2015,#1598,#1599);
#1340=AXIS2_PLACEMENT_3D('',#2018,#1602,#1603);
#1341=AXIS2_PLACEMENT_3D('',#2021,#1604,#1605);
#1342=AXIS2_PLACEMENT_3D('',#2022,#1606,#1607);
#1343=AXIS2_PLACEMENT_3D('',#2023,#1608,#1609);
#1344=AXIS2_PLACEMENT_3D('',#2024,#1610,#1611);
#1345=AXIS2_PLACEMENT_3D('',#2027,#1612,#1613);
#1346=AXIS2_PLACEMENT_3D('',#2031,#1616,#1617);
#1347=AXIS2_PLACEMENT_3D('',#2032,#1618,#1619);
#1348=AXIS2_PLACEMENT_3D('',#2035,#1621,#1622);
#1349=AXIS2_PLACEMENT_3D('',#2036,#1623,#1624);
#1350=AXIS2_PLACEMENT_3D('',#2039,#1626,#1627);
#1351=AXIS2_PLACEMENT_3D('',#2040,#1628,#1629);
#1352=AXIS2_PLACEMENT_3D('',#2044,#1632,#1633);
#1353=AXIS2_PLACEMENT_3D('',#2047,#1635,#1636);
#1354=AXIS2_PLACEMENT_3D('',#2048,#1637,#1638);
#1355=AXIS2_PLACEMENT_3D('',#2052,#1641,#1642);
#1356=AXIS2_PLACEMENT_3D('',#2055,#1644,#1645);
#1357=AXIS2_PLACEMENT_3D('',#2056,#1646,#1647);
#1358=AXIS2_PLACEMENT_3D('',#2060,#1650,#1651);
#1359=AXIS2_PLACEMENT_3D('',#2067,#1655,#1656);
#1360=AXIS2_PLACEMENT_3D('',#2068,#1657,#1658);
#1361=AXIS2_PLACEMENT_3D('',#2081,#1659,#1660);
#1362=AXIS2_PLACEMENT_3D('',#2082,#1661,#1662);
#1363=AXIS2_PLACEMENT_3D('',#2083,#1663,#1664);
#1364=AXIS2_PLACEMENT_3D('',#2085,#1665,#1666);
#1365=AXIS2_PLACEMENT_3D('',#2086,#1667,#1668);
#1366=AXIS2_PLACEMENT_3D('',#2087,#1669,#1670);
#1367=AXIS2_PLACEMENT_3D('',#2089,#1671,#1672);
#1368=AXIS2_PLACEMENT_3D('',#2091,#1674,#1675);
#1369=AXIS2_PLACEMENT_3D('',#2093,#1676,#1677);
#1370=AXIS2_PLACEMENT_3D('',#2094,#1678,#1679);
#1371=AXIS2_PLACEMENT_3D('',#2095,#1680,#1681);
#1372=AXIS2_PLACEMENT_3D('',#2097,#1682,#1683);
#1373=AXIS2_PLACEMENT_3D('',#2099,#1685,#1686);
#1374=AXIS2_PLACEMENT_3D('',#2101,#1687,#1688);
#1375=AXIS2_PLACEMENT_3D('',#2102,#1689,#1690);
#1376=AXIS2_PLACEMENT_3D('',#2103,#1691,#1692);
#1377=AXIS2_PLACEMENT_3D('',#2105,#1693,#1694);
#1378=AXIS2_PLACEMENT_3D('',#2107,#1696,#1697);
#1379=AXIS2_PLACEMENT_3D('',#2113,#1700,#1701);
#1380=AXIS2_PLACEMENT_3D('',#2117,#1703,#1704);
#1381=AXIS2_PLACEMENT_3D('',#2120,#1706,#1707);
#1382=AXIS2_PLACEMENT_3D('',#2121,#1708,#1709);
#1383=AXIS2_PLACEMENT_3D('',#2125,#1712,#1713);
#1384=AXIS2_PLACEMENT_3D('',#2128,#1714,#1715);
#1385=AXIS2_PLACEMENT_3D('',#2132,#1717,#1718);
#1386=AXIS2_PLACEMENT_3D('',#2135,#1720,#1721);
#1387=AXIS2_PLACEMENT_3D('',#2136,#1722,#1723);
#1388=AXIS2_PLACEMENT_3D('',#2139,#1724,#1725);
#1389=AXIS2_PLACEMENT_3D('',#2140,#1726,#1727);
#1390=AXIS2_PLACEMENT_3D('',#2141,#1728,#1729);
#1391=AXIS2_PLACEMENT_3D('',#2142,#1730,#1731);
#1392=AXIS2_PLACEMENT_3D('',#2145,#1732,#1733);
#1393=AXIS2_PLACEMENT_3D('',#2148,#1736,#1737);
#1394=AXIS2_PLACEMENT_3D('',#2151,#1738,#1739);
#1395=AXIS2_PLACEMENT_3D('',#2152,#1740,#1741);
#1396=AXIS2_PLACEMENT_3D('',#2153,#1742,#1743);
#1397=AXIS2_PLACEMENT_3D('',#2154,#1744,#1745);
#1398=AXIS2_PLACEMENT_3D('',#2157,#1746,#1747);
#1399=AXIS2_PLACEMENT_3D('',#2160,#1750,#1751);
#1400=AXIS2_PLACEMENT_3D('',#2162,#1752,#1753);
#1401=AXIS2_PLACEMENT_3D('',#2163,#1754,#1755);
#1402=AXIS2_PLACEMENT_3D('',#2164,#1756,#1757);
#1403=AXIS2_PLACEMENT_3D('',#2165,#1758,#1759);
#1404=AXIS2_PLACEMENT_3D('',#2168,#1761,#1762);
#1405=AXIS2_PLACEMENT_3D('',#2169,#1763,#1764);
#1406=AXIS2_PLACEMENT_3D('',#2172,#1767,#1768);
#1407=AXIS2_PLACEMENT_3D('',#2174,#1770,#1771);
#1408=AXIS2_PLACEMENT_3D('',#2176,#1773,#1774);
#1409=AXIS2_PLACEMENT_3D('',#2178,#1776,#1777);
#1410=AXIS2_PLACEMENT_3D('',#2180,#1779,#1780);
#1411=AXIS2_PLACEMENT_3D('',#2181,#1781,#1782);
#1412=AXIS2_PLACEMENT_3D('',#2184,#1785,#1786);
#1413=AXIS2_PLACEMENT_3D('',#2188,#1789,#1790);
#1414=AXIS2_PLACEMENT_3D('',#2194,#1794,#1795);
#1415=AXIS2_PLACEMENT_3D('',#2197,#1798,#1799);
#1416=AXIS2_PLACEMENT_3D('',#2203,#1803,#1804);
#1417=AXIS2_PLACEMENT_3D('',#2206,#1807,#1808);
#1418=AXIS2_PLACEMENT_3D('',#2209,#1811,#1812);
#1419=AXIS2_PLACEMENT_3D('',#2210,#1813,#1814);
#1420=AXIS2_PLACEMENT_3D('',#2214,#1817,#1818);
#1421=AXIS2_PLACEMENT_3D('',#2218,#1821,#1822);
#1422=AXIS2_PLACEMENT_3D('',#2220,#1824,#1825);
#1423=AXIS2_PLACEMENT_3D('',#2222,#1826,#1827);
#1424=AXIS2_PLACEMENT_3D('',#2223,#1828,#1829);
#1425=AXIS2_PLACEMENT_3D('',#2226,#1831,#1832);
#1426=AXIS2_PLACEMENT_3D('',#2227,#1833,#1834);
#1427=AXIS2_PLACEMENT_3D('',#2229,#1836,#1837);
#1428=AXIS2_PLACEMENT_3D('',#2230,#1838,#1839);
#1429=AXIS2_PLACEMENT_3D('',#2231,#1840,#1841);
#1430=DIRECTION('axis',(0.,0.,1.));
#1431=DIRECTION('refdir',(1.,0.,0.));
#1432=DIRECTION('center_axis',(-1.66533437928081E-16,-1.,5.42196402372391E-19));
#1433=DIRECTION('ref_axis',(1.,-1.66533437928081E-16,6.31088724176809E-30));
#1434=DIRECTION('center_axis',(1.66533437928081E-16,1.,-5.42196402372391E-19));
#1435=DIRECTION('ref_axis',(1.,-1.66533437928081E-16,6.31088724176809E-30));
#1436=DIRECTION('center_axis',(-1.66533437928081E-16,-1.,8.18918193332267E-49));
#1437=DIRECTION('ref_axis',(-0.707106781186553,0.,0.707106781186542));
#1438=DIRECTION('',(-1.66533437928081E-16,-1.,8.18918193332267E-49));
#1439=DIRECTION('center_axis',(0.707106781186555,0.70710678118654,0.));
#1440=DIRECTION('ref_axis',(-0.70710678118654,0.707106781186555,4.90653893338674E-17));
#1441=DIRECTION('center_axis',(-3.47715518845144E-33,0.707106781186548,
-0.707106781186547));
#1442=DIRECTION('ref_axis',(1.96261557335472E-16,0.707106781186547,0.707106781186548));
#1443=DIRECTION('',(1.66533437928081E-16,1.,-8.18918193332267E-49));
#1444=DIRECTION('center_axis',(0.707106781186542,-0.707106781186553,-7.85046229341893E-16));
#1445=DIRECTION('ref_axis',(0.707106781186553,0.707106781186542,-7.85046229341904E-16));
#1446=DIRECTION('center_axis',(1.,-1.66533437928081E-16,-4.917440025984E-33));
#1447=DIRECTION('ref_axis',(0.,-0.707106781186547,0.707106781186548));
#1448=DIRECTION('',(-1.,1.66533437928081E-16,4.917440025984E-33));
#1449=DIRECTION('center_axis',(0.707106781186542,0.707106781186553,0.));
#1450=DIRECTION('ref_axis',(-0.707106781186553,0.707106781186542,6.95431037690282E-33));
#1451=DIRECTION('',(1.,-1.66533437928081E-16,-4.917440025984E-33));
#1452=DIRECTION('center_axis',(1.66533437928081E-16,1.,-8.18918193332267E-49));
#1453=DIRECTION('ref_axis',(0.707106781186553,-1.22663473334669E-16,0.707106781186542));
#1454=DIRECTION('',(-1.66533437928081E-16,-1.,8.18918193332267E-49));
#1455=DIRECTION('center_axis',(-3.47715518845144E-33,0.707106781186548,
-0.707106781186547));
#1456=DIRECTION('ref_axis',(2.94392336003208E-16,0.707106781186547,0.707106781186548));
#1457=DIRECTION('center_axis',(-0.707106781186555,0.70710678118654,0.));
#1458=DIRECTION('ref_axis',(0.70710678118654,0.707106781186555,1.47196168001602E-16));
#1459=DIRECTION('',(1.66533437928081E-16,1.,-8.18918193332267E-49));
#1460=DIRECTION('center_axis',(0.707106781186555,-0.70710678118654,0.));
#1461=DIRECTION('ref_axis',(0.,0.,-1.));
#1462=DIRECTION('',(0.577350269189618,0.57735026918963,0.57735026918963));
#1463=DIRECTION('',(0.,0.,-1.));
#1464=DIRECTION('',(0.577350269189618,0.57735026918963,0.57735026918963));
#1465=DIRECTION('',(0.,0.,1.));
#1466=DIRECTION('center_axis',(3.47715518845144E-33,-0.707106781186548,
0.707106781186547));
#1467=DIRECTION('ref_axis',(1.,0.,-4.917440025984E-33));
#1468=DIRECTION('',(-1.,0.,4.917440025984E-33));
#1469=DIRECTION('center_axis',(-3.47715518845144E-33,0.707106781186548,
-0.707106781186547));
#1470=DIRECTION('ref_axis',(4.9065389333868E-17,0.707106781186547,0.707106781186548));
#1471=DIRECTION('',(-0.577350269189618,0.57735026918963,0.57735026918963));
#1472=DIRECTION('',(1.,0.,-4.917440025984E-33));
#1473=DIRECTION('center_axis',(4.917440025984E-33,0.,1.));
#1474=DIRECTION('ref_axis',(1.,0.,-4.917440025984E-33));
#1475=DIRECTION('',(-1.,0.,4.917440025984E-33));
#1476=DIRECTION('',(0.,-1.,0.));
#1477=DIRECTION('',(1.,0.,-4.917440025984E-33));
#1478=DIRECTION('',(1.,0.,-4.917440025984E-33));
#1479=DIRECTION('',(1.,0.,-4.917440025984E-33));
#1480=DIRECTION('',(0.,1.,0.));
#1481=DIRECTION('center_axis',(0.,1.,0.));
#1482=DIRECTION('ref_axis',(0.707106781186527,0.,0.707106781186567));
#1483=DIRECTION('center_axis',(-0.707106781186534,0.707106781186561,0.));
#1484=DIRECTION('ref_axis',(0.707106781186561,0.707106781186534,-4.90653893338689E-17));
#1485=DIRECTION('',(0.,1.,0.));
#1486=DIRECTION('center_axis',(0.,-1.,0.));
#1487=DIRECTION('ref_axis',(1.,0.,0.));
#1488=DIRECTION('center_axis',(-3.47715518845144E-33,0.707106781186548,
-0.707106781186547));
#1489=DIRECTION('ref_axis',(-4.9065389333868E-17,0.707106781186547,0.707106781186548));
#1490=DIRECTION('center_axis',(-1.,0.,0.));
#1491=DIRECTION('ref_axis',(0.,0.,1.));
#1492=DIRECTION('center_axis',(0.,0.,1.));
#1493=DIRECTION('ref_axis',(1.,0.,0.));
#1494=DIRECTION('center_axis',(1.,0.,0.));
#1495=DIRECTION('ref_axis',(0.,0.707106781186548,0.707106781186548));
#1496=DIRECTION('center_axis',(-1.,0.,0.));
#1497=DIRECTION('ref_axis',(0.,0.707106781186548,0.707106781186548));
#1498=DIRECTION('center_axis',(0.,0.,-1.));
#1499=DIRECTION('ref_axis',(0.707106781186528,0.707106781186567,0.));
#1500=DIRECTION('center_axis',(0.,0.,1.));
#1501=DIRECTION('ref_axis',(1.,0.,0.));
#1502=DIRECTION('',(0.,0.,1.));
#1503=DIRECTION('',(0.,0.,-1.));
#1504=DIRECTION('center_axis',(-1.,0.,0.));
#1505=DIRECTION('ref_axis',(0.,0.,1.));
#1506=DIRECTION('center_axis',(0.,0.447213595499958,0.894427190999916));
#1507=DIRECTION('ref_axis',(1.,0.,0.));
#1508=DIRECTION('center_axis',(1.,0.,0.));
#1509=DIRECTION('ref_axis',(0.,0.97324898946773,-0.229752920547361));
#1510=DIRECTION('center_axis',(-1.,0.,0.));
#1511=DIRECTION('ref_axis',(0.,0.97324898946773,-0.229752920547361));
#1512=DIRECTION('center_axis',(0.,-0.447213595499958,-0.894427190999916));
#1513=DIRECTION('ref_axis',(0.707106781186528,0.632455532033694,-0.316227766016847));
#1514=DIRECTION('center_axis',(0.,0.447213595499956,0.894427190999917));
#1515=DIRECTION('ref_axis',(1.,0.,0.));
#1516=DIRECTION('',(0.,0.447213595499958,0.894427190999916));
#1517=DIRECTION('',(0.,-0.447213595499958,-0.894427190999916));
#1518=DIRECTION('center_axis',(-1.,0.,0.));
#1519=DIRECTION('ref_axis',(0.,0.,1.));
#1520=DIRECTION('center_axis',(0.,1.,2.7755575615629E-16));
#1521=DIRECTION('ref_axis',(1.,0.,0.));
#1522=DIRECTION('center_axis',(1.,0.,0.));
#1523=DIRECTION('ref_axis',(0.,0.525731112119134,-0.85065080835204));
#1524=DIRECTION('center_axis',(-1.,0.,0.));
#1525=DIRECTION('ref_axis',(0.,0.525731112119134,-0.85065080835204));
#1526=DIRECTION('center_axis',(0.,1.,0.));
#1527=DIRECTION('ref_axis',(0.707106781186527,0.,-0.707106781186568));
#1528=DIRECTION('center_axis',(0.,0.707106781186548,0.707106781186547));
#1529=DIRECTION('ref_axis',(0.,0.707106781186547,-0.707106781186548));
#1530=DIRECTION('',(0.,1.,0.));
#1531=DIRECTION('',(0.,-1.,0.));
#1532=DIRECTION('center_axis',(-0.707106781186534,0.707106781186561,0.));
#1533=DIRECTION('ref_axis',(0.707106781186561,0.707106781186534,0.));
#1534=DIRECTION('center_axis',(1.,0.,-4.917440025984E-33));
#1535=DIRECTION('ref_axis',(0.,0.707106781186548,0.707106781186548));
#1536=DIRECTION('',(-1.,0.,4.917440025984E-33));
#1537=DIRECTION('center_axis',(1.,-1.42040517710822E-15,3.08690656551585E-30));
#1538=DIRECTION('ref_axis',(0.,0.707106781186548,0.707106781186548));
#1539=DIRECTION('center_axis',(0.,1.,0.));
#1540=DIRECTION('ref_axis',(0.,0.,1.));
#1541=DIRECTION('',(1.,0.,0.));
#1542=DIRECTION('',(-3.08690656551585E-30,0.,1.));
#1543=DIRECTION('center_axis',(1.,0.,0.));
#1544=DIRECTION('ref_axis',(0.,0.97324898946773,-0.229752920547361));
#1545=DIRECTION('',(-1.,0.,0.));
#1546=DIRECTION('center_axis',(1.,-1.42040517710822E-15,3.08690656551585E-30));
#1547=DIRECTION('ref_axis',(0.,0.97324898946773,-0.229752920547361));
#1548=DIRECTION('center_axis',(0.,0.894427190999916,-0.447213595499958));
#1549=DIRECTION('ref_axis',(0.,0.447213595499958,0.894427190999916));
#1550=DIRECTION('',(1.,0.,0.));
#1551=DIRECTION('',(6.35224506321319E-16,0.447213595499958,0.894427190999916));
#1552=DIRECTION('center_axis',(-1.,0.,0.));
#1553=DIRECTION('ref_axis',(0.,0.525731112119133,-0.85065080835204));
#1554=DIRECTION('',(-1.,0.,0.));
#1555=DIRECTION('center_axis',(1.,-1.42040517710822E-15,3.08690656551585E-30));
#1556=DIRECTION('ref_axis',(0.,0.525731112119133,-0.85065080835204));
#1557=DIRECTION('center_axis',(0.,0.,-1.));
#1558=DIRECTION('ref_axis',(-1.,0.,0.));
#1559=DIRECTION('',(1.,0.,0.));
#1560=DIRECTION('',(1.42040517710822E-15,1.,0.));
#1561=DIRECTION('center_axis',(0.,-0.707106781186548,-0.707106781186547));
#1562=DIRECTION('ref_axis',(-1.,0.,0.));
#1563=DIRECTION('',(0.57735026918964,0.577350269189618,-0.577350269189619));
#1564=DIRECTION('',(-1.,0.,0.));
#1565=DIRECTION('',(0.577350269189756,0.577350269189318,-0.577350269189803));
#1566=DIRECTION('center_axis',(-1.,1.42040517710822E-15,-3.08690656551585E-30));
#1567=DIRECTION('ref_axis',(0.,0.,1.));
#1568=DIRECTION('center_axis',(-1.,1.42040517710822E-15,-3.08690656551585E-30));
#1569=DIRECTION('ref_axis',(3.67627911597821E-16,0.258819045102519,0.965925826289069));
#1570=DIRECTION('center_axis',(0.,-0.86602540378444,0.499999999999998));
#1571=DIRECTION('ref_axis',(1.,0.,0.));
#1572=DIRECTION('center_axis',(1.,-1.42040517710822E-15,3.08690656551585E-30));
#1573=DIRECTION('ref_axis',(3.66373598126301E-16,0.258819045102519,0.965925826289069));
#1574=DIRECTION('center_axis',(-1.,1.42040517710822E-15,-3.08690656551585E-30));
#1575=DIRECTION('ref_axis',(0.,0.,1.));
#1576=DIRECTION('center_axis',(0.,0.,1.));
#1577=DIRECTION('ref_axis',(1.,-2.22044604925028E-15,0.));
#1578=DIRECTION('center_axis',(1.,-1.42040517710822E-15,3.08690656551585E-30));
#1579=DIRECTION('ref_axis',(1.22124532708767E-15,0.866025403784438,0.500000000000001));
#1580=DIRECTION('center_axis',(-1.,1.42040517710822E-15,-3.08690656551585E-30));
#1581=DIRECTION('ref_axis',(1.23010696704265E-15,0.866025403784438,0.500000000000001));
#1582=DIRECTION('center_axis',(3.08690656551585E-30,-2.83432381016778E-47,
-1.));
#1583=DIRECTION('ref_axis',(0.707106781186577,0.707106781186518,0.));
#1584=DIRECTION('center_axis',(0.,0.,1.));
#1585=DIRECTION('ref_axis',(1.,-2.22044604925028E-15,0.));
#1586=DIRECTION('',(-3.08690656551585E-30,2.83432381016778E-47,1.));
#1587=DIRECTION('',(3.08690656551585E-30,-2.83432381016778E-47,-1.));
#1588=DIRECTION('center_axis',(-1.,1.42040517710822E-15,-3.08690656551585E-30));
#1589=DIRECTION('ref_axis',(0.,0.,1.));
#1590=DIRECTION('center_axis',(9.93013661298891E-16,0.447213595499956,0.894427190999917));
#1591=DIRECTION('ref_axis',(1.,-2.22044604925028E-15,0.));
#1592=DIRECTION('center_axis',(1.,-1.42040517710822E-15,3.08690656551585E-30));
#1593=DIRECTION('ref_axis',(1.38777878078145E-15,0.97324898946773,-0.22975292054736));
#1594=DIRECTION('center_axis',(-1.,1.42040517710822E-15,-3.08690656551585E-30));
#1595=DIRECTION('ref_axis',(1.38240790325531E-15,0.973248989467731,-0.22975292054736));
#1596=DIRECTION('center_axis',(-6.35224506321316E-16,-0.447213595499956,
-0.894427190999917));
#1597=DIRECTION('ref_axis',(0.707106781186578,0.632455532033649,-0.316227766016823));
#1598=DIRECTION('center_axis',(9.93013661298891E-16,0.447213595499956,0.894427190999917));
#1599=DIRECTION('ref_axis',(1.,-2.22044604925028E-15,0.));
#1600=DIRECTION('',(6.35224506321316E-16,0.447213595499956,0.894427190999917));
#1601=DIRECTION('',(-6.35224506321316E-16,-0.447213595499956,-0.894427190999917));
#1602=DIRECTION('center_axis',(-1.,1.42040517710822E-15,-3.08690656551585E-30));
#1603=DIRECTION('ref_axis',(0.,0.,1.));
#1604=DIRECTION('center_axis',(1.66533453693771E-15,1.,1.80411241501588E-15));
#1605=DIRECTION('ref_axis',(1.,-1.66533453693771E-15,0.));
#1606=DIRECTION('center_axis',(1.,-1.42040517710822E-15,3.08690656551585E-30));
#1607=DIRECTION('ref_axis',(7.40148683083438E-16,0.525731112119136,-0.850650808352039));
#1608=DIRECTION('center_axis',(-1.,1.42040517710822E-15,-3.08690656551585E-30));
#1609=DIRECTION('ref_axis',(7.46751193420885E-16,0.525731112119136,-0.850650808352039));
#1610=DIRECTION('center_axis',(-1.42040517710808E-15,-0.999999999999899,
-4.48876121172866E-7));
#1611=DIRECTION('ref_axis',(0.707106781186578,3.17403348087177E-7,-0.707106781186446));
#1612=DIRECTION('center_axis',(-4.50979297732594E-22,0.707106622484998,
0.707106939888061));
#1613=DIRECTION('ref_axis',(1.81541981280265E-15,0.707106939888062,-0.707106622484998));
#1614=DIRECTION('',(1.42040517710808E-15,0.999999999999899,4.48876121172866E-7));
#1615=DIRECTION('',(-1.42040517710808E-15,-0.999999999999899,-4.48876121172866E-7));
#1616=DIRECTION('center_axis',(-0.707106781186237,0.707106781186858,-2.18277256536458E-30));
#1617=DIRECTION('ref_axis',(0.707106781186715,0.707106781186095,6.34806698578798E-7));
#1618=DIRECTION('center_axis',(-1.,1.42083943871696E-15,0.));
#1619=DIRECTION('ref_axis',(-1.26195892732724E-30,-8.88178419700123E-16,
1.));
#1620=DIRECTION('',(-1.,1.42083943871696E-15,0.));
#1621=DIRECTION('center_axis',(-1.,1.42040517710822E-15,-3.08690656551585E-30));
#1622=DIRECTION('ref_axis',(3.66373598126301E-16,0.258819045102519,0.965925826289069));
#1623=DIRECTION('center_axis',(-1.,1.42083943871696E-15,0.));
#1624=DIRECTION('ref_axis',(7.10419719358476E-16,0.499999999999998,0.86602540378444));
#1625=DIRECTION('',(-1.,1.42083943871696E-15,0.));
#1626=DIRECTION('center_axis',(-1.,1.42040517710822E-15,-3.08690656551585E-30));
#1627=DIRECTION('ref_axis',(1.22124532708767E-15,0.866025403784438,0.500000000000001));
#1628=DIRECTION('center_axis',(1.42083943871696E-15,1.,4.35765535381756E-45));
#1629=DIRECTION('ref_axis',(3.06695833116285E-30,-1.66210686675695E-58,
-1.));
#1630=DIRECTION('',(-1.,1.42083943871696E-15,0.));
#1631=DIRECTION('',(3.08690656551585E-30,-2.83432381016778E-47,-1.));
#1632=DIRECTION('center_axis',(-1.,1.42083943871696E-15,0.));
#1633=DIRECTION('ref_axis',(1.42083943871696E-15,1.,1.1842378929335E-15));
#1634=DIRECTION('',(-1.,1.42083943871696E-15,0.));
#1635=DIRECTION('center_axis',(-1.,1.42040517710822E-15,-3.08690656551585E-30));
#1636=DIRECTION('ref_axis',(1.38777878078145E-15,0.97324898946773,-0.22975292054736));
#1637=DIRECTION('center_axis',(1.27083742803351E-15,0.894427190999917,-0.447213595499956));
#1638=DIRECTION('ref_axis',(-6.35224506321316E-16,-0.447213595499956,-0.894427190999917));
#1639=DIRECTION('',(-1.,1.42083943871696E-15,0.));
#1640=DIRECTION('',(-6.35224506321316E-16,-0.447213595499956,-0.894427190999917));
#1641=DIRECTION('center_axis',(-1.,1.42083943871696E-15,0.));
#1642=DIRECTION('ref_axis',(1.27083742803351E-15,0.894427190999917,-0.447213595499955));
#1643=DIRECTION('',(-1.,1.42083943871696E-15,0.));
#1644=DIRECTION('center_axis',(-1.,1.42040517710822E-15,-3.08690656551585E-30));
#1645=DIRECTION('ref_axis',(7.40148683083438E-16,0.525731112119136,-0.850650808352039));
#1646=DIRECTION('center_axis',(6.37780896060701E-22,4.48876121172866E-7,
-0.999999999999899));
#1647=DIRECTION('ref_axis',(-1.42040517710808E-15,-0.999999999999899,-4.48876121172866E-7));
#1648=DIRECTION('',(1.,0.,6.37780896060765E-22));
#1649=DIRECTION('',(-1.42040517710808E-15,-0.999999999999899,-4.48876121172866E-7));
#1650=DIRECTION('center_axis',(4.50979297732594E-22,-0.707106622484998,
-0.707106939888061));
#1651=DIRECTION('ref_axis',(-1.,0.,-6.37780896060765E-22));
#1652=DIRECTION('',(0.577350355576052,0.577350355575545,-0.577350096417242));
#1653=DIRECTION('',(-1.,0.,-6.37780896060765E-22));
#1654=DIRECTION('',(-0.577350355575984,0.577350355575675,-0.577350096417179));
#1655=DIRECTION('center_axis',(-4.50979297732594E-22,0.707106622484998,
0.707106939888061));
#1656=DIRECTION('ref_axis',(2.20794301557079E-15,0.707106939888061,-0.707106622484998));
#1657=DIRECTION('center_axis',(-1.,1.42040517710822E-15,-3.08690656551585E-30));
#1658=DIRECTION('ref_axis',(0.,0.,1.));
#1659=DIRECTION('center_axis',(-1.92296268638354E-15,-0.86602540378444,
0.499999999999998));
#1660=DIRECTION('ref_axis',(-8.88178419700125E-15,0.499999999999998,0.86602540378444));
#1661=DIRECTION('center_axis',(1.,-1.42040517710822E-15,3.08690656551585E-30));
#1662=DIRECTION('ref_axis',(3.67627911597821E-16,0.258819045102519,0.965925826289069));
#1663=DIRECTION('center_axis',(-1.,1.42040517710822E-15,-3.08690656551585E-30));
#1664=DIRECTION('ref_axis',(0.,0.,1.));
#1665=DIRECTION('center_axis',(0.,0.,1.));
#1666=DIRECTION('ref_axis',(-2.22044604925032E-15,1.,0.));
#1667=DIRECTION('center_axis',(1.,-1.42040517710822E-15,3.08690656551585E-30));
#1668=DIRECTION('ref_axis',(1.23010696704265E-15,0.866025403784438,0.500000000000001));
#1669=DIRECTION('center_axis',(3.08690656551585E-30,-2.83432381016778E-47,
-1.));
#1670=DIRECTION('ref_axis',(-0.707106781186549,0.707106781186546,0.));
#1671=DIRECTION('center_axis',(0.,0.,1.));
#1672=DIRECTION('ref_axis',(-4.44089209850062E-15,1.,0.));
#1673=DIRECTION('',(-3.08690656551585E-30,2.83432381016778E-47,1.));
#1674=DIRECTION('center_axis',(-1.,1.42040517710822E-15,-3.08690656551585E-30));
#1675=DIRECTION('ref_axis',(0.,0.,1.));
#1676=DIRECTION('center_axis',(9.93013661298891E-16,0.447213595499956,0.894427190999917));
#1677=DIRECTION('ref_axis',(-8.88178419700122E-15,0.894427190999917,-0.447213595499956));
#1678=DIRECTION('center_axis',(1.,-1.42040517710822E-15,3.08690656551585E-30));
#1679=DIRECTION('ref_axis',(1.38240790325531E-15,0.973248989467731,-0.22975292054736));
#1680=DIRECTION('center_axis',(-6.35224506321316E-16,-0.447213595499956,
-0.894427190999917));
#1681=DIRECTION('ref_axis',(-0.707106781186551,0.632455532033673,-0.316227766016835));
#1682=DIRECTION('center_axis',(9.93013661298894E-16,0.447213595499956,0.894427190999917));
#1683=DIRECTION('ref_axis',(4.44089209850063E-15,0.894427190999917,-0.447213595499956));
#1684=DIRECTION('',(6.35224506321316E-16,0.447213595499956,0.894427190999917));
#1685=DIRECTION('center_axis',(-1.,1.42040517710822E-15,-3.08690656551585E-30));
#1686=DIRECTION('ref_axis',(0.,0.,1.));
#1687=DIRECTION('center_axis',(1.11022302462513E-15,1.,1.80411241501588E-15));
#1688=DIRECTION('ref_axis',(0.,1.80411241501588E-15,-1.));
#1689=DIRECTION('center_axis',(1.,-1.42040517710822E-15,3.08690656551585E-30));
#1690=DIRECTION('ref_axis',(7.46751193420885E-16,0.525731112119136,-0.850650808352039));
#1691=DIRECTION('center_axis',(-1.42040517710808E-15,-0.999999999999899,
-4.48876121172866E-7));
#1692=DIRECTION('ref_axis',(-0.707106781186554,3.17403350442326E-7,-0.707106781186469));
#1693=DIRECTION('center_axis',(0.707106781186537,0.707106781186558,2.1827725653655E-30));
#1694=DIRECTION('ref_axis',(-0.707106781186416,0.707106781186394,6.34806698676662E-7));
#1695=DIRECTION('',(1.42040517710808E-15,0.999999999999899,4.48876121172866E-7));
#1696=DIRECTION('center_axis',(-1.,1.42040517710822E-15,-3.08690656551585E-30));
#1697=DIRECTION('ref_axis',(-3.08690656551585E-30,2.83345753493361E-47,
1.));
#1698=DIRECTION('',(3.08690656551585E-30,0.,-1.));
#1699=DIRECTION('',(-1.42040517710822E-15,-1.,0.));
#1700=DIRECTION('center_axis',(-1.,1.42040517710822E-15,-3.08690656551585E-30));
#1701=DIRECTION('ref_axis',(0.,0.525731112119133,-0.85065080835204));
#1702=DIRECTION('',(-6.35224506321319E-16,-0.447213595499958,-0.894427190999916));
#1703=DIRECTION('center_axis',(-1.,1.42040517710822E-15,-3.08690656551585E-30));
#1704=DIRECTION('ref_axis',(0.,0.97324898946773,-0.229752920547361));
#1705=DIRECTION('',(3.08690656551585E-30,0.,-1.));
#1706=DIRECTION('center_axis',(-1.,1.42040517710822E-15,-3.08690656551585E-30));
#1707=DIRECTION('ref_axis',(0.,0.707106781186548,0.707106781186548));
#1708=DIRECTION('center_axis',(-0.707106781186537,-0.707106781186558,-2.1827725653655E-30));
#1709=DIRECTION('ref_axis',(-3.08690656551585E-30,0.,1.));
#1710=DIRECTION('',(-3.08690656551585E-30,0.,1.));
#1711=DIRECTION('',(0.57735026918964,-0.577350269189618,0.577350269189619));
#1712=DIRECTION('center_axis',(0.,1.,0.));
#1713=DIRECTION('ref_axis',(-0.707106781186552,0.,-0.707106781186543));
#1714=DIRECTION('center_axis',(0.707106781186555,0.70710678118654,0.));
#1715=DIRECTION('ref_axis',(-0.70710678118654,0.707106781186555,4.90653893338674E-17));
#1716=DIRECTION('',(0.,1.,0.));
#1717=DIRECTION('center_axis',(0.,-1.,0.));
#1718=DIRECTION('ref_axis',(-1.,0.,0.));
#1719=DIRECTION('',(0.,-1.,0.));
#1720=DIRECTION('center_axis',(0.,0.707106781186548,0.707106781186547));
#1721=DIRECTION('ref_axis',(-4.9065389333868E-17,0.707106781186547,-0.707106781186548));
#1722=DIRECTION('center_axis',(1.,0.,0.));
#1723=DIRECTION('ref_axis',(0.,0.,-1.));
#1724=DIRECTION('center_axis',(0.,-0.447213595499958,-0.894427190999916));
#1725=DIRECTION('ref_axis',(-1.,0.,0.));
#1726=DIRECTION('center_axis',(-1.,0.,0.));
#1727=DIRECTION('ref_axis',(0.,0.525731112119133,-0.85065080835204));
#1728=DIRECTION('center_axis',(1.,0.,0.));
#1729=DIRECTION('ref_axis',(0.,0.525731112119133,-0.85065080835204));
#1730=DIRECTION('center_axis',(0.,0.447213595499958,0.894427190999916));
#1731=DIRECTION('ref_axis',(-0.707106781186553,0.632455532033671,-0.316227766016834));
#1732=DIRECTION('center_axis',(0.,-0.44721359549996,-0.894427190999915));
#1733=DIRECTION('ref_axis',(-1.,0.,0.));
#1734=DIRECTION('',(0.,-0.447213595499958,-0.894427190999916));
#1735=DIRECTION('',(0.,0.447213595499958,0.894427190999916));
#1736=DIRECTION('center_axis',(1.,0.,0.));
#1737=DIRECTION('ref_axis',(0.,0.,-1.));
#1738=DIRECTION('center_axis',(0.,0.,-1.));
#1739=DIRECTION('ref_axis',(-1.,0.,0.));
#1740=DIRECTION('center_axis',(-1.,0.,0.));
#1741=DIRECTION('ref_axis',(0.,0.97324898946773,-0.229752920547361));
#1742=DIRECTION('center_axis',(1.,0.,0.));
#1743=DIRECTION('ref_axis',(0.,0.97324898946773,-0.229752920547361));
#1744=DIRECTION('center_axis',(0.,0.,1.));
#1745=DIRECTION('ref_axis',(-0.707106781186547,0.707106781186548,0.));
#1746=DIRECTION('center_axis',(0.,0.,-1.));
#1747=DIRECTION('ref_axis',(-1.,0.,0.));
#1748=DIRECTION('',(0.,0.,-1.));
#1749=DIRECTION('',(0.,0.,1.));
#1750=DIRECTION('center_axis',(1.,0.,0.));
#1751=DIRECTION('ref_axis',(0.,0.,-1.));
#1752=DIRECTION('center_axis',(0.,1.,0.));
#1753=DIRECTION('ref_axis',(-1.,0.,0.));
#1754=DIRECTION('center_axis',(-1.,0.,0.));
#1755=DIRECTION('ref_axis',(0.,0.707106781186548,0.707106781186548));
#1756=DIRECTION('center_axis',(1.,0.,0.));
#1757=DIRECTION('ref_axis',(0.,0.707106781186548,0.707106781186548));
#1758=DIRECTION('center_axis',(0.,1.,0.));
#1759=DIRECTION('ref_axis',(-0.707106781186548,0.,0.707106781186547));
#1760=DIRECTION('',(0.,-1.,0.));
#1761=DIRECTION('center_axis',(0.707106781186555,0.70710678118654,0.));
#1762=DIRECTION('ref_axis',(-0.70710678118654,0.707106781186555,0.));
#1763=DIRECTION('center_axis',(0.,0.,-1.));
#1764=DIRECTION('ref_axis',(-1.,0.,0.));
#1765=DIRECTION('',(-1.,0.,0.));
#1766=DIRECTION('',(1.,0.,0.));
#1767=DIRECTION('center_axis',(-1.,0.,0.));
#1768=DIRECTION('ref_axis',(0.,0.525731112119133,-0.85065080835204));
#1769=DIRECTION('',(1.,0.,0.));
#1770=DIRECTION('center_axis',(0.,0.894427190999916,-0.447213595499958));
#1771=DIRECTION('ref_axis',(0.,0.447213595499958,0.894427190999916));
#1772=DIRECTION('',(-1.,0.,0.));
#1773=DIRECTION('center_axis',(1.,0.,0.));
#1774=DIRECTION('ref_axis',(0.,0.97324898946773,-0.229752920547361));
#1775=DIRECTION('',(1.,0.,0.));
#1776=DIRECTION('center_axis',(0.,1.,0.));
#1777=DIRECTION('ref_axis',(0.,0.,1.));
#1778=DIRECTION('',(-1.,0.,4.917440025984E-33));
#1779=DIRECTION('center_axis',(1.,0.,-4.917440025984E-33));
#1780=DIRECTION('ref_axis',(0.,0.707106781186548,0.707106781186548));
#1781=DIRECTION('center_axis',(0.707106781186237,-0.707106781186858,2.18277256536458E-30));
#1782=DIRECTION('ref_axis',(3.08690656551585E-30,0.,-1.));
#1783=DIRECTION('',(-3.08690656551585E-30,0.,1.));
#1784=DIRECTION('',(3.08690656551585E-30,0.,-1.));
#1785=DIRECTION('center_axis',(0.,-0.707106781186548,-0.707106781186547));
#1786=DIRECTION('ref_axis',(-1.,0.,0.));
#1787=DIRECTION('',(-1.,0.,0.));
#1788=DIRECTION('',(-0.577350269189618,0.57735026918963,-0.57735026918963));
#1789=DIRECTION('center_axis',(3.47715518845144E-33,-0.707106781186548,
0.707106781186547));
#1790=DIRECTION('ref_axis',(1.,0.,-4.917440025984E-33));
#1791=DIRECTION('',(0.577350269189618,-0.57735026918963,-0.57735026918963));
#1792=DIRECTION('',(1.,0.,-4.917440025984E-33));
#1793=DIRECTION('',(0.57735026918964,0.577350269189618,0.577350269189619));
#1794=DIRECTION('center_axis',(-0.707106781186555,-0.70710678118654,0.));
#1795=DIRECTION('ref_axis',(0.,0.,1.));
#1796=DIRECTION('',(0.,0.,1.));
#1797=DIRECTION('',(0.,0.,-1.));
#1798=DIRECTION('center_axis',(-0.707106781186555,-0.70710678118654,0.));
#1799=DIRECTION('ref_axis',(0.,0.,1.));
#1800=DIRECTION('',(0.,0.,-1.));
#1801=DIRECTION('',(0.577350269189618,-0.57735026918963,-0.57735026918963));
#1802=DIRECTION('',(0.,0.,1.));
#1803=DIRECTION('center_axis',(0.,-0.707106781186548,0.707106781186548));
#1804=DIRECTION('ref_axis',(1.,0.,0.));
#1805=DIRECTION('',(-1.,0.,0.));
#1806=DIRECTION('',(1.,0.,0.));
#1807=DIRECTION('center_axis',(0.707106781186534,-0.707106781186561,0.));
#1808=DIRECTION('ref_axis',(0.,0.,-1.));
#1809=DIRECTION('',(0.,0.,-1.));
#1810=DIRECTION('',(0.,0.,1.));
#1811=DIRECTION('center_axis',(-1.,0.,0.));
#1812=DIRECTION('ref_axis',(0.,0.,1.));
#1813=DIRECTION('center_axis',(-1.,1.66533437928081E-16,0.));
#1814=DIRECTION('ref_axis',(1.66533437928081E-16,1.,5.42005770123384E-19));
#1815=DIRECTION('',(1.66533437928081E-16,1.,5.42005770123384E-19));
#1816=DIRECTION('',(0.,0.,-1.));
#1817=DIRECTION('center_axis',(0.,0.,-1.));
#1818=DIRECTION('ref_axis',(-1.,0.,0.));
#1819=DIRECTION('',(-1.66533437928081E-16,-1.,-5.42005770123384E-19));
#1820=DIRECTION('',(1.,-1.66533437928081E-16,3.94430452610506E-30));
#1821=DIRECTION('center_axis',(1.,-1.66533437928081E-16,0.));
#1822=DIRECTION('ref_axis',(-1.66533437928081E-16,-1.,-5.42005770123384E-19));
#1823=DIRECTION('',(0.,0.,-1.));
#1824=DIRECTION('center_axis',(0.,1.,0.));
#1825=DIRECTION('ref_axis',(0.,0.,1.));
#1826=DIRECTION('center_axis',(0.,-1.,0.));
#1827=DIRECTION('ref_axis',(1.,0.,6.31088724176809E-30));
#1828=DIRECTION('center_axis',(0.,-1.,0.));
#1829=DIRECTION('ref_axis',(1.,0.,6.31088724176809E-30));
#1830=DIRECTION('',(0.70710678118654,0.707106781186555,8.65956056235529E-17));
#1831=DIRECTION('center_axis',(0.,1.,0.));
#1832=DIRECTION('ref_axis',(1.,0.,6.31088724176809E-30));
#1833=DIRECTION('center_axis',(0.,1.,0.));
#1834=DIRECTION('ref_axis',(1.,0.,6.31088724176809E-30));
#1835=DIRECTION('',(0.,1.,0.));
#1836=DIRECTION('center_axis',(-1.,1.42040517710822E-15,-3.08690656551585E-30));
#1837=DIRECTION('ref_axis',(-3.08690656551585E-30,2.83345753493361E-47,
1.));
#1838=DIRECTION('center_axis',(1.66533437928081E-16,1.,0.));
#1839=DIRECTION('ref_axis',(1.,-1.66533437928081E-16,3.94430452610506E-30));
#1840=DIRECTION('center_axis',(1.,0.,0.));
#1841=DIRECTION('ref_axis',(0.,0.,-1.));
#1842=CARTESIAN_POINT('',(0.,0.,0.));
#1843=CARTESIAN_POINT('Origin',(19.05,0.272499999999997,-1.05));
#1844=CARTESIAN_POINT('',(18.675,0.272499999999997,-1.05));
#1845=CARTESIAN_POINT('Origin',(19.05,0.272499999999997,-1.05));
#1846=CARTESIAN_POINT('Origin',(20.15,0.262499999999998,-0.2));
#1847=CARTESIAN_POINT('',(20.05,0.5125,-0.2));
#1848=CARTESIAN_POINT('',(20.05,0.0725,-0.2));
#1849=CARTESIAN_POINT('',(20.05,0.262499999999998,-0.2));
#1850=CARTESIAN_POINT('',(20.0792893218813,0.0432106781186534,-0.129289321881346));
#1851=CARTESIAN_POINT('Origin',(20.15,-0.0275000000000053,-0.2));
#1852=CARTESIAN_POINT('',(20.15,0.0725,-0.1));
#1853=CARTESIAN_POINT('Origin',(20.15,-0.0274999999999999,-0.2));
#1854=CARTESIAN_POINT('',(20.15,0.6125,-0.1));
#1855=CARTESIAN_POINT('',(20.15,0.262499999999998,-0.1));
#1856=CARTESIAN_POINT('Origin',(20.15,0.6125,-0.2));
#1857=CARTESIAN_POINT('Origin',(9.025,0.612500000000002,-0.2));
#1858=CARTESIAN_POINT('',(17.95,0.6125,-0.1));
#1859=CARTESIAN_POINT('',(9.025,0.612500000000002,-0.1));
#1860=CARTESIAN_POINT('',(18.05,0.5125,-0.2));
#1861=CARTESIAN_POINT('Origin',(17.95,0.6125,-0.2));
#1862=CARTESIAN_POINT('',(9.025,0.512500000000002,-0.2));
#1863=CARTESIAN_POINT('Origin',(17.95,0.0124999999999986,-0.2));
#1864=CARTESIAN_POINT('',(17.95,0.0725,-0.1));
#1865=CARTESIAN_POINT('',(17.95,0.0124999999999986,-0.1));
#1866=CARTESIAN_POINT('',(18.0207106781187,0.0432106781186545,-0.129289321881347));
#1867=CARTESIAN_POINT('Origin',(17.95,-0.0274999999999999,-0.2));
#1868=CARTESIAN_POINT('',(18.05,0.0725,-0.2));
#1869=CARTESIAN_POINT('Origin',(17.95,-0.0275000000000053,-0.2));
#1870=CARTESIAN_POINT('',(18.05,0.0124999999999986,-0.2));
#1871=CARTESIAN_POINT('Origin',(18.02,0.0425,-0.575));
#1872=CARTESIAN_POINT('',(17.99,0.0125,-0.16));
#1873=CARTESIAN_POINT('',(17.99,0.0125,-0.16));
#1874=CARTESIAN_POINT('',(17.99,0.0125,-0.41));
#1875=CARTESIAN_POINT('',(17.99,0.0125,-0.575));
#1876=CARTESIAN_POINT('',(18.05,0.0725,-0.35));
#1877=CARTESIAN_POINT('',(17.99,0.0125,-0.41));
#1878=CARTESIAN_POINT('',(18.05,0.0725,-0.575));
#1879=CARTESIAN_POINT('Origin',(9.525,0.0425,-0.13));
#1880=CARTESIAN_POINT('',(0.0999999999999996,0.0725,-0.1));
#1881=CARTESIAN_POINT('',(9.525,0.0725,-0.1));
#1882=CARTESIAN_POINT('',(0.0292893218813449,0.0432106781186545,-0.129289321881346));
#1883=CARTESIAN_POINT('Origin',(0.1,-0.0274999999999999,-0.2));
#1884=CARTESIAN_POINT('',(0.0599999999999987,0.0125,-0.16));
#1885=CARTESIAN_POINT('',(0.0599999999999987,0.0125,-0.16));
#1886=CARTESIAN_POINT('',(9.525,0.0125,-0.16));
#1887=CARTESIAN_POINT('Origin',(0.,0.0125,-0.1));
#1888=CARTESIAN_POINT('',(38.,0.0725,-0.1));
#1889=CARTESIAN_POINT('',(9.525,0.0725,-0.1));
#1890=CARTESIAN_POINT('',(38.,0.7125,-0.1));
#1891=CARTESIAN_POINT('',(38.,0.0125,-0.1));
#1892=CARTESIAN_POINT('',(37.,0.7125,-0.1));
#1893=CARTESIAN_POINT('',(9.525,0.7125,-0.1));
#1894=CARTESIAN_POINT('',(1.09999999999999,0.7125,-0.1));
#1895=CARTESIAN_POINT('',(9.525,0.7125,-0.1));
#1896=CARTESIAN_POINT('',(0.0999999999999996,0.7125,-0.1));
#1897=CARTESIAN_POINT('',(9.525,0.7125,-0.1));
#1898=CARTESIAN_POINT('',(0.1,0.0125,-0.1));
#1899=CARTESIAN_POINT('Origin',(38.,0.0125,-0.2));
#1900=CARTESIAN_POINT('',(38.0707106781187,0.0432106781186565,-0.129289321881345));
#1901=CARTESIAN_POINT('',(38.1,0.0725,-0.2));
#1902=CARTESIAN_POINT('Origin',(38.,-0.0274999999999976,-0.2));
#1903=CARTESIAN_POINT('',(38.1,0.7125,-0.2));
#1904=CARTESIAN_POINT('',(38.1,0.0125,-0.2));
#1905=CARTESIAN_POINT('Origin',(38.,0.7125,-0.2));
#1906=CARTESIAN_POINT('Origin',(38.,-0.0274999999999999,-0.2));
#1907=CARTESIAN_POINT('Origin',(38.,0.7125,-0.35));
#1908=CARTESIAN_POINT('',(38.1,0.8625,-0.35));
#1909=CARTESIAN_POINT('',(38.,0.9625,-0.35));
#1910=CARTESIAN_POINT('Origin',(38.,0.8625,-0.35));
#1911=CARTESIAN_POINT('Origin',(38.,0.7125,-0.35));
#1912=CARTESIAN_POINT('Origin',(38.1,0.7125,-0.35));
#1913=CARTESIAN_POINT('Origin',(38.,0.8625,-0.575));
#1914=CARTESIAN_POINT('',(38.1,0.8625,-0.515983005625053));
#1915=CARTESIAN_POINT('',(38.,0.9625,-0.515983005625053));
#1916=CARTESIAN_POINT('Origin',(38.,0.8625,-0.515983005625053));
#1917=CARTESIAN_POINT('',(38.,0.9625,-0.575));
#1918=CARTESIAN_POINT('',(38.1,0.8625,-0.575));
#1919=CARTESIAN_POINT('Origin',(38.,0.7125,-0.515983005625053));
#1920=CARTESIAN_POINT('',(38.1,0.846664078649987,-0.583065044950046));
#1921=CARTESIAN_POINT('',(38.,0.936106797749979,-0.627786404500042));
#1922=CARTESIAN_POINT('Origin',(38.,0.846664078649987,-0.583065044950046));
#1923=CARTESIAN_POINT('Origin',(38.,0.7125,-0.515983005625053));
#1924=CARTESIAN_POINT('Origin',(38.1,0.7125,-0.515983005625053));
#1925=CARTESIAN_POINT('Origin',(38.,0.694932280900008,-0.886528640450004));
#1926=CARTESIAN_POINT('',(38.1,0.229655581462514,-1.81708203932499));
#1927=CARTESIAN_POINT('',(38.,0.319098300562505,-1.86180339887499));
#1928=CARTESIAN_POINT('Origin',(38.,0.229655581462514,-1.81708203932499));
#1929=CARTESIAN_POINT('',(38.,0.784375,-0.93125));
#1930=CARTESIAN_POINT('',(38.1,0.694932280900008,-0.886528640450004));
#1931=CARTESIAN_POINT('Origin',(38.,0.0954915028125263,-1.75));
#1932=CARTESIAN_POINT('',(38.1,0.0954915028125262,-1.9));
#1933=CARTESIAN_POINT('',(38.,0.0954915028125263,-2.));
#1934=CARTESIAN_POINT('Origin',(38.,0.0954915028125262,-1.9));
#1935=CARTESIAN_POINT('Origin',(38.,0.0954915028125263,-1.75));
#1936=CARTESIAN_POINT('Origin',(38.1,0.0954915028125263,-1.75));
#1937=CARTESIAN_POINT('Origin',(38.,0.0125,-1.9));
#1938=CARTESIAN_POINT('',(38.0707106781187,0.0432106781186565,-1.97071067811866));
#1939=CARTESIAN_POINT('',(38.,0.0725,-2.));
#1940=CARTESIAN_POINT('Origin',(38.,-0.0275,-1.9));
#1941=CARTESIAN_POINT('',(38.,0.0125,-2.));
#1942=CARTESIAN_POINT('',(38.1,0.0725,-1.9));
#1943=CARTESIAN_POINT('',(38.1,0.0125,-1.9));
#1944=CARTESIAN_POINT('Origin',(38.,-0.0274999999999976,-1.9));
#1945=CARTESIAN_POINT('Origin',(9.525,0.7125,-0.35));
#1946=CARTESIAN_POINT('',(37.1,0.962499999999945,-0.349999999999998));
#1947=CARTESIAN_POINT('',(9.525,0.9625,-0.35));
#1948=CARTESIAN_POINT('',(37.1,0.926041565040632,-0.22000000000001));
#1949=CARTESIAN_POINT('Origin',(37.1,0.7125,-0.35));
#1950=CARTESIAN_POINT('Ctrl Pts',(37.1,0.926041565040632,-0.22000000000001));
#1951=CARTESIAN_POINT('Ctrl Pts',(37.1,0.919926269367127,-0.209954847624574));
#1952=CARTESIAN_POINT('Ctrl Pts',(37.0988586736128,0.912839082759074,-0.199907988649904));
#1953=CARTESIAN_POINT('Ctrl Pts',(37.0926183228944,0.889904651449564,-0.172348845701823));
#1954=CARTESIAN_POINT('Ctrl Pts',(37.085224403871,0.872069198581701,-0.15591251197587));
#1955=CARTESIAN_POINT('Ctrl Pts',(37.0652196010625,0.830481332052347,-0.128195914635639));
#1956=CARTESIAN_POINT('Ctrl Pts',(37.0534151674259,0.808306076816457,-0.117866680726794));
#1957=CARTESIAN_POINT('Ctrl Pts',(37.0279569554342,0.76191107926477,-0.103684833225476));
#1958=CARTESIAN_POINT('Ctrl Pts',(37.0141401787703,0.737496592058316,-0.100063526800324));
#1959=CARTESIAN_POINT('Ctrl Pts',(37.0002427316686,0.712929093021329,-0.100000276181165));
#1960=CARTESIAN_POINT('Ctrl Pts',(37.0001213658194,0.712714546484765,-0.0999999999999988));
#1961=CARTESIAN_POINT('Ctrl Pts',(37.,0.71249999999991,-0.0999999999999988));
#1962=CARTESIAN_POINT('Origin',(19.05,0.9625,-1.05));
#1963=CARTESIAN_POINT('',(37.1,0.962499999999946,-0.515983005625049));
#1964=CARTESIAN_POINT('',(23.8125,0.9625,-0.515983005625053));
#1965=CARTESIAN_POINT('',(37.1,0.9625,-1.17500000931323));
#1966=CARTESIAN_POINT('Origin',(23.8125,0.7125,-0.515983005625053));
#1967=CARTESIAN_POINT('',(37.1,0.936106797749925,-0.62778640450004));
#1968=CARTESIAN_POINT('',(23.8125,0.936106797749979,-0.627786404500042));
#1969=CARTESIAN_POINT('Origin',(37.1,0.7125,-0.515983005625053));
#1970=CARTESIAN_POINT('Origin',(28.575,0.60625,-1.2875));
#1971=CARTESIAN_POINT('',(37.1,0.319098300562454,-1.86180339887499));
#1972=CARTESIAN_POINT('',(33.3375,0.319098300562505,-1.86180339887499));
#1973=CARTESIAN_POINT('',(37.1,0.616874996274703,-1.26625000745059));
#1974=CARTESIAN_POINT('Origin',(33.3375,0.0954915028125263,-1.75));
#1975=CARTESIAN_POINT('',(37.1,0.0954915028124755,-2.));
#1976=CARTESIAN_POINT('',(33.3375,0.0954915028125263,-2.));
#1977=CARTESIAN_POINT('Origin',(37.1,0.0954915028125263,-1.75));
#1978=CARTESIAN_POINT('Origin',(38.1,0.0125,-2.));
#1979=CARTESIAN_POINT('',(37.1,0.0725,-2.));
#1980=CARTESIAN_POINT('',(28.575,0.0725,-2.));
#1981=CARTESIAN_POINT('',(37.1,0.374999999999975,-2.));
#1982=CARTESIAN_POINT('Origin',(28.575,0.0425,-1.97));
#1983=CARTESIAN_POINT('',(38.04,0.0125,-1.94));
#1984=CARTESIAN_POINT('',(38.04,0.0125,-1.94));
#1985=CARTESIAN_POINT('',(37.04,0.0125,-1.94));
#1986=CARTESIAN_POINT('',(28.575,0.0125,-1.94));
#1987=CARTESIAN_POINT('',(37.04,0.0125,-1.94));
#1988=CARTESIAN_POINT('Origin',(37.,0.712499999999946,-1.35));
#1989=CARTESIAN_POINT('',(37.1,1.28749999999995,-0.354070785647893));
#1990=CARTESIAN_POINT('Origin',(37.1,0.712499999999946,-1.35));
#1991=CARTESIAN_POINT('',(37.,1.33749999999995,-0.267468245269449));
#1992=CARTESIAN_POINT('Origin',(37.,1.28749999999995,-0.354070785647893));
#1993=CARTESIAN_POINT('Origin',(37.,0.712499999999946,-1.35));
#1994=CARTESIAN_POINT('Origin',(37.,1.21249999999995,-0.483974596215559));
#1995=CARTESIAN_POINT('',(37.1,1.36249999999995,-0.483974596215559));
#1996=CARTESIAN_POINT('',(37.,1.46249999999995,-0.483974596215559));
#1997=CARTESIAN_POINT('Origin',(37.,1.36249999999995,-0.483974596215559));
#1998=CARTESIAN_POINT('Origin',(37.,1.21249999999995,-0.483974596215559));
#1999=CARTESIAN_POINT('Origin',(37.1,1.21249999999995,-0.483974596215559));
#2000=CARTESIAN_POINT('Origin',(37.,1.36249999999995,-0.891987307421005));
#2001=CARTESIAN_POINT('',(37.1,1.36249999999995,-0.51598300562505));
#2002=CARTESIAN_POINT('',(37.,1.46249999999995,-0.51598300562505));
#2003=CARTESIAN_POINT('Origin',(37.,1.36249999999995,-0.51598300562505));
#2004=CARTESIAN_POINT('',(37.,1.46249999999995,-0.891987307421005));
#2005=CARTESIAN_POINT('',(37.1,1.36249999999995,-0.891987307421005));
#2006=CARTESIAN_POINT('Origin',(37.,0.712499999999946,-0.515983005625051));
#2007=CARTESIAN_POINT('',(37.1,1.29387767414989,-0.806671842700023));
#2008=CARTESIAN_POINT('',(37.,1.38332039324988,-0.851393202250018));
#2009=CARTESIAN_POINT('Origin',(37.,1.29387767414989,-0.806671842700023));
#2010=CARTESIAN_POINT('Origin',(37.,0.712499999999946,-0.515983005625051));
#2011=CARTESIAN_POINT('Origin',(37.1,0.712499999999946,-0.515983005625051));
#2012=CARTESIAN_POINT('Origin',(37.,1.13957427154961,-1.11527864790058));
#2013=CARTESIAN_POINT('',(37.1,0.676869176962421,-2.04068883707497));
#2014=CARTESIAN_POINT('',(37.,0.766311896062413,-2.08541019662497));
#2015=CARTESIAN_POINT('Origin',(37.,0.676869176962421,-2.04068883707497));
#2016=CARTESIAN_POINT('',(37.,1.2290169906496,-1.16000000745058));
#2017=CARTESIAN_POINT('',(37.1,1.13957427154961,-1.11527864790058));
#2018=CARTESIAN_POINT('Origin',(37.,0.0954915028124751,-1.75));
#2019=CARTESIAN_POINT('',(37.1,0.0954915028124761,-2.4));
#2020=CARTESIAN_POINT('',(37.,0.0954915028124765,-2.5));
#2021=CARTESIAN_POINT('Origin',(37.,0.0954915028124763,-2.4));
#2022=CARTESIAN_POINT('Origin',(37.,0.0954915028124751,-1.75));
#2023=CARTESIAN_POINT('Origin',(37.1,0.0954915028124749,-1.75));
#2024=CARTESIAN_POINT('Origin',(37.,0.416495975844204,-2.39999985590875));
#2025=CARTESIAN_POINT('',(37.0707106781186,0.0432106781186263,-2.47071070158627));
#2026=CARTESIAN_POINT('',(37.,0.0724999999999698,-2.50000001032034));
#2027=CARTESIAN_POINT('Origin',(37.,-0.02749999999999,-2.40000005520794));
#2028=CARTESIAN_POINT('',(37.,0.416496020731816,-2.49999985590874));
#2029=CARTESIAN_POINT('',(37.1,0.0724999999999496,-2.40000001032033));
#2030=CARTESIAN_POINT('',(37.1,0.416495975844204,-2.39999985590875));
#2031=CARTESIAN_POINT('Origin',(37.,-0.0274999999999647,-2.40000005520794));
#2032=CARTESIAN_POINT('Origin',(37.1,0.712499999999946,-1.35));
#2033=CARTESIAN_POINT('',(1.09999999999999,1.3375,-0.267468245269449));
#2034=CARTESIAN_POINT('',(37.1,1.33749999999995,-0.267468245269449));
#2035=CARTESIAN_POINT('Origin',(1.09999999999999,0.712499999999997,-1.35));
#2036=CARTESIAN_POINT('Origin',(37.1,1.21249999999995,-0.483974596215559));
#2037=CARTESIAN_POINT('',(1.09999999999999,1.4625,-0.483974596215559));
#2038=CARTESIAN_POINT('',(37.1,1.46249999999995,-0.483974596215559));
#2039=CARTESIAN_POINT('Origin',(1.09999999999999,1.2125,-0.483974596215559));
#2040=CARTESIAN_POINT('Origin',(37.1,1.46249999999995,-0.483974596215559));
#2041=CARTESIAN_POINT('',(1.09999999999999,1.4625,-0.51598300562505));
#2042=CARTESIAN_POINT('',(37.1,1.46249999999995,-0.51598300562505));
#2043=CARTESIAN_POINT('',(1.09999999999999,1.4625,-0.891987307421005));
#2044=CARTESIAN_POINT('Origin',(37.1,0.712499999999946,-0.515983005625051));
#2045=CARTESIAN_POINT('',(1.09999999999999,1.38332039324993,-0.851393202250018));
#2046=CARTESIAN_POINT('',(37.1,1.38332039324988,-0.851393202250018));
#2047=CARTESIAN_POINT('Origin',(1.09999999999999,0.712499999999997,-0.515983005625051));
#2048=CARTESIAN_POINT('Origin',(37.1,1.38332039324988,-0.851393202250018));
#2049=CARTESIAN_POINT('',(1.09999999999999,0.766311896062464,-2.08541019662497));
#2050=CARTESIAN_POINT('',(37.1,0.766311896062413,-2.08541019662497));
#2051=CARTESIAN_POINT('',(1.09999999999999,1.22901699064966,-1.16000000745058));
#2052=CARTESIAN_POINT('Origin',(37.1,0.0954915028124749,-1.75));
#2053=CARTESIAN_POINT('',(1.09999999999999,0.0954915028125275,-2.5));
#2054=CARTESIAN_POINT('',(37.1,0.0954915028124764,-2.5));
#2055=CARTESIAN_POINT('Origin',(1.09999999999999,0.0954915028125261,-1.75));
#2056=CARTESIAN_POINT('Origin',(37.1,0.0954915028124764,-2.5));
#2057=CARTESIAN_POINT('',(1.09999999999999,0.0724999999999698,-2.50000001032034));
#2058=CARTESIAN_POINT('',(28.075,0.0724999999999698,-2.50000001032034));
#2059=CARTESIAN_POINT('',(1.09999999999999,0.416496020731867,-2.49999985590874));
#2060=CARTESIAN_POINT('Origin',(28.075,0.0424999999999849,-2.47000002378662));
#2061=CARTESIAN_POINT('',(37.04,0.0125,-2.4400000372529));
#2062=CARTESIAN_POINT('',(37.04,0.0125,-2.4400000372529));
#2063=CARTESIAN_POINT('',(1.05999999999999,0.0125,-2.4400000372529));
#2064=CARTESIAN_POINT('',(28.075,0.0125,-2.4400000372529));
#2065=CARTESIAN_POINT('',(1.02928932188134,0.043210678118638,-2.47071070158627));
#2066=CARTESIAN_POINT('',(1.05999999999999,0.0125,-2.4400000372529));
#2067=CARTESIAN_POINT('Origin',(1.09999999999999,-0.0274999999999901,-2.40000005520794));
#2068=CARTESIAN_POINT('Origin',(1.09999999999999,0.712499999999997,-1.35));
#2069=CARTESIAN_POINT('',(0.999999999999993,0.926041565040626,-0.219999999999999));
#2070=CARTESIAN_POINT('Ctrl Pts',(1.09999999999999,0.712499999999995,-0.0999999999999988));
#2071=CARTESIAN_POINT('Ctrl Pts',(1.09987863418053,0.712714546484868,-0.0999999999999988));
#2072=CARTESIAN_POINT('Ctrl Pts',(1.09975726833142,0.712929093021303,-0.100000276181165));
#2073=CARTESIAN_POINT('Ctrl Pts',(1.07854770247174,0.750422740956403,-0.100096806008756));
#2074=CARTESIAN_POINT('Ctrl Pts',(1.05803579581001,0.786651299449258,-0.108520977062868));
#2075=CARTESIAN_POINT('Ctrl Pts',(1.02617948113907,0.847419524513552,-0.137258545251132));
#2076=CARTESIAN_POINT('Ctrl Pts',(1.01454895777028,0.871730273298008,-0.155156650884215));
#2077=CARTESIAN_POINT('Ctrl Pts',(1.00259125034257,0.905443998175183,-0.189805515267582));
#2078=CARTESIAN_POINT('Ctrl Pts',(0.999999999999994,0.916827654374493,-0.20486497766315));
#2079=CARTESIAN_POINT('Ctrl Pts',(0.999999999999994,0.926041565040626,-0.219999999999999));
#2080=CARTESIAN_POINT('',(0.999999999999994,1.2875,-0.354070785647893));
#2081=CARTESIAN_POINT('Origin',(1.1,1.2875,-0.354070785647893));
#2082=CARTESIAN_POINT('Origin',(0.999999999999993,0.712499999999997,-1.35));
#2083=CARTESIAN_POINT('Origin',(1.09999999999999,1.2125,-0.483974596215559));
#2084=CARTESIAN_POINT('',(0.999999999999994,1.3625,-0.483974596215559));
#2085=CARTESIAN_POINT('Origin',(1.09999999999999,1.3625,-0.483974596215559));
#2086=CARTESIAN_POINT('Origin',(0.999999999999994,1.2125,-0.483974596215559));
#2087=CARTESIAN_POINT('Origin',(1.09999999999999,1.3625,-0.891987307421005));
#2088=CARTESIAN_POINT('',(0.999999999999994,1.3625,-0.51598300562505));
#2089=CARTESIAN_POINT('Origin',(1.09999999999999,1.3625,-0.51598300562505));
#2090=CARTESIAN_POINT('',(0.999999999999994,1.3625,-0.891987307421005));
#2091=CARTESIAN_POINT('Origin',(1.09999999999999,0.712499999999997,-0.515983005625051));
#2092=CARTESIAN_POINT('',(0.999999999999994,1.29387767414994,-0.806671842700023));
#2093=CARTESIAN_POINT('Origin',(1.1,1.29387767414994,-0.806671842700023));
#2094=CARTESIAN_POINT('Origin',(0.999999999999993,0.712499999999997,-0.515983005625051));
#2095=CARTESIAN_POINT('Origin',(1.09999999999999,1.13957427154966,-1.11527864790058));
#2096=CARTESIAN_POINT('',(0.999999999999993,0.676869176962473,-2.04068883707497));
#2097=CARTESIAN_POINT('Origin',(1.09999999999999,0.676869176962472,-2.04068883707497));
#2098=CARTESIAN_POINT('',(0.999999999999993,1.13957427154966,-1.11527864790058));
#2099=CARTESIAN_POINT('Origin',(1.09999999999999,0.0954915028125261,-1.75));
#2100=CARTESIAN_POINT('',(0.999999999999992,0.0954915028125274,-2.4));
#2101=CARTESIAN_POINT('Origin',(1.09999999999999,0.0954915028125273,-2.4));
#2102=CARTESIAN_POINT('Origin',(0.999999999999992,0.0954915028125262,-1.75));
#2103=CARTESIAN_POINT('Origin',(1.09999999999999,0.416495975844255,-2.39999985590875));
#2104=CARTESIAN_POINT('',(0.999999999999992,0.0725000000000009,-2.40000001032033));
#2105=CARTESIAN_POINT('Origin',(1.09999999999999,-0.0274999999999976,-2.40000005520794));
#2106=CARTESIAN_POINT('',(0.999999999999992,0.416495975844255,-2.39999985590875));
#2107=CARTESIAN_POINT('Origin',(0.999999999999993,0.737499999999999,-1.30000001862645));
#2108=CARTESIAN_POINT('',(0.999999999999992,0.0725000000000008,-2.));
#2109=CARTESIAN_POINT('',(0.999999999999992,0.0725000000000009,-1.17500000931323));
#2110=CARTESIAN_POINT('',(0.999999999999993,0.0954915028125267,-2.));
#2111=CARTESIAN_POINT('',(0.999999999999993,0.375000000000026,-2.));
#2112=CARTESIAN_POINT('',(0.999999999999993,0.319098300562505,-1.86180339887499));
#2113=CARTESIAN_POINT('Origin',(0.999999999999993,0.0954915028125263,-1.75));
#2114=CARTESIAN_POINT('',(0.999999999999993,0.936106797749976,-0.62778640450004));
#2115=CARTESIAN_POINT('',(0.999999999999993,0.616874996274714,-1.26625000745057));
#2116=CARTESIAN_POINT('',(0.999999999999993,0.962499999999997,-0.515983005625049));
#2117=CARTESIAN_POINT('Origin',(0.999999999999993,0.7125,-0.515983005625053));
#2118=CARTESIAN_POINT('',(0.999999999999993,0.962499999999996,-0.349999999999998));
#2119=CARTESIAN_POINT('',(0.999999999999993,0.9625,-1.17500000931323));
#2120=CARTESIAN_POINT('Origin',(0.999999999999993,0.7125,-0.35));
#2121=CARTESIAN_POINT('Origin',(1.02999999999999,0.0425000000000004,-1.17500000931323));
#2122=CARTESIAN_POINT('',(1.06,0.0125,-1.94));
#2123=CARTESIAN_POINT('',(1.05999999999999,0.0125,-1.17500000931323));
#2124=CARTESIAN_POINT('',(0.999999999999992,0.0725,-2.));
#2125=CARTESIAN_POINT('Origin',(0.100000000000001,0.0125,-1.9));
#2126=CARTESIAN_POINT('',(0.0292893218813457,0.0432106781186537,-1.97071067811865));
#2127=CARTESIAN_POINT('',(0.,0.0725,-1.9));
#2128=CARTESIAN_POINT('Origin',(0.100000000000001,-0.0275000000000035,-1.9));
#2129=CARTESIAN_POINT('',(0.,0.0954915028125263,-1.9));
#2130=CARTESIAN_POINT('',(0.,0.0125,-1.9));
#2131=CARTESIAN_POINT('',(0.100000000000001,0.0954915028125263,-2.));
#2132=CARTESIAN_POINT('Origin',(0.100000000000001,0.0954915028125263,-1.9));
#2133=CARTESIAN_POINT('',(0.100000000000001,0.0725,-2.));
#2134=CARTESIAN_POINT('',(0.100000000000001,0.0125,-2.));
#2135=CARTESIAN_POINT('Origin',(0.100000000000001,-0.0275,-1.9));
#2136=CARTESIAN_POINT('Origin',(0.100000000000001,0.0954915028125263,-1.75));
#2137=CARTESIAN_POINT('',(0.,0.229655581462514,-1.81708203932499));
#2138=CARTESIAN_POINT('',(0.100000000000001,0.319098300562505,-1.86180339887499));
#2139=CARTESIAN_POINT('Origin',(0.100000000000001,0.229655581462514,-1.81708203932499));
#2140=CARTESIAN_POINT('Origin',(0.100000000000001,0.0954915028125263,-1.75));
#2141=CARTESIAN_POINT('Origin',(0.,0.0954915028125263,-1.75));
#2142=CARTESIAN_POINT('Origin',(0.100000000000001,0.314932280900008,-1.64652864045));
#2143=CARTESIAN_POINT('',(0.,0.846664078649987,-0.583065044950046));
#2144=CARTESIAN_POINT('',(0.100000000000001,0.936106797749979,-0.627786404500042));
#2145=CARTESIAN_POINT('Origin',(0.100000000000001,0.846664078649987,-0.583065044950046));
#2146=CARTESIAN_POINT('',(0.100000000000001,0.404375,-1.69125));
#2147=CARTESIAN_POINT('',(0.,0.314932280900008,-1.64652864045));
#2148=CARTESIAN_POINT('Origin',(0.100000000000001,0.7125,-0.515983005625053));
#2149=CARTESIAN_POINT('',(0.,0.8625,-0.515983005625053));
#2150=CARTESIAN_POINT('',(0.100000000000001,0.9625,-0.515983005625053));
#2151=CARTESIAN_POINT('Origin',(0.100000000000001,0.8625,-0.515983005625053));
#2152=CARTESIAN_POINT('Origin',(0.100000000000001,0.7125,-0.515983005625053));
#2153=CARTESIAN_POINT('Origin',(0.,0.7125,-0.515983005625053));
#2154=CARTESIAN_POINT('Origin',(0.0999999999999996,0.8625,-1.525));
#2155=CARTESIAN_POINT('',(0.,0.8625,-0.35));
#2156=CARTESIAN_POINT('',(0.0999999999999996,0.9625,-0.35));
#2157=CARTESIAN_POINT('Origin',(0.0999999999999996,0.8625,-0.35));
#2158=CARTESIAN_POINT('',(0.0999999999999996,0.9625,-1.525));
#2159=CARTESIAN_POINT('',(0.,0.8625,-1.525));
#2160=CARTESIAN_POINT('Origin',(0.0999999999999996,0.7125,-0.35));
#2161=CARTESIAN_POINT('',(0.,0.7125,-0.2));
#2162=CARTESIAN_POINT('Origin',(0.0999999999999996,0.7125,-0.2));
#2163=CARTESIAN_POINT('Origin',(0.0999999999999996,0.7125,-0.35));
#2164=CARTESIAN_POINT('Origin',(0.,0.7125,-0.35));
#2165=CARTESIAN_POINT('Origin',(0.1,0.0125,-0.2));
#2166=CARTESIAN_POINT('',(0.,0.0725,-0.2));
#2167=CARTESIAN_POINT('',(0.,0.0125,-0.2));
#2168=CARTESIAN_POINT('Origin',(0.1,-0.0275000000000021,-0.2));
#2169=CARTESIAN_POINT('Origin',(38.1,0.0125,-2.));
#2170=CARTESIAN_POINT('',(33.3375,0.0954915028125263,-2.));
#2171=CARTESIAN_POINT('',(28.575,0.0725,-2.));
#2172=CARTESIAN_POINT('Origin',(33.3375,0.0954915028125263,-1.75));
#2173=CARTESIAN_POINT('',(33.3375,0.319098300562505,-1.86180339887499));
#2174=CARTESIAN_POINT('Origin',(28.575,0.60625,-1.2875));
#2175=CARTESIAN_POINT('',(23.8125,0.936106797749979,-0.627786404500042));
#2176=CARTESIAN_POINT('Origin',(23.8125,0.7125,-0.515983005625053));
#2177=CARTESIAN_POINT('',(23.8125,0.9625,-0.515983005625053));
#2178=CARTESIAN_POINT('Origin',(19.05,0.9625,-1.05));
#2179=CARTESIAN_POINT('',(9.525,0.9625,-0.35));
#2180=CARTESIAN_POINT('Origin',(9.525,0.7125,-0.35));
#2181=CARTESIAN_POINT('Origin',(37.07,0.0424999999999748,-1.17500000931323));
#2182=CARTESIAN_POINT('',(37.1,0.0724999999999496,-1.17500000931323));
#2183=CARTESIAN_POINT('',(37.04,0.0125,-1.17500000931323));
#2184=CARTESIAN_POINT('Origin',(28.575,0.0425,-1.97));
#2185=CARTESIAN_POINT('',(0.0599999999999987,0.0125,-1.94));
#2186=CARTESIAN_POINT('',(28.575,0.0125,-1.94));
#2187=CARTESIAN_POINT('',(0.0599999999999987,0.0125,-1.94));
#2188=CARTESIAN_POINT('Origin',(9.525,0.0425,-0.13));
#2189=CARTESIAN_POINT('',(20.11,0.0125,-0.16));
#2190=CARTESIAN_POINT('',(20.05,0.0725,-0.1));
#2191=CARTESIAN_POINT('',(38.04,0.0125,-0.16));
#2192=CARTESIAN_POINT('',(9.525,0.0125,-0.16));
#2193=CARTESIAN_POINT('',(38.04,0.0125,-0.16));
#2194=CARTESIAN_POINT('Origin',(0.0299999999999994,0.0425,-1.525));
#2195=CARTESIAN_POINT('',(0.0599999999999987,0.0125,-1.525));
#2196=CARTESIAN_POINT('',(0.,0.0725,-1.525));
#2197=CARTESIAN_POINT('Origin',(20.08,0.0425,-0.575));
#2198=CARTESIAN_POINT('',(20.05,0.0725,-0.35));
#2199=CARTESIAN_POINT('',(20.05,0.0725,-0.575));
#2200=CARTESIAN_POINT('',(20.11,0.0125,-0.41));
#2201=CARTESIAN_POINT('',(20.05,0.0725,-0.35));
#2202=CARTESIAN_POINT('',(20.11,0.0125,-0.575));
#2203=CARTESIAN_POINT('Origin',(19.05,0.0425,-0.38));
#2204=CARTESIAN_POINT('',(19.05,0.0725,-0.35));
#2205=CARTESIAN_POINT('',(19.05,0.0125,-0.41));
#2206=CARTESIAN_POINT('Origin',(38.07,0.0425,-0.575));
#2207=CARTESIAN_POINT('',(38.04,0.0125,-0.575));
#2208=CARTESIAN_POINT('',(38.1,0.0725,-0.575));
#2209=CARTESIAN_POINT('Origin',(0.,0.0125,-2.));
#2210=CARTESIAN_POINT('Origin',(18.05,0.0125000000000001,-0.1));
#2211=CARTESIAN_POINT('',(18.05,0.5125,-0.35));
#2212=CARTESIAN_POINT('',(18.05,0.0125000000000001,-0.35));
#2213=CARTESIAN_POINT('',(18.05,0.5125,-0.1));
#2214=CARTESIAN_POINT('Origin',(19.05,0.2625,-0.35));
#2215=CARTESIAN_POINT('',(20.05,0.5125,-0.35));
#2216=CARTESIAN_POINT('',(20.05,0.0124999999999998,-0.35));
#2217=CARTESIAN_POINT('',(20.05,0.5125,-0.35));
#2218=CARTESIAN_POINT('Origin',(20.05,0.5125,-0.1));
#2219=CARTESIAN_POINT('',(20.05,0.5125,-0.1));
#2220=CARTESIAN_POINT('Origin',(19.05,0.0125,-1.05));
#2221=CARTESIAN_POINT('',(18.615,0.0125,-1.05));
#2222=CARTESIAN_POINT('Origin',(19.05,0.0125,-1.05));
#2223=CARTESIAN_POINT('Origin',(19.05,0.0425,-1.05));
#2224=CARTESIAN_POINT('',(18.675,0.0725,-1.05));
#2225=CARTESIAN_POINT('',(18.645,0.0425,-1.05));
#2226=CARTESIAN_POINT('Origin',(19.05,0.0725,-1.05));
#2227=CARTESIAN_POINT('Origin',(19.05,0.0124999999999968,-1.05));
#2228=CARTESIAN_POINT('',(18.675,0.0124999999999968,-1.05));
#2229=CARTESIAN_POINT('Origin',(37.1,0.737499999999948,-1.30000001862645));
#2230=CARTESIAN_POINT('Origin',(18.05,0.5125,-0.1));
#2231=CARTESIAN_POINT('Origin',(38.1,0.0125,-0.1));
#2232=UNCERTAINTY_MEASURE_WITH_UNIT(LENGTH_MEASURE(0.001),#2236,
'DISTANCE_ACCURACY_VALUE',
'Maximum model space distance between geometric entities at asserted c
onnectivities');
#2233=UNCERTAINTY_MEASURE_WITH_UNIT(LENGTH_MEASURE(0.001),#2236,
'DISTANCE_ACCURACY_VALUE',
'Maximum model space distance between geometric entities at asserted c
onnectivities');
#2234=(
GEOMETRIC_REPRESENTATION_CONTEXT(3)
GLOBAL_UNCERTAINTY_ASSIGNED_CONTEXT((#2232))
GLOBAL_UNIT_ASSIGNED_CONTEXT((#2236,#2238,#2239))
REPRESENTATION_CONTEXT('','3D')
);
#2235=(
GEOMETRIC_REPRESENTATION_CONTEXT(3)
GLOBAL_UNCERTAINTY_ASSIGNED_CONTEXT((#2233))
GLOBAL_UNIT_ASSIGNED_CONTEXT((#2236,#2238,#2239))
REPRESENTATION_CONTEXT('','3D')
);
#2236=(
LENGTH_UNIT()
NAMED_UNIT(*)
SI_UNIT(.CENTI.,.METRE.)
);
#2237=(
LENGTH_UNIT()
NAMED_UNIT(*)
SI_UNIT($,.METRE.)
);
#2238=(
NAMED_UNIT(*)
PLANE_ANGLE_UNIT()
SI_UNIT($,.RADIAN.)
);
#2239=(
NAMED_UNIT(*)
SI_UNIT($,.STERADIAN.)
SOLID_ANGLE_UNIT()
);
#2240=SHAPE_DEFINITION_REPRESENTATION(#2241,#2242);
#2241=PRODUCT_DEFINITION_SHAPE('',$,#2244);
#2242=SHAPE_REPRESENTATION('',(#1275),#2234);
#2243=PRODUCT_DEFINITION_CONTEXT('part definition',#2248,'design');
#2244=PRODUCT_DEFINITION('Rail','Rail v13',#2245,#2243);
#2245=PRODUCT_DEFINITION_FORMATION('',$,#2250);
#2246=PRODUCT_RELATED_PRODUCT_CATEGORY('Rail v13','Rail v13',(#2250));
#2247=APPLICATION_PROTOCOL_DEFINITION('international standard',
'automotive_design',2009,#2248);
#2248=APPLICATION_CONTEXT(
'Core Data for Automotive Mechanical Design Process');
#2249=PRODUCT_CONTEXT('part definition',#2248,'mechanical');
#2250=PRODUCT('Rail','Rail v13',$,(#2249));
#2251=PRESENTATION_STYLE_ASSIGNMENT((#2253));
#2252=PRESENTATION_STYLE_ASSIGNMENT((#2254));
#2253=SURFACE_STYLE_USAGE(.BOTH.,#2255);
#2254=SURFACE_STYLE_USAGE(.BOTH.,#2256);
#2255=SURFACE_SIDE_STYLE('',(#2257));
#2256=SURFACE_SIDE_STYLE('',(#2258));
#2257=SURFACE_STYLE_FILL_AREA(#2259);
#2258=SURFACE_STYLE_FILL_AREA(#2260);
#2259=FILL_AREA_STYLE('Steel - Satin',(#2261));
#2260=FILL_AREA_STYLE('Paint - Metallic (Green)',(#2262));
#2261=FILL_AREA_STYLE_COLOUR('Steel - Satin',#2263);
#2262=FILL_AREA_STYLE_COLOUR('Paint - Metallic (Green)',#2264);
#2263=COLOUR_RGB('Steel - Satin',0.627450980392157,0.627450980392157,0.627450980392157);
#2264=COLOUR_RGB('Paint - Metallic (Green)',0.266666666666667,0.588235294117647,
0.282352941176471);
ENDSEC;
END-ISO-10303-21;
